600519 贵州茅台 日线 前复权
      日期	    开盘	    最高	    最低	    收盘	    成交量	    成交额
2001/08/27	-313.38	-312.80	-313.68	-313.20	40631800	1410347136.00
2001/08/28	-313.30	-312.94	-313.37	-312.97	12964700	463463136.00
2001/08/29	-312.94	-312.94	-313.10	-313.05	5325200	194689616.00
2001/08/30	-313.07	-312.85	-313.12	-312.92	4801300	177558560.00
2001/08/31	-312.91	-312.83	-312.98	-312.94	2323100	86231000.00
2001/09/03	-312.91	-312.84	-312.97	-312.94	2211200	82129440.00
2001/09/04	-312.94	-312.75	-312.96	-312.86	3700600	139204384.00
2001/09/05	-312.83	-312.78	-312.90	-312.86	2606600	97796240.00
2001/09/06	-312.88	-312.86	-313.03	-312.99	2899700	107078400.00
2001/09/07	-313.03	-312.95	-313.18	-313.18	3155200	113868744.00
2001/09/10	-313.23	-312.97	-313.29	-312.99	1887800	68406472.00
2001/09/11	-312.98	-312.95	-313.08	-313.07	1139000	41579696.00
2001/09/12	-313.24	-313.08	-313.24	-313.12	2504500	89421376.00
2001/09/13	-313.12	-313.07	-313.17	-313.14	1098600	39512776.00
2001/09/14	-313.12	-313.03	-313.15	-313.07	767200	27740692.00
2001/09/17	-313.10	-313.07	-313.21	-313.15	898300	32183248.00
2001/09/18	-313.14	-313.02	-313.15	-313.07	1077300	39006064.00
2001/09/19	-313.07	-312.96	-313.11	-312.96	865000	31597368.00
2001/09/20	-312.96	-312.93	-313.03	-313.01	1117300	41189576.00
2001/09/21	-313.07	-313.01	-313.12	-313.11	787900	28638680.00
2001/09/24	-313.11	-313.05	-313.12	-313.11	406800	14703096.00
2001/09/25	-313.07	-313.02	-313.11	-313.08	348800	12639790.00
2001/09/26	-313.10	-313.03	-313.12	-313.10	495600	17892564.00
2001/09/27	-313.10	-312.94	-313.12	-312.99	877800	32085132.00
2001/09/28	-312.96	-312.91	-313.03	-312.93	1708800	63169144.00
2001/10/08	-312.94	-312.91	-313.07	-313.02	655200	24091148.00
2001/10/09	-313.01	-312.85	-313.01	-312.89	955800	35498604.00
2001/10/10	-312.89	-312.86	-313.11	-313.10	1754800	63956752.00
2001/10/11	-313.12	-313.03	-313.18	-313.16	1230600	44319896.00
2001/10/12	-313.14	-313.00	-313.47	-313.12	2001000	70897328.00
2001/10/15	-313.14	-313.12	-313.31	-313.24	975500	34501712.00
2001/10/16	-313.27	-313.15	-313.34	-313.33	831900	29068172.00
2001/10/17	-313.33	-313.33	-313.49	-313.44	1250700	42766284.00
2001/10/18	-313.44	-313.36	-313.49	-313.47	498300	16999064.00
2001/10/19	-313.47	-313.45	-313.65	-313.56	1568700	52422844.00
2001/10/22	-313.60	-313.53	-313.71	-313.69	976000	32268912.00
2001/10/23	-313.12	-313.11	-313.29	-313.11	4059800	145710544.00
2001/10/24	-312.98	-312.98	-313.28	-313.14	4068200	147001104.00
2001/10/25	-313.17	-313.15	-313.32	-313.32	1603600	56527284.00
2001/10/26	-313.35	-313.28	-313.40	-313.30	900200	31280144.00
2001/10/29	-313.32	-313.18	-313.32	-313.24	458700	16205054.00
2001/10/30	-313.25	-313.21	-313.31	-313.30	348400	12214728.00
2001/10/31	-313.30	-313.28	-313.33	-313.29	476200	16633345.00
2001/11/01	-313.29	-313.18	-313.31	-313.20	664300	23511580.00
2001/11/02	-313.25	-313.17	-313.27	-313.23	343500	12189356.00
2001/11/05	-313.30	-313.25	-313.35	-313.31	369000	12879737.00
2001/11/06	-313.33	-313.24	-313.35	-313.27	260900	9138666.00
2001/11/07	-313.30	-313.30	-313.51	-313.50	932500	31791132.00
2001/11/08	-313.59	-313.49	-313.66	-313.53	740200	24682904.00
2001/11/09	-313.53	-313.39	-313.59	-313.45	376000	12737203.00
2001/11/12	-313.40	-313.40	-313.56	-313.55	268300	9088858.00
2001/11/13	-313.60	-313.53	-313.61	-313.54	267300	8965279.00
2001/11/14	-313.54	-313.47	-313.54	-313.54	76900	2599260.00
2001/11/15	-313.54	-313.51	-313.56	-313.53	219300	7378238.00
2001/11/16	-313.08	-313.08	-313.48	-313.46	995400	34600364.00
2001/11/19	-313.45	-313.28	-313.46	-313.29	373400	12950484.00
2001/11/20	-313.26	-313.20	-313.31	-313.23	806900	28559196.00
2001/11/21	-313.21	-313.21	-313.31	-313.26	511400	17957628.00
2001/11/22	-313.26	-313.24	-313.31	-313.28	419800	14713840.00
2001/11/23	-313.29	-313.25	-313.34	-313.30	396000	13866447.00
2001/11/26	-313.30	-313.30	-313.39	-313.37	310000	10749495.00
2001/11/27	-313.37	-313.28	-313.37	-313.30	256900	8954894.00
2001/11/28	-313.29	-313.23	-313.31	-313.29	377300	13256608.00
2001/11/29	-313.29	-313.26	-313.33	-313.33	304600	10658762.00
2001/11/30	-313.33	-313.22	-313.33	-313.24	407000	14292950.00
2001/12/03	-313.23	-313.07	-313.24	-313.09	1603700	57741700.00
2001/12/04	-313.07	-313.07	-313.15	-313.08	689400	24859860.00
2001/12/05	-312.94	-312.94	-313.13	-313.12	1502800	54737512.00
2001/12/06	-313.14	-313.07	-313.15	-313.11	637200	23004768.00
2001/12/07	-313.10	-313.08	-313.15	-313.14	390800	14031912.00
2001/12/10	-313.12	-313.10	-313.17	-313.12	416100	14941666.00
2001/12/11	-313.12	-313.12	-313.19	-313.18	358000	12821499.00
2001/12/12	-313.19	-313.10	-313.19	-313.16	463200	16611472.00
2001/12/13	-313.19	-313.12	-313.26	-313.25	354000	12580276.00
2001/12/14	-313.29	-313.21	-313.29	-313.26	284100	10026619.00
2001/12/17	-313.28	-313.19	-313.29	-313.23	441300	15611050.00
2001/12/18	-313.21	-313.13	-313.28	-313.14	482100	17167382.00
2001/12/19	-313.14	-313.03	-313.18	-313.13	962000	34761228.00
2001/12/20	-313.14	-313.14	-313.36	-313.34	1136200	39988832.00
2001/12/21	-313.35	-313.12	-313.35	-313.14	813500	28861442.00
2001/12/24	-313.12	-312.90	-313.15	-313.04	2725000	99947168.00
2001/12/25	-313.04	-312.99	-313.13	-313.03	1218200	44420024.00
2001/12/26	-313.02	-312.90	-313.10	-312.91	1680900	62127144.00
2001/12/27	-312.90	-312.79	-312.96	-312.88	2328400	87052680.00
2001/12/28	-312.89	-312.83	-312.96	-312.89	1227900	45692304.00
2001/12/31	-312.82	-312.53	-312.86	-312.67	5219500	202281568.00
2002/01/04	-312.64	-312.62	-312.86	-312.84	2910900	111030304.00
2002/01/07	-312.91	-312.85	-313.00	-312.88	1894200	70279720.00
2002/01/08	-312.94	-312.84	-313.03	-313.01	1328600	48947616.00
2002/01/09	-313.03	-312.91	-313.06	-312.96	1060600	38912708.00
2002/01/10	-312.94	-312.87	-313.06	-312.90	1881500	69093752.00
2002/01/11	-312.94	-312.92	-313.12	-313.11	1183400	43306416.00
2002/01/14	-313.17	-313.05	-313.22	-313.10	1871800	67196712.00
2002/01/15	-313.12	-312.93	-313.13	-313.02	1824700	66666864.00
2002/01/16	-313.03	-312.95	-313.23	-313.06	1397400	50700232.00
2002/01/17	-313.08	-313.03	-313.35	-313.29	2418000	85418336.00
2002/01/18	-313.33	-312.96	-313.35	-313.00	3226200	116437264.00
2002/01/21	-313.07	-313.01	-313.19	-313.14	1575500	56764192.00
2002/01/22	-313.15	-312.95	-313.15	-313.04	1348500	49186216.00
2002/01/23	-313.00	-312.83	-313.08	-312.83	2333600	86396944.00
2002/01/24	-312.88	-312.79	-312.98	-312.89	2661500	99483232.00
2002/01/25	-312.90	-312.84	-312.98	-312.92	1394100	51685504.00
2002/01/28	-312.94	-312.89	-313.24	-313.21	2166700	77886072.00
2002/01/29	-313.26	-313.08	-313.30	-313.18	1187200	42283084.00
2002/01/30	-313.19	-313.07	-313.26	-313.19	841900	30030708.00
2002/01/31	-313.12	-312.76	-313.12	-312.83	4082800	152780896.00
2002/02/01	-312.85	-312.77	-312.96	-312.93	1734500	64926556.00
2002/02/04	-312.91	-312.74	-312.94	-312.78	1651000	62395236.00
2002/02/05	-312.78	-312.64	-312.83	-312.78	1119500	42691508.00
2002/02/06	-312.79	-312.74	-312.93	-312.91	966800	36137656.00
2002/02/07	-312.91	-312.78	-312.92	-312.87	668800	25158900.00
2002/02/08	-312.83	-312.73	-312.84	-312.83	1256900	47643920.00
2002/02/26	-312.77	-312.67	-312.86	-312.80	1481500	56234512.00
2002/02/27	-312.79	-312.75	-312.85	-312.78	829000	31387540.00
2002/02/28	-312.76	-312.68	-312.80	-312.76	1250600	47786792.00
2002/03/01	-312.77	-312.74	-312.91	-312.87	742100	27907358.00
2002/03/04	-312.88	-312.75	-312.92	-312.76	522400	19593096.00
2002/03/05	-312.75	-312.57	-312.79	-312.66	2218800	85787000.00
2002/03/06	-312.62	-312.57	-312.76	-312.70	1862000	71904848.00
2002/03/07	-312.73	-312.66	-312.75	-312.67	1361600	52163424.00
2002/03/08	-312.67	-312.45	-312.67	-312.47	3532600	137988816.00
2002/03/11	-312.46	-312.46	-312.57	-312.51	1760600	69191400.00
2002/03/12	-312.51	-312.51	-312.67	-312.67	1725100	66875880.00
2002/03/13	-312.71	-312.62	-312.73	-312.72	779300	29935168.00
2002/03/14	-312.74	-312.64	-312.75	-312.65	638700	24487492.00
2002/03/15	-312.76	-312.60	-312.79	-312.78	1189200	45551720.00
2002/03/18	-312.74	-312.62	-312.78	-312.76	607000	23162182.00
2002/03/19	-312.75	-312.61	-312.76	-312.63	677400	26123110.00
2002/03/20	-312.62	-312.50	-312.64	-312.59	1503100	58767952.00
2002/03/21	-312.53	-312.49	-312.65	-312.60	1503700	58789396.00
2002/03/22	-312.60	-312.59	-312.69	-312.67	797200	30733684.00
2002/03/25	-312.68	-312.60	-312.71	-312.62	431500	16693141.00
2002/03/26	-312.64	-312.62	-312.74	-312.73	623900	23950584.00
2002/03/27	-312.74	-312.68	-312.78	-312.75	499100	19022432.00
2002/03/28	-312.76	-312.71	-312.76	-312.76	529100	20150616.00
2002/03/29	-312.76	-312.75	-312.92	-312.89	1062500	39865324.00
2002/04/01	-312.91	-312.80	-312.92	-312.83	276600	10386559.00
2002/04/02	-312.83	-312.81	-312.97	-312.94	732900	27163340.00
2002/04/03	-312.94	-312.89	-312.97	-312.94	601900	22255856.00
2002/04/04	-312.95	-312.83	-313.03	-312.84	516100	19068024.00
2002/04/05	-312.80	-312.77	-312.92	-312.89	304600	11402145.00
2002/04/08	-312.89	-312.87	-312.95	-312.94	230000	8539346.00
2002/04/09	-312.94	-312.85	-312.96	-312.86	329100	12257478.00
2002/04/10	-312.86	-312.80	-312.91	-312.86	342300	12828309.00
2002/04/11	-312.85	-312.78	-312.87	-312.85	679700	25576044.00
2002/04/12	-312.83	-312.72	-312.85	-312.76	451900	17168808.00
2002/04/15	-312.68	-312.67	-312.83	-312.78	292500	11085699.00
2002/04/16	-312.78	-312.71	-312.78	-312.72	603600	23013458.00
2002/04/17	-312.67	-312.67	-312.97	-312.94	1321900	48993044.00
2002/04/18	-312.94	-312.91	-313.05	-313.05	853800	31299468.00
2002/04/19	-313.05	-313.04	-313.14	-313.08	885400	31912486.00
2002/04/22	-313.12	-313.05	-313.14	-313.09	411300	14831735.00
2002/04/23	-313.09	-313.09	-313.21	-313.20	408822	14622595.00
2002/04/24	-313.21	-313.14	-313.27	-313.25	505088	17876338.00
2002/04/25	-313.28	-313.18	-313.28	-313.21	259676	9206508.00
2002/04/26	-313.21	-313.10	-313.23	-313.12	238123	8537641.00
2002/04/29	-313.08	-312.94	-313.08	-313.06	466521	17015082.00
2002/04/30	-313.03	-313.01	-313.13	-313.08	597847	21592852.00
2002/05/08	-313.06	-313.03	-313.12	-313.07	170000	6152534.00
2002/05/09	-313.12	-313.04	-313.12	-313.11	171221	6186437.00
2002/05/10	-313.11	-313.10	-313.18	-313.18	268850	9625820.00
2002/05/13	-313.20	-313.17	-313.23	-313.23	283074	10033864.00
2002/05/14	-313.23	-313.03	-313.26	-313.21	507003	18159636.00
2002/05/15	-313.18	-313.17	-313.26	-313.24	224430	7948908.00
2002/05/16	-313.25	-313.23	-313.31	-313.30	554983	19465458.00
2002/05/17	-313.32	-313.19	-313.34	-313.29	385968	13508333.00
2002/05/20	-313.30	-313.30	-313.39	-313.38	335369	11623861.00
2002/05/21	-313.20	-313.20	-313.31	-313.29	570700	20081800.00
2002/05/22	-313.28	-313.21	-313.31	-313.29	297406	10442708.00
2002/05/23	-313.14	-313.14	-313.28	-313.26	161990	5705093.00
2002/05/24	-313.29	-313.26	-313.35	-313.32	240735	8401313.00
2002/05/27	-313.30	-313.24	-313.32	-313.28	165326	5801250.00
2002/05/28	-313.26	-313.20	-313.28	-313.27	261490	9258306.00
2002/05/29	-313.26	-313.23	-313.36	-313.34	268474	9340641.00
2002/05/30	-313.32	-313.29	-313.37	-313.32	196225	6813508.00
2002/05/31	-313.30	-313.27	-313.33	-313.31	180610	6326360.00
2002/06/03	-313.31	-313.29	-313.38	-313.31	229022	7966689.00
2002/06/04	-313.31	-313.30	-313.47	-313.39	197600	6831604.00
2002/06/05	-313.39	-313.39	-313.46	-313.41	222475	7636262.00
2002/06/06	-313.41	-313.21	-313.46	-313.30	575740	19928860.00
2002/06/07	-313.33	-313.27	-313.37	-313.31	362216	12686067.00
2002/06/10	-313.30	-313.29	-313.38	-313.36	183253	6371263.00
2002/06/11	-313.34	-313.29	-313.36	-313.33	153920	5368576.00
2002/06/12	-313.33	-313.28	-313.38	-313.28	208220	7240715.00
2002/06/13	-313.28	-313.24	-313.32	-313.31	162300	5701623.00
2002/06/14	-313.31	-313.26	-313.37	-313.36	94700	3289645.00
2002/06/17	-313.38	-313.36	-313.42	-313.36	135800	4678657.00
2002/06/18	-313.35	-313.28	-313.35	-313.30	163600	5721280.00
2002/06/19	-313.31	-313.30	-313.35	-313.34	83300	2900266.00
2002/06/20	-313.30	-313.29	-313.34	-313.32	131900	4609083.00
2002/06/21	-313.30	-313.17	-313.32	-313.21	426600	15107102.00
2002/06/24	-312.58	-312.58	-312.94	-312.73	6125400	234474992.00
2002/06/26	-312.89	-312.87	-313.02	-312.97	1542300	56971880.00
2002/06/27	-312.96	-312.91	-313.01	-312.98	558100	20574560.00
2002/06/28	-312.99	-312.87	-312.99	-312.94	1076300	39735944.00
2002/07/01	-312.93	-312.85	-312.98	-312.98	432000	16032014.00
2002/07/02	-312.98	-312.98	-313.02	-312.99	393500	14439880.00
2002/07/03	-312.99	-312.97	-313.03	-313.00	533300	19520104.00
2002/07/04	-313.00	-312.99	-313.12	-313.11	666900	24199148.00
2002/07/05	-313.11	-313.09	-313.12	-313.09	681500	24596152.00
2002/07/08	-313.09	-313.04	-313.10	-313.09	319200	11563090.00
2002/07/09	-313.09	-313.08	-313.11	-313.10	352300	12721871.00
2002/07/10	-313.10	-313.08	-313.18	-313.17	462200	16561215.00
2002/07/11	-313.18	-313.07	-313.18	-313.13	235700	8471292.00
2002/07/12	-313.12	-313.09	-313.15	-313.11	158800	5724883.00
2002/07/15	-313.12	-313.09	-313.14	-313.13	130800	4708941.00
2002/07/16	-313.18	-313.10	-313.18	-313.14	231600	8339593.00
2002/07/17	-313.13	-313.12	-313.18	-313.14	134200	4803760.00
2002/07/18	-313.11	-313.03	-313.12	-313.08	589300	21394400.00
2002/07/19	-313.05	-313.04	-313.07	-313.05	251600	9151205.00
2002/07/22	-313.00	-312.99	-313.06	-313.05	610300	22267992.00
2002/07/23	-313.04	-313.04	-313.12	-313.07	290100	10500988.00
2002/07/24	-313.07	-313.03	-313.10	-313.05	466300	16952456.00
2002/07/25	-313.04	-313.00	-313.13	-313.09	170000	5497155.00
2002/07/26	-313.06	-313.06	-313.14	-313.13	155800	5017641.00
2002/07/29	-313.12	-313.10	-313.24	-313.21	255748	8122111.00
2002/07/30	-313.22	-313.20	-313.26	-313.25	344596	10878707.00
2002/07/31	-313.25	-313.21	-313.30	-313.29	257985	8116149.00
2002/08/01	-313.30	-313.25	-313.32	-313.30	200089	6261720.00
2002/08/02	-313.29	-313.20	-313.34	-313.27	125388	3927364.00
2002/08/05	-313.26	-313.25	-313.30	-313.29	107812	3381678.00
2002/08/06	-313.29	-313.24	-313.31	-313.27	209237	6575058.00
2002/08/07	-313.27	-313.25	-313.28	-313.27	135579	4259610.00
2002/08/08	-313.27	-313.24	-313.31	-313.29	126460	3969885.00
2002/08/09	-313.31	-313.28	-313.36	-313.35	249020	7741685.00
2002/08/12	-313.39	-313.37	-313.43	-313.43	225050	6900600.00
2002/08/13	-313.41	-313.41	-313.47	-313.43	170413	5204223.00
2002/08/14	-313.35	-313.35	-313.43	-313.35	247246	7621220.00
2002/08/15	-313.35	-313.35	-313.40	-313.40	125955	3886298.00
2002/08/16	-313.45	-313.38	-313.49	-313.39	224098	6857222.00
2002/08/19	-313.39	-313.37	-313.43	-313.42	110896	3407937.00
2002/08/20	-313.43	-313.35	-313.43	-313.37	237211	7316845.00
2002/08/21	-313.35	-313.35	-313.39	-313.37	169451	5229829.00
2002/08/22	-313.35	-313.28	-313.37	-313.31	422034	13173485.00
2002/08/23	-313.32	-313.28	-313.32	-313.30	243141	7592485.00
2002/08/26	-313.32	-313.32	-313.41	-313.40	263149	8109133.00
2002/08/27	-313.40	-313.37	-313.43	-313.38	258441	7938100.00
2002/08/28	-313.37	-313.33	-313.45	-313.44	376582	11550533.00
2002/08/29	-313.44	-313.41	-313.46	-313.45	289937	8846652.00
2002/08/30	-313.44	-313.44	-313.46	-313.45	188668	5751168.00
2002/09/02	-313.46	-313.45	-313.48	-313.47	234130	7119903.00
2002/09/03	-313.47	-313.37	-313.47	-313.42	227701	6981608.00
2002/09/04	-313.42	-313.39	-313.46	-313.43	178869	5457397.00
2002/09/05	-313.44	-313.44	-313.49	-313.49	289369	8795149.00
2002/09/06	-313.48	-313.46	-313.51	-313.48	185962	5634774.00
2002/09/09	-313.49	-313.48	-313.54	-313.53	261390	7873842.00
2002/09/10	-313.55	-313.53	-313.65	-313.62	805712	23941530.00
2002/09/11	-313.65	-313.62	-313.82	-313.72	984529	28552916.00
2002/09/12	-313.74	-313.69	-313.79	-313.73	171659	4984486.00
2002/09/13	-313.74	-313.71	-313.76	-313.71	107173	3119148.00
2002/09/16	-313.72	-313.71	-313.80	-313.80	392351	11280816.00
2002/09/17	-313.79	-313.73	-313.82	-313.76	261349	7538521.00
2002/09/18	-313.74	-313.74	-313.79	-313.77	161606	4660761.00
2002/09/19	-313.78	-313.71	-313.82	-313.74	365015	10478770.00
2002/09/20	-313.75	-313.75	-313.81	-313.79	137298	3949578.00
2002/09/23	-313.80	-313.79	-313.86	-313.85	212110	6061634.00
2002/09/24	-313.86	-313.85	-313.96	-313.94	714854	20063144.00
2002/09/25	-313.94	-313.83	-313.94	-313.88	355709	10075783.00
2002/09/26	-313.87	-313.87	-313.93	-313.93	216807	6093149.00
2002/09/27	-313.91	-313.87	-313.94	-313.90	150545	4234851.00
2002/10/08	-313.91	-313.91	-313.95	-313.92	358977	10069826.00
2002/10/09	-313.94	-313.93	-314.02	-313.99	245871	6822147.00
2002/10/10	-313.99	-313.93	-314.00	-313.98	108767	3018141.00
2002/10/11	-314.00	-313.96	-314.03	-314.02	121705	3366265.00
2002/10/14	-313.96	-313.96	-314.03	-314.01	109529	3024408.00
2002/10/15	-314.01	-313.98	-314.02	-313.98	206594	5710573.00
2002/10/16	-313.98	-313.90	-313.98	-313.95	226133	6327939.00
2002/10/17	-313.95	-313.94	-314.03	-314.02	156480	4336014.00
2002/10/18	-314.03	-314.00	-314.22	-314.17	463533	12464187.00
2002/10/21	-314.17	-314.08	-314.22	-314.16	164605	4391499.00
2002/10/22	-314.14	-314.02	-314.15	-314.06	210571	5735513.00
2002/10/23	-314.04	-314.04	-314.13	-314.11	108078	2938025.00
2002/10/24	-314.11	-314.06	-314.11	-314.11	97060	2637743.00
2002/10/25	-314.11	-314.11	-314.21	-314.20	236812	6346386.00
2002/10/28	-314.21	-314.21	-314.35	-314.33	447153	11679872.00
2002/10/29	-314.23	-314.23	-314.40	-314.29	319869	8294858.00
2002/10/30	-314.28	-314.27	-314.33	-314.32	203557	5323624.00
2002/10/31	-314.32	-314.23	-314.33	-314.31	281730	7375701.00
2002/11/01	-314.31	-314.27	-314.33	-314.28	147119	3830309.00
2002/11/04	-314.28	-314.20	-314.28	-314.20	199503	5271415.00
2002/11/05	-314.19	-314.09	-314.23	-314.15	348538	9402742.00
2002/11/06	-314.14	-314.14	-314.19	-314.19	162265	4344756.00
2002/11/07	-314.18	-314.16	-314.23	-314.20	241652	6446131.00
2002/11/08	-314.09	-314.09	-314.33	-314.31	271756	7151816.00
2002/11/11	-314.30	-314.26	-314.36	-314.33	188282	4915876.00
2002/11/12	-314.32	-314.27	-314.38	-314.37	239589	6207445.00
2002/11/13	-314.37	-314.33	-314.39	-314.33	195368	5035473.00
2002/11/14	-314.33	-314.30	-314.37	-314.36	168832	4380220.00
2002/11/15	-314.37	-314.32	-314.40	-314.36	234901	6065973.00
2002/11/18	-314.37	-314.32	-314.37	-314.33	194719	5049727.00
2002/11/19	-314.33	-314.22	-314.34	-314.24	321819	8450560.00
2002/11/20	-314.23	-314.19	-314.35	-314.26	957938	25196772.00
2002/11/21	-314.28	-314.25	-314.36	-314.35	401953	10494850.00
2002/11/22	-314.33	-314.28	-314.41	-314.34	242925	6292793.00
2002/11/25	-314.34	-314.27	-314.41	-314.29	398796	10418495.00
2002/11/26	-314.27	-314.25	-314.39	-314.38	205454	5354392.00
2002/11/27	-314.41	-314.33	-314.44	-314.40	332091	8506108.00
2002/11/28	-314.39	-314.25	-314.40	-314.27	249203	6508407.00
2002/12/02	-314.23	-314.19	-314.34	-314.33	585087	15455370.00
2002/12/03	-314.34	-314.25	-314.39	-314.25	310385	8113029.00
2002/12/04	-314.31	-314.17	-314.31	-314.24	415100	11045716.00
2002/12/05	-314.25	-314.06	-314.27	-314.11	1302018	35246696.00
2002/12/06	-314.13	-314.09	-314.17	-314.13	374154	10116516.00
2002/12/09	-314.13	-314.11	-314.19	-314.18	290258	7793264.00
2002/12/10	-314.17	-314.15	-314.25	-314.24	261198	6946196.00
2002/12/11	-314.26	-314.24	-314.31	-314.26	254680	6682742.00
2002/12/12	-314.26	-314.21	-314.30	-314.22	398933	10541432.00
2002/12/13	-314.37	-314.18	-314.37	-314.23	222310	5860451.00
2002/12/16	-314.23	-314.14	-314.25	-314.15	797694	21310704.00
2002/12/17	-314.15	-314.11	-314.19	-314.15	292615	7886188.00
2002/12/18	-314.16	-314.14	-314.19	-314.18	202853	5434639.00
2002/12/19	-314.18	-314.17	-314.23	-314.21	231004	6160134.00
2002/12/20	-314.21	-314.14	-314.21	-314.16	162474	4353432.00
2002/12/23	-314.12	-314.11	-314.19	-314.17	198455	5333977.00
2002/12/24	-314.17	-314.14	-314.23	-314.18	84816	2257524.00
2002/12/25	-314.17	-314.17	-314.24	-314.24	148138	3939760.00
2002/12/26	-314.24	-314.23	-314.40	-314.39	514561	13383935.00
2002/12/27	-314.39	-314.33	-314.42	-314.36	339021	8693114.00
2002/12/30	-314.36	-314.36	-314.43	-314.42	300220	7672458.00
2002/12/31	-314.41	-314.37	-314.43	-314.43	164478	4200254.00
2003/01/02	-314.42	-314.42	-314.58	-314.58	356530	8921541.00
2003/01/03	-314.59	-314.53	-314.62	-314.59	174368	4300516.00
2003/01/06	-314.60	-314.54	-314.62	-314.55	98636	2438329.00
2003/01/07	-314.55	-314.53	-314.60	-314.59	145050	3595101.00
2003/01/08	-314.52	-314.46	-314.59	-314.46	176802	4438021.00
2003/01/09	-314.47	-314.39	-314.52	-314.42	260257	6616310.00
2003/01/10	-314.42	-314.35	-314.47	-314.44	234638	6010671.00
2003/01/13	-314.48	-314.42	-314.48	-314.45	140380	3560912.00
2003/01/14	-314.45	-314.19	-314.49	-314.25	958825	25012084.00
2003/01/15	-314.23	-314.10	-314.25	-314.19	1145168	30551168.00
2003/01/16	-314.17	-314.10	-314.20	-314.11	735908	19870062.00
2003/01/17	-314.10	-314.10	-314.20	-314.19	379518	10187340.00
2003/01/20	-314.21	-314.21	-314.28	-314.22	207090	5466246.00
2003/01/21	-314.22	-314.13	-314.23	-314.22	478744	12816356.00
2003/01/22	-314.23	-314.23	-314.27	-314.26	163310	4309306.00
2003/01/23	-314.27	-314.23	-314.27	-314.26	216749	5719869.00
2003/01/24	-314.27	-314.23	-314.27	-314.25	244119	6438339.00
2003/01/27	-314.27	-314.15	-314.27	-314.17	395568	10571327.00
2003/01/28	-314.17	-314.13	-314.19	-314.16	349496	9383544.00
2003/01/29	-314.16	-314.13	-314.18	-314.16	330219	8889672.00
2003/02/10	-314.16	-314.16	-314.23	-314.21	169378	4508037.00
2003/02/11	-314.25	-314.19	-314.25	-314.20	82150	2174401.00
2003/02/12	-314.19	-314.14	-314.23	-314.16	147730	3959442.00
2003/02/13	-314.16	-314.14	-314.20	-314.20	271832	7302546.00
2003/02/14	-314.21	-314.13	-314.21	-314.16	190400	5111392.00
2003/02/17	-314.19	-314.15	-314.23	-314.22	156776	4181515.00
2003/02/18	-314.23	-314.21	-314.25	-314.23	104819	2772836.00
2003/02/19	-314.23	-314.21	-314.24	-314.21	102970	2732606.00
2003/02/20	-314.21	-314.17	-314.22	-314.19	85120	2269016.00
2003/02/21	-314.22	-314.21	-314.29	-314.25	226893	5978463.00
2003/02/24	-314.23	-314.23	-314.29	-314.27	61566	1625901.00
2003/02/25	-314.27	-314.15	-314.27	-314.15	187800	4998648.00
2003/02/26	-314.14	-314.12	-314.19	-314.19	108215	2904654.00
2003/02/27	-314.18	-314.14	-314.22	-314.18	169761	4531823.00
2003/02/28	-314.16	-314.16	-314.21	-314.17	136045	3636053.00
2003/03/03	-314.16	-314.04	-314.16	-314.05	600093	16398104.00
2003/03/04	-314.05	-314.05	-314.12	-314.08	190950	5200922.00
2003/03/05	-314.08	-313.94	-314.11	-313.97	940501	26031534.00
2003/03/06	-313.96	-313.96	-314.07	-314.03	450769	12426005.00
2003/03/07	-314.03	-314.02	-314.09	-314.07	247545	6781984.00
2003/03/10	-314.06	-314.05	-314.16	-314.15	310340	8423721.00
2003/03/11	-314.16	-314.15	-314.22	-314.17	196449	5253243.00
2003/03/12	-314.17	-314.15	-314.21	-314.16	117717	3146322.00
2003/03/13	-314.16	-314.08	-314.16	-314.14	199700	5398370.00
2003/03/14	-314.16	-314.14	-314.19	-314.17	275642	7388968.00
2003/03/17	-314.17	-314.17	-314.23	-314.21	469292	12465705.00
2003/03/18	-314.21	-314.19	-314.30	-314.27	314790	8320204.00
2003/03/19	-314.33	-314.27	-314.35	-314.34	339792	8841844.00
2003/03/20	-314.33	-314.24	-314.35	-314.33	196840	5120173.00
2003/03/21	-314.33	-314.24	-314.33	-314.24	202107	5285370.00
2003/03/24	-314.25	-314.23	-314.29	-314.27	171870	4522748.00
2003/03/25	-314.28	-314.27	-314.35	-314.33	206238	5372767.00
2003/03/26	-314.33	-314.24	-314.42	-314.39	358951	9202596.00
2003/03/27	-314.39	-314.27	-314.44	-314.30	210565	5430724.00
2003/03/28	-314.29	-314.28	-314.33	-314.32	381070	9946659.00
2003/03/31	-314.33	-314.30	-314.33	-314.32	304730	7935303.00
2003/04/01	-314.32	-314.28	-314.33	-314.28	372984	9730810.00
2003/04/02	-314.29	-314.24	-314.30	-314.26	371320	9769605.00
2003/04/03	-314.25	-314.23	-314.28	-314.27	519367	13726384.00
2003/04/04	-314.27	-314.27	-314.34	-314.32	498473	12980379.00
2003/04/07	-314.33	-314.32	-314.41	-314.39	446211	11509954.00
2003/04/08	-314.39	-314.39	-314.45	-314.41	611287	15568085.00
2003/04/09	-314.41	-314.32	-314.45	-314.33	1012300	26059688.00
2003/04/10	-314.33	-314.31	-314.40	-314.34	1078913	27753600.00
2003/04/11	-314.35	-314.23	-314.36	-314.24	2996684	78671200.00
2003/04/14	-314.21	-314.10	-314.21	-314.12	1261241	33863672.00
2003/04/15	-314.11	-314.10	-314.21	-314.14	779783	20927730.00
2003/04/16	-314.14	-314.05	-314.25	-314.23	1701715	45879208.00
2003/04/17	-314.22	-314.19	-314.28	-314.27	759887	20049212.00
2003/04/18	-314.26	-314.17	-314.26	-314.25	533932	14169319.00
2003/04/21	-314.26	-314.25	-314.42	-314.41	1130153	29053506.00
2003/04/22	-314.42	-314.37	-314.43	-314.43	513114	13111434.00
2003/04/23	-314.43	-314.42	-314.52	-314.51	581664	14679641.00
2003/04/24	-314.51	-314.49	-314.58	-314.58	974938	24258560.00
2003/04/25	-314.55	-314.45	-314.56	-314.53	700841	17541876.00
2003/04/28	-314.53	-314.49	-314.62	-314.50	784532	19413812.00
2003/04/29	-314.45	-314.45	-314.62	-314.57	984093	24464578.00
2003/04/30	-314.56	-314.43	-314.58	-314.49	1349900	33816176.00
2003/05/12	-314.48	-314.45	-314.53	-314.53	735100	18413860.00
2003/05/13	-314.52	-314.52	-314.79	-314.78	1523540	36698784.00
2003/05/14	-314.77	-314.72	-314.80	-314.76	934222	22223328.00
2003/05/15	-314.74	-314.60	-314.76	-314.61	1041706	25192950.00
2003/05/16	-314.60	-314.59	-314.70	-314.64	965805	23550104.00
2003/05/19	-314.62	-314.46	-314.62	-314.51	1289908	32321424.00
2003/05/20	-314.52	-314.51	-314.59	-314.57	514816	12771620.00
2003/05/21	-314.57	-314.51	-314.58	-314.58	316358	7874689.00
2003/05/22	-314.60	-314.52	-314.60	-314.54	309946	7672879.00
2003/05/23	-314.54	-314.54	-314.62	-314.58	688996	17042736.00
2003/05/26	-314.58	-314.51	-314.59	-314.56	998501	24833946.00
2003/05/27	-314.55	-314.53	-314.59	-314.55	362268	8973935.00
2003/05/28	-314.52	-314.37	-314.54	-314.49	961797	24413346.00
2003/05/29	-314.50	-314.41	-314.52	-314.45	515602	13025241.00
2003/05/30	-314.38	-314.27	-314.44	-314.30	1818094	47295540.00
2003/06/02	-314.28	-314.28	-314.36	-314.32	625851	16282794.00
2003/06/03	-314.32	-314.30	-314.39	-314.39	553665	14325999.00
2003/06/04	-314.40	-314.37	-314.46	-314.42	399590	10206523.00
2003/06/05	-314.42	-314.33	-314.43	-314.41	679898	17422312.00
2003/06/06	-314.41	-314.41	-314.48	-314.45	359633	9123796.00
2003/06/09	-314.45	-314.43	-314.48	-314.46	243618	6174170.00
2003/06/10	-314.45	-314.40	-314.46	-314.43	162842	4142275.00
2003/06/11	-314.43	-314.40	-314.43	-314.40	301825	7712445.00
2003/06/13	-314.41	-314.35	-314.42	-314.40	320027	8241151.00
2003/06/16	-314.40	-314.40	-314.47	-314.46	201265	5108268.00
2003/06/17	-314.45	-314.44	-314.52	-314.49	299430	7523686.00
2003/06/18	-314.49	-314.43	-314.53	-314.52	318483	8004964.00
2003/06/19	-314.51	-314.47	-314.57	-314.54	326009	8113184.00
2003/06/20	-314.53	-314.48	-314.55	-314.52	167000	4175134.00
2003/06/23	-314.52	-314.38	-314.53	-314.44	781120	19907732.00
2003/06/24	-314.44	-314.41	-314.46	-314.43	169436	4313862.00
2003/06/25	-314.43	-314.35	-314.45	-314.43	420470	10783228.00
2003/06/26	-314.43	-314.40	-314.56	-314.49	447705	11265141.00
2003/06/27	-314.48	-314.44	-314.54	-314.53	271970	6835321.00
2003/06/30	-314.52	-314.50	-314.53	-314.53	352014	8803181.00
2003/07/01	-314.54	-314.46	-314.54	-314.48	488577	12302828.00
2003/07/02	-314.48	-314.48	-314.52	-314.50	133689	3354437.00
2003/07/03	-314.50	-314.47	-314.54	-314.51	287867	7192931.00
2003/07/04	-314.52	-314.50	-314.53	-314.52	219720	5492526.00
2003/07/07	-314.52	-314.51	-314.56	-314.55	166992	4154239.00
2003/07/08	-314.53	-314.49	-314.54	-314.49	227232	5693893.00
2003/07/09	-314.49	-314.49	-314.53	-314.51	148399	3722710.00
2003/07/10	-314.49	-314.38	-314.52	-314.40	628800	16057693.00
2003/07/11	-314.39	-314.35	-314.41	-314.39	576371	14825594.00
2003/07/14	-314.33	-314.21	-314.38	-314.26	867430	20533772.00
2003/07/15	-314.27	-314.17	-314.30	-314.23	663082	15813005.00
2003/07/16	-314.23	-314.17	-314.24	-314.20	765924	18388286.00
2003/07/17	-314.20	-314.10	-314.21	-314.17	997800	24185340.00
2003/07/18	-314.17	-314.15	-314.32	-314.29	962900	23126678.00
2003/07/21	-314.32	-314.26	-314.35	-314.27	711248	16722758.00
2003/07/22	-314.29	-314.22	-314.29	-314.25	310943	7381958.00
2003/07/23	-314.25	-314.22	-314.30	-314.25	559227	13316655.00
2003/07/24	-314.25	-314.25	-314.30	-314.29	145051	3437577.00
2003/07/25	-314.29	-314.27	-314.40	-314.36	287594	6717751.00
2003/07/28	-314.35	-314.34	-314.38	-314.38	188548	4383607.00
2003/07/29	-314.35	-314.32	-314.38	-314.34	130378	3043368.00
2003/07/30	-314.30	-314.30	-314.39	-314.35	273090	6375509.00
2003/07/31	-314.35	-314.35	-314.44	-314.39	224938	5205478.00
2003/08/01	-314.42	-314.40	-314.48	-314.45	325583	7459787.00
2003/08/04	-314.47	-314.45	-314.51	-314.45	270968	6168033.00
2003/08/05	-314.45	-314.41	-314.48	-314.41	193039	4411194.00
2003/08/06	-314.41	-314.38	-314.44	-314.38	228444	5272928.00
2003/08/07	-314.42	-314.40	-314.44	-314.42	75057	1725955.00
2003/08/08	-314.44	-314.41	-314.49	-314.47	186507	4268481.00
2003/08/11	-314.51	-314.47	-314.51	-314.48	99632	2260732.00
2003/08/12	-314.48	-314.40	-314.48	-314.43	75207	1725279.00
2003/08/13	-314.45	-314.42	-314.45	-314.43	180270	4138095.00
2003/08/14	-314.47	-314.43	-314.47	-314.47	190650	4369482.00
2003/08/15	-314.47	-314.45	-314.48	-314.47	92840	2117303.00
2003/08/18	-314.47	-314.45	-314.48	-314.48	89030	2029145.00
2003/08/19	-314.48	-314.45	-314.49	-314.47	114097	2595147.00
2003/08/20	-314.47	-314.47	-314.51	-314.50	86875	1967310.00
2003/08/21	-314.50	-314.47	-314.85	-314.61	454728	9870823.00
2003/08/22	-314.60	-314.55	-314.70	-314.69	386467	8446625.00
2003/08/25	-314.73	-314.72	-314.79	-314.78	234532	5036822.00
2003/08/26	-314.78	-314.75	-314.79	-314.78	100100	2141565.00
2003/08/27	-314.78	-314.43	-314.78	-314.67	424621	9547143.00
2003/08/28	-314.72	-314.65	-314.74	-314.70	144678	3148383.00
2003/08/29	-314.69	-314.68	-314.79	-314.75	275200	5896174.00
2003/09/01	-314.71	-314.67	-314.78	-314.67	495174	10737291.00
2003/09/02	-314.68	-314.53	-314.68	-314.62	720637	15963063.00
2003/09/03	-314.62	-314.58	-314.67	-314.62	116140	2555237.00
2003/09/04	-314.62	-314.59	-314.67	-314.66	124451	2733564.00
2003/09/05	-314.66	-314.66	-314.85	-314.75	581204	12436931.00
2003/09/08	-314.79	-314.75	-314.82	-314.77	181364	3877014.00
2003/09/09	-314.77	-314.75	-314.85	-314.78	356254	7588439.00
2003/09/10	-314.78	-314.67	-314.83	-314.77	204150	4387546.00
2003/09/11	-314.77	-314.75	-314.79	-314.79	100995	2160179.00
2003/09/12	-314.79	-314.79	-314.82	-314.81	280319	5941702.00
2003/09/15	-314.81	-314.78	-314.85	-314.83	264887	5601667.00
2003/09/16	-314.83	-314.79	-314.89	-314.83	181172	3803937.00
2003/09/17	-314.79	-314.78	-314.85	-314.85	678865	14360717.00
2003/09/18	-314.88	-314.84	-314.88	-314.85	119568	2508659.00
2003/09/19	-314.87	-314.83	-314.87	-314.86	383015	8044199.00
2003/09/22	-314.83	-314.83	-314.90	-314.88	118686	2488640.00
2003/09/23	-314.88	-314.85	-314.92	-314.88	95552	1991592.00
2003/09/24	-314.82	-314.81	-314.88	-314.81	228521	4821609.00
2003/09/25	-314.81	-314.81	-314.87	-314.81	213830	4498042.00
2003/09/26	-314.82	-314.77	-314.85	-314.81	265450	5638160.00
2003/09/29	-314.83	-314.81	-314.84	-314.83	188806	3986232.00
2003/09/30	-314.83	-314.77	-314.83	-314.80	144327	3068648.00
2003/10/08	-314.83	-314.79	-314.85	-314.80	85201	1802810.00
2003/10/09	-314.81	-314.79	-314.83	-314.81	113520	2406369.00
2003/10/10	-314.83	-314.72	-314.84	-314.73	133710	2869291.00
2003/10/13	-314.73	-314.70	-314.77	-314.72	161982	3500004.00
2003/10/14	-314.73	-314.70	-314.76	-314.71	179218	3875773.00
2003/10/15	-314.69	-314.67	-314.72	-314.71	116127	2523298.00
2003/10/16	-314.71	-314.69	-314.77	-314.75	149039	3206207.00
2003/10/17	-314.76	-314.75	-314.79	-314.78	82288	1759531.00
2003/10/20	-314.77	-314.75	-314.79	-314.78	92842	1986082.00
2003/10/21	-314.77	-314.74	-314.78	-314.77	66391	1421413.00
2003/10/22	-314.76	-314.67	-314.76	-314.68	216321	4701448.00
2003/10/23	-314.68	-314.66	-314.71	-314.71	225161	4898910.00
2003/10/24	-314.73	-314.72	-314.75	-314.75	97100	2091740.00
2003/10/27	-314.75	-314.75	-314.83	-314.81	365566	7761245.00
2003/10/28	-314.81	-314.72	-314.81	-314.78	298328	6367834.00
2003/10/29	-314.78	-314.64	-314.78	-314.64	708496	15341314.00
2003/10/30	-314.62	-314.58	-314.68	-314.62	930982	20522204.00
2003/10/31	-314.53	-314.53	-314.63	-314.56	578462	12895253.00
2003/11/03	-314.49	-314.46	-314.57	-314.48	487826	11043553.00
2003/11/04	-314.48	-314.30	-314.48	-314.36	1538786	35781200.00
2003/11/05	-314.37	-314.24	-314.39	-314.30	1731226	40944024.00
2003/11/06	-314.28	-314.27	-314.36	-314.33	627370	14718968.00
2003/11/07	-314.36	-314.34	-314.49	-314.44	749701	17267140.00
2003/11/10	-314.42	-314.38	-314.47	-314.41	276093	6335394.00
2003/11/11	-314.41	-314.35	-314.44	-314.37	260167	6018093.00
2003/11/12	-314.42	-314.36	-314.42	-314.42	296058	6839594.00
2003/11/13	-314.43	-314.40	-314.49	-314.46	210393	4796537.00
2003/11/14	-314.47	-314.41	-314.50	-314.42	227357	5200996.00
2003/11/17	-314.41	-314.40	-314.45	-314.43	180028	4141789.00
2003/11/18	-314.42	-314.42	-314.49	-314.48	244993	5590828.00
2003/11/19	-314.48	-314.43	-314.51	-314.44	314682	7192949.00
2003/11/20	-314.46	-314.39	-314.47	-314.41	498785	11467710.00
2003/11/21	-314.34	-314.34	-314.44	-314.43	182592	4207140.00
2003/11/24	-314.41	-314.36	-314.47	-314.37	249784	5751645.00
2003/11/25	-314.36	-314.36	-314.44	-314.38	334901	7752298.00
2003/11/26	-314.42	-314.37	-314.45	-314.38	340195	7832142.00
2003/11/27	-314.41	-314.32	-314.44	-314.41	584705	13553445.00
2003/11/28	-314.41	-314.41	-314.46	-314.43	310480	7138329.00
2003/12/01	-314.36	-314.36	-314.46	-314.42	876473	20159528.00
2003/12/02	-314.38	-314.37	-314.42	-314.39	694387	16075321.00
2003/12/03	-314.37	-314.25	-314.39	-314.31	1357229	31788192.00
2003/12/04	-314.30	-314.28	-314.36	-314.33	816032	19152456.00
2003/12/05	-314.34	-314.23	-314.36	-314.24	2033561	48018184.00
2003/12/08	-314.23	-314.23	-314.30	-314.28	353292	8392000.00
2003/12/09	-314.28	-314.26	-314.33	-314.31	379646	8935849.00
2003/12/10	-314.26	-314.26	-314.31	-314.27	536001	12660246.00
2003/12/11	-314.26	-314.24	-314.32	-314.31	464016	10986759.00
2003/12/12	-314.31	-314.30	-314.33	-314.31	193225	4539656.00
2003/12/15	-314.31	-314.28	-314.33	-314.30	186242	4392702.00
2003/12/16	-314.30	-314.27	-314.38	-314.31	333216	7816685.00
2003/12/17	-314.30	-314.15	-314.30	-314.21	828265	19926940.00
2003/12/18	-314.21	-314.15	-314.25	-314.16	570803	13788180.00
2003/12/19	-314.15	-314.15	-314.25	-314.21	582724	14005567.00
2003/12/22	-314.21	-314.11	-314.27	-314.11	625396	15017997.00
2003/12/23	-314.11	-314.02	-314.15	-314.07	1033364	25513368.00
2003/12/24	-314.06	-313.94	-314.10	-313.95	704315	17578282.00
2003/12/25	-313.95	-313.93	-313.99	-313.98	743141	18686452.00
2003/12/26	-313.99	-313.90	-314.02	-313.93	515311	12938394.00
2003/12/30	-313.96	-313.85	-314.04	-313.89	413823	10461733.00
2003/12/31	-313.89	-313.89	-313.95	-313.91	551077	13951355.00
2004/01/02	-313.99	-313.89	-313.99	-313.95	651376	16401867.00
2004/01/05	-313.97	-313.68	-313.97	-313.69	853975	22096848.00
2004/01/06	-313.67	-313.53	-313.67	-313.57	946736	25293426.00
2004/01/07	-313.59	-313.53	-313.71	-313.58	1133619	30614268.00
2004/01/08	-313.56	-313.46	-313.59	-313.47	860700	23401788.00
2004/01/09	-313.46	-313.46	-313.77	-313.73	882100	23829502.00
2004/01/12	-313.78	-313.65	-313.82	-313.67	649072	16933810.00
2004/01/13	-313.61	-313.42	-313.61	-313.44	1342121	36807000.00
2004/01/14	-313.44	-313.10	-313.49	-313.16	2509574	71681040.00
2004/01/15	-313.24	-313.15	-313.35	-313.29	1017093	29112472.00
2004/01/16	-313.32	-313.17	-313.35	-313.24	740755	21179706.00
2004/01/29	-313.35	-313.13	-313.35	-313.14	535372	15425466.00
2004/01/30	-313.15	-313.12	-313.33	-313.32	778523	22429306.00
2004/02/02	-313.24	-313.06	-313.29	-313.15	3130494	90694936.00
2004/02/03	-313.13	-313.10	-313.20	-313.13	812768	23508436.00
2004/02/04	-313.13	-313.10	-313.18	-313.14	864639	25042786.00
2004/02/05	-313.16	-313.14	-313.33	-313.31	925663	26274156.00
2004/02/06	-313.35	-313.22	-313.42	-313.39	1292587	36392592.00
2004/02/09	-313.38	-313.27	-313.42	-313.32	577836	16136748.00
2004/02/10	-313.31	-313.29	-313.41	-313.40	289139	8054689.00
2004/02/11	-313.35	-313.35	-313.48	-313.43	448803	12391205.00
2004/02/12	-313.42	-313.31	-313.46	-313.43	223103	6196653.00
2004/02/13	-313.41	-313.33	-313.44	-313.37	253139	7068284.00
2004/02/16	-313.37	-313.20	-313.37	-313.21	408151	11599148.00
2004/02/17	-313.19	-313.19	-313.24	-313.23	723631	20708524.00
2004/02/18	-313.23	-313.04	-313.30	-313.12	970385	28085540.00
2004/02/19	-313.11	-313.10	-313.20	-313.18	615535	17792328.00
2004/02/20	-313.22	-313.16	-313.26	-313.19	325602	9294561.00
2004/02/23	-313.15	-313.14	-313.37	-313.35	423426	11943403.00
2004/02/24	-313.38	-313.27	-313.44	-313.30	824540	22993324.00
2004/02/25	-313.30	-313.19	-313.50	-313.50	559568	15651947.00
2004/02/26	-313.48	-313.29	-313.52	-313.30	1031348	28613246.00
2004/02/27	-313.29	-313.26	-313.40	-313.26	443137	12479813.00
2004/03/01	-313.27	-313.23	-313.35	-313.24	293833	8324629.00
2004/03/02	-313.31	-312.62	-313.31	-312.68	2518762	75299464.00
2004/03/03	-312.67	-312.58	-312.84	-312.77	2466123	76280344.00
2004/03/04	-312.80	-312.75	-312.86	-312.81	571829	17429572.00
2004/03/05	-312.79	-312.66	-312.86	-312.79	411731	12628392.00
2004/03/08	-312.79	-312.70	-312.98	-312.90	632755	19124564.00
2004/03/09	-312.90	-312.86	-312.97	-312.94	449214	13474582.00
2004/03/10	-312.98	-312.83	-312.98	-312.85	311677	9368573.00
2004/03/11	-312.92	-312.73	-312.92	-312.73	696695	21204912.00
2004/03/12	-312.49	-312.21	-312.59	-312.34	3785209	123629712.00
2004/03/15	-312.35	-312.17	-312.40	-312.18	1898572	62741208.00
2004/03/16	-312.18	-311.75	-312.25	-311.86	3095761	106413224.00
2004/03/17	-311.89	-311.79	-311.99	-311.86	1341120	46683000.00
2004/03/18	-311.86	-311.78	-311.91	-311.85	1570380	55053860.00
2004/03/19	-311.86	-311.78	-311.93	-311.87	1474395	51625580.00
2004/03/22	-311.84	-311.81	-311.95	-311.95	1020625	35526464.00
2004/03/23	-311.99	-311.95	-312.16	-312.10	1390974	47091720.00
2004/03/24	-312.12	-311.80	-312.15	-311.83	1329574	46222272.00
2004/03/25	-311.88	-311.80	-312.08	-312.05	1493138	51190804.00
2004/03/26	-311.95	-311.87	-312.24	-311.90	1741546	59748600.00
2004/03/29	-311.90	-311.73	-312.02	-312.00	1128175	39480880.00
2004/03/30	-312.02	-311.89	-312.05	-311.90	587654	20288600.00
2004/03/31	-311.91	-311.80	-311.94	-311.84	731013	25543352.00
2004/04/01	-311.89	-311.74	-311.89	-311.76	850421	29966660.00
2004/04/02	-311.77	-311.52	-311.77	-311.57	1881821	67825520.00
2004/04/05	-311.57	-311.33	-311.57	-311.36	1863134	68785080.00
2004/04/06	-311.33	-311.33	-311.44	-311.37	713567	26461490.00
2004/04/07	-311.36	-310.97	-311.36	-311.01	1869220	72038040.00
2004/04/08	-311.01	-310.66	-311.04	-310.67	1591324	63361312.00
2004/04/09	-310.67	-310.67	-310.95	-310.94	3432280	135738048.00
2004/04/12	-311.01	-310.88	-311.14	-311.04	1027224	39974344.00
2004/04/13	-311.01	-310.90	-311.07	-310.95	1552441	60506088.00
2004/04/14	-311.02	-310.99	-311.29	-311.17	1554383	59198320.00
2004/04/15	-311.20	-311.07	-311.24	-311.21	595863	22690028.00
2004/04/16	-311.24	-311.10	-311.33	-311.20	449778	17042488.00
2004/04/19	-311.20	-311.20	-311.46	-311.45	589701	22127812.00
2004/04/20	-311.46	-311.31	-311.56	-311.37	770592	28305520.00
2004/04/21	-311.33	-311.31	-311.59	-311.49	399419	14703155.00
2004/04/22	-311.52	-311.46	-311.59	-311.50	825244	30019962.00
2004/04/23	-311.54	-311.46	-311.59	-311.46	806507	29417712.00
2004/04/26	-311.51	-311.34	-311.54	-311.37	660339	24414408.00
2004/04/27	-311.36	-310.98	-311.36	-311.22	2059748	78913120.00
2004/04/28	-311.22	-311.22	-311.39	-311.30	559678	21005616.00
2004/04/29	-311.10	-311.03	-311.74	-311.49	1738326	62795124.00
2004/04/30	-311.57	-311.31	-311.63	-311.32	1296166	47858160.00
2004/05/10	-311.35	-311.33	-311.72	-311.58	800364	28883860.00
2004/05/11	-311.68	-311.46	-311.68	-311.62	673423	24441916.00
2004/05/12	-311.63	-311.45	-311.63	-311.46	868446	31635698.00
2004/05/13	-311.52	-311.24	-311.52	-311.24	1472022	55043072.00
2004/05/14	-311.23	-311.20	-311.46	-311.32	602882	22432732.00
2004/05/17	-311.36	-311.36	-311.56	-311.47	338903	12486993.00
2004/05/18	-311.47	-311.37	-311.84	-311.58	1938338	70073744.00
2004/05/19	-311.52	-311.39	-311.62	-311.50	480010	17709876.00
2004/05/20	-311.54	-311.49	-311.60	-311.53	249530	9068633.00
2004/05/21	-311.53	-311.48	-311.67	-311.54	129100	4704499.00
2004/05/24	-311.55	-311.52	-311.64	-311.63	156303	5641346.00
2004/05/25	-311.64	-311.52	-311.67	-311.66	514661	18589608.00
2004/05/26	-311.66	-311.60	-311.71	-311.62	277641	10011880.00
2004/05/27	-311.50	-311.42	-311.63	-311.52	375869	13778597.00
2004/05/28	-311.54	-311.42	-311.57	-311.44	195159	7168549.00
2004/06/01	-311.44	-311.32	-311.44	-311.33	363771	13507855.00
2004/06/02	-311.33	-311.33	-311.46	-311.45	238130	8832775.00
2004/06/03	-311.44	-311.36	-311.52	-311.46	78244	2869881.00
2004/06/04	-311.58	-311.44	-311.61	-311.57	207044	7529168.00
2004/06/07	-311.62	-311.53	-311.64	-311.55	245352	8856253.00
2004/06/08	-311.63	-311.53	-311.65	-311.56	335700	12115216.00
2004/06/09	-311.63	-311.55	-311.67	-311.63	472471	17036584.00
2004/06/10	-311.63	-311.57	-312.05	-312.00	2441416	84607736.00
2004/06/11	-312.05	-311.82	-312.05	-311.95	923677	31913342.00
2004/06/14	-312.00	-311.98	-312.23	-312.19	1193222	40393296.00
2004/06/15	-312.20	-312.13	-312.40	-312.15	2148447	70392160.00
2004/06/16	-312.17	-311.92	-312.21	-311.97	662343	22482332.00
2004/06/17	-311.97	-311.97	-312.31	-312.25	1481615	49602584.00
2004/06/18	-312.27	-312.19	-312.45	-312.21	1167068	38053132.00
2004/06/21	-312.32	-312.15	-312.34	-312.17	103422	3441885.00
2004/06/22	-312.15	-312.06	-312.17	-312.06	125447	4238393.00
2004/06/23	-312.07	-312.07	-312.27	-312.23	59593	1987467.00
2004/06/24	-312.23	-312.10	-312.24	-312.23	124164	4133360.00
2004/06/25	-312.18	-311.91	-312.26	-312.10	369681	12619117.00
2004/06/28	-312.17	-311.97	-312.17	-312.03	308020	10476223.00
2004/06/29	-312.03	-312.01	-312.10	-312.04	689080	23479164.00
2004/06/30	-312.04	-312.02	-312.27	-312.09	410281	13952503.00
2004/07/01	-312.31	-311.81	-312.32	-311.83	278162	7361258.00
2004/07/02	-311.81	-311.67	-311.93	-311.69	287337	7731847.00
2004/07/05	-311.76	-311.37	-311.76	-311.39	520229	14545862.00
2004/07/06	-311.35	-311.09	-311.42	-311.42	1635940	47067616.00
2004/07/07	-311.43	-311.19	-311.56	-311.25	1324498	38002932.00
2004/07/08	-311.21	-311.20	-311.34	-311.31	235799	6779704.00
2004/07/09	-311.36	-311.23	-311.36	-311.34	163563	4678105.00
2004/07/12	-311.34	-311.24	-311.45	-311.29	432808	12351574.00
2004/07/13	-311.34	-311.06	-311.34	-311.08	641932	18772252.00
2004/07/14	-311.09	-311.04	-311.20	-311.04	447865	13176396.00
2004/07/15	-311.04	-310.74	-311.04	-310.75	2818618	85455064.00
2004/07/16	-310.75	-310.68	-310.92	-310.76	587664	17947708.00
2004/07/19	-310.76	-310.70	-310.94	-310.77	850801	25718864.00
2004/07/20	-310.79	-310.77	-310.91	-310.78	786877	23908752.00
2004/07/21	-310.78	-310.67	-310.87	-310.68	753375	23041352.00
2004/07/22	-310.70	-310.40	-310.75	-310.71	2793623	87061728.00
2004/07/23	-310.78	-310.50	-310.81	-310.51	1055181	32608304.00
2004/07/26	-310.47	-310.47	-310.84	-310.69	661689	20362836.00
2004/07/27	-310.67	-310.67	-310.98	-310.97	1111274	33370356.00
2004/07/28	-310.74	-310.74	-311.25	-311.07	884660	25861812.00
2004/07/29	-311.12	-311.01	-311.19	-311.02	341364	10010293.00
2004/07/30	-311.06	-310.82	-311.06	-310.90	249072	7475971.00
2004/08/02	-310.91	-310.84	-311.06	-310.99	732758	21734520.00
2004/08/03	-311.06	-310.93	-311.11	-311.09	776010	22860312.00
2004/08/04	-311.15	-310.92	-311.17	-310.95	474149	13978388.00
2004/08/05	-310.98	-310.98	-311.12	-311.05	216903	6399271.00
2004/08/06	-311.09	-310.95	-311.17	-310.98	265717	7857159.00
2004/08/09	-311.06	-310.93	-311.06	-310.93	245738	7317440.00
2004/08/10	-311.00	-310.86	-311.02	-310.88	260996	7820329.00
2004/08/11	-310.92	-310.89	-310.98	-310.93	104278	3119880.00
2004/08/12	-311.05	-310.89	-311.05	-310.90	281838	8383159.00
2004/08/13	-310.95	-310.87	-311.00	-310.89	371948	11134747.00
2004/08/16	-310.95	-310.89	-310.96	-310.96	178329	5336450.00
2004/08/17	-310.97	-310.89	-311.04	-310.92	197053	5905094.00
2004/08/18	-310.86	-310.83	-310.95	-310.89	551093	16624721.00
2004/08/19	-310.92	-310.86	-310.97	-310.94	588962	17653366.00
2004/08/20	-310.94	-310.86	-310.98	-310.93	563068	16868762.00
2004/08/23	-310.98	-310.98	-311.16	-311.14	573309	16839796.00
2004/08/24	-311.20	-311.09	-311.20	-311.10	285989	8339871.00
2004/08/25	-311.06	-311.06	-311.17	-311.07	163089	4768554.00
2004/08/26	-311.14	-311.03	-311.14	-311.05	216110	6353347.00
2004/08/27	-311.06	-311.02	-311.12	-311.07	132490	3898855.00
2004/08/30	-311.14	-311.09	-311.26	-311.21	349173	10126801.00
2004/08/31	-311.12	-310.95	-311.23	-311.15	241383	7032456.00
2004/09/01	-311.19	-311.19	-311.31	-311.31	379803	10907461.00
2004/09/02	-311.35	-311.28	-311.50	-311.29	439983	12428743.00
2004/09/03	-311.34	-311.28	-311.45	-311.29	272964	7734124.00
2004/09/06	-311.39	-311.26	-311.39	-311.28	232713	6677838.00
2004/09/07	-311.21	-311.17	-311.26	-311.20	263540	7621058.00
2004/09/08	-311.18	-311.03	-311.19	-311.05	469634	13766558.00
2004/09/09	-311.05	-310.92	-311.10	-311.02	1020881	30324404.00
2004/09/10	-311.03	-310.98	-311.12	-311.01	220635	6519369.00
2004/09/13	-311.01	-311.01	-311.20	-311.09	324288	9459180.00
2004/09/14	-311.09	-310.92	-311.20	-310.96	612594	18071360.00
2004/09/15	-310.98	-310.59	-311.03	-310.60	1140958	35117696.00
2004/09/16	-310.61	-310.36	-310.64	-310.46	1147161	36213780.00
2004/09/17	-310.43	-310.25	-310.61	-310.28	1319689	42076512.00
2004/09/20	-310.21	-310.08	-310.30	-310.17	1202166	39168092.00
2004/09/21	-310.34	-310.09	-310.34	-310.28	837413	27222818.00
2004/09/22	-310.35	-310.22	-310.35	-310.32	434812	13965168.00
2004/09/23	-310.33	-309.94	-310.33	-309.96	1766748	58219692.00
2004/09/24	-309.91	-309.27	-309.91	-309.67	3098137	108295824.00
2004/09/27	-309.54	-309.25	-309.66	-309.54	606663	21339456.00
2004/09/28	-309.55	-309.25	-309.58	-309.30	674055	23948624.00
2004/09/29	-309.30	-309.19	-309.41	-309.37	1362842	48864988.00
2004/09/30	-309.38	-309.22	-309.65	-309.25	736647	26230672.00
2004/10/08	-309.39	-309.09	-309.52	-309.10	966784	34809244.00
2004/10/11	-309.09	-308.65	-309.09	-308.92	1019776	38270568.00
2004/10/12	-308.99	-308.99	-309.36	-309.23	745222	26810800.00
2004/10/13	-309.32	-309.26	-309.49	-309.33	664517	23571292.00
2004/10/14	-309.33	-309.00	-309.47	-309.42	647914	23199284.00
2004/10/15	-309.52	-309.24	-309.62	-309.42	512154	18189200.00
2004/10/18	-309.44	-309.43	-309.62	-309.56	233687	8190572.00
2004/10/19	-309.58	-309.19	-309.61	-309.25	1058364	37755968.00
2004/10/20	-309.24	-308.82	-309.30	-309.05	1593384	58326644.00
2004/10/21	-309.09	-308.82	-309.30	-308.94	599603	22003540.00
2004/10/22	-308.96	-308.29	-308.96	-308.36	1816145	70151232.00
2004/10/25	-308.26	-308.04	-308.37	-308.28	1560178	61900268.00
2004/10/26	-308.35	-308.16	-308.49	-308.18	497347	19618432.00
2004/10/27	-308.17	-307.96	-308.32	-308.29	1187804	47630068.00
2004/10/28	-308.38	-308.22	-308.51	-308.40	933820	36495904.00
2004/10/29	-308.68	-308.32	-308.68	-308.42	1436314	55678744.00
2004/11/01	-308.52	-308.25	-308.54	-308.30	367318	14302880.00
2004/11/02	-308.40	-308.38	-308.66	-308.38	335602	12926156.00
2004/11/03	-308.40	-308.35	-308.57	-308.42	761586	29484720.00
2004/11/04	-308.52	-308.40	-308.64	-308.60	678567	26198028.00
2004/11/05	-308.67	-308.67	-309.25	-309.10	2599409	95080944.00
2004/11/08	-309.10	-308.96	-309.24	-308.97	358553	13062547.00
2004/11/09	-308.88	-308.60	-308.98	-308.60	731479	27801916.00
2004/11/10	-308.68	-308.17	-308.68	-308.28	1128862	44436008.00
2004/11/11	-308.29	-308.18	-308.46	-308.46	833013	32780356.00
2004/11/12	-308.49	-308.38	-308.61	-308.54	566794	21837428.00
2004/11/15	-308.54	-308.46	-308.80	-308.47	894776	34292416.00
2004/11/16	-308.54	-308.47	-308.68	-308.68	329847	12563653.00
2004/11/17	-308.68	-308.63	-308.77	-308.68	803272	30415916.00
2004/11/18	-308.69	-308.61	-308.81	-308.69	262416	9967008.00
2004/11/19	-308.68	-308.68	-308.77	-308.71	319634	12098840.00
2004/11/22	-308.74	-308.71	-308.94	-308.85	642908	24094050.00
2004/11/23	-308.89	-308.80	-309.02	-309.00	615590	22797432.00
2004/11/24	-309.02	-308.91	-309.10	-309.09	429206	15819097.00
2004/11/25	-309.13	-308.66	-309.13	-308.79	592414	22286272.00
2004/11/26	-308.79	-308.70	-308.88	-308.79	197401	7411584.00
2004/11/29	-308.78	-308.53	-308.80	-308.66	544253	20728652.00
2004/11/30	-308.87	-308.68	-308.96	-308.95	161830	6026605.00
2004/12/01	-308.82	-308.82	-309.02	-308.97	78490	2900938.00
2004/12/02	-308.91	-308.91	-309.10	-308.96	398528	14671547.00
2004/12/03	-309.02	-308.94	-309.08	-309.04	62600	2303971.00
2004/12/06	-308.96	-308.96	-309.10	-309.05	111117	4068796.00
2004/12/07	-309.10	-308.94	-309.10	-309.03	189908	6998528.00
2004/12/08	-308.96	-308.92	-309.10	-309.02	1029083	37575760.00
2004/12/09	-309.02	-308.82	-309.08	-309.08	1134904	41890864.00
2004/12/10	-309.06	-308.96	-309.07	-308.96	89703	3311205.00
2004/12/13	-309.08	-308.91	-309.08	-308.94	220832	8189873.00
2004/12/14	-308.96	-308.94	-309.03	-309.03	124544	4601617.00
2004/12/15	-309.08	-308.94	-309.10	-309.10	1096973	40055480.00
2004/12/16	-309.10	-309.00	-309.16	-309.03	1150003	42361520.00
2004/12/17	-309.10	-309.09	-309.22	-309.19	104903	3805636.00
2004/12/20	-309.24	-309.10	-309.57	-309.55	245930	8749161.00
2004/12/21	-309.52	-309.41	-309.62	-309.60	219868	7700170.00
2004/12/22	-309.61	-309.42	-309.75	-309.44	316854	11055083.00
2004/12/23	-309.44	-309.31	-309.47	-309.47	688348	24351860.00
2004/12/24	-309.52	-309.29	-309.52	-309.38	446959	15920008.00
2004/12/27	-309.38	-309.22	-309.38	-309.24	157084	5614076.00
2004/12/28	-309.38	-308.98	-309.38	-309.06	292412	10655265.00
2004/12/29	-308.97	-308.83	-309.06	-308.89	565478	21025180.00
2004/12/30	-308.99	-308.89	-309.15	-309.02	334500	12358921.00
2004/12/31	-309.05	-308.77	-309.22	-309.06	586990	21514898.00
2005/01/04	-309.13	-309.02	-309.24	-309.12	234881	8566179.00
2005/01/05	-309.13	-308.89	-309.18	-308.90	613933	22582400.00
2005/01/06	-308.96	-308.94	-309.10	-309.08	552372	20282548.00
2005/01/07	-309.10	-308.91	-309.10	-308.99	300274	11115440.00
2005/01/10	-308.99	-308.60	-308.99	-308.61	1071811	40597724.00
2005/01/11	-308.61	-308.52	-308.63	-308.60	500356	19240404.00
2005/01/12	-308.61	-308.56	-308.72	-308.57	338903	12949338.00
2005/01/13	-308.66	-308.45	-308.66	-308.51	288383	11159242.00
2005/01/14	-308.56	-308.49	-308.77	-308.71	333847	12691131.00
2005/01/17	-308.84	-308.63	-308.93	-308.71	181239	6845213.00
2005/01/18	-308.71	-308.54	-308.77	-308.54	263820	10016326.00
2005/01/19	-308.68	-308.44	-308.71	-308.71	265200	10180585.00
2005/01/20	-308.73	-308.69	-308.82	-308.71	97405	3670093.00
2005/01/21	-308.80	-308.68	-309.10	-308.71	317736	11879307.00
2005/01/24	-308.70	-308.52	-308.77	-308.61	417340	15943177.00
2005/01/25	-308.54	-308.26	-308.64	-308.30	581665	22704868.00
2005/01/26	-308.28	-308.18	-308.41	-308.30	373498	14767520.00
2005/01/27	-308.38	-308.28	-308.38	-308.34	102162	4007784.00
2005/01/28	-308.34	-308.34	-308.51	-308.38	134123	5226481.00
2005/01/31	-308.52	-308.29	-308.52	-308.30	116507	4552532.00
2005/02/01	-308.40	-308.32	-308.50	-308.40	400260	15598247.00
2005/02/02	-308.43	-308.13	-308.43	-308.17	537817	21280024.00
2005/02/03	-308.17	-308.17	-308.40	-308.31	444264	17455936.00
2005/02/04	-308.30	-308.17	-308.40	-308.22	400838	15785371.00
2005/02/16	-308.13	-308.13	-308.24	-308.18	444063	17660778.00
2005/02/17	-308.14	-308.14	-308.46	-308.40	1159168	45296880.00
2005/02/18	-308.44	-308.32	-308.44	-308.33	959549	37550336.00
2005/02/21	-308.33	-307.99	-308.33	-308.04	1062998	42401500.00
2005/02/22	-308.04	-307.99	-308.13	-308.02	562902	22687068.00
2005/02/23	-307.99	-307.71	-308.08	-307.73	564706	23056176.00
2005/02/24	-307.76	-307.24	-307.84	-307.29	944726	40046104.00
2005/02/25	-307.22	-307.22	-307.42	-307.29	599053	25777148.00
2005/02/28	-307.29	-306.93	-307.38	-307.15	448344	19453352.00
2005/03/01	-307.04	-307.04	-307.34	-307.16	550609	23670512.00
2005/03/02	-307.32	-307.18	-307.43	-307.42	1139674	48820912.00
2005/03/03	-307.49	-307.29	-307.51	-307.35	342985	14586728.00
2005/03/04	-307.45	-307.17	-307.45	-307.23	436496	18804824.00
2005/03/07	-307.22	-306.73	-307.22	-306.83	1022284	45290496.00
2005/03/08	-306.73	-306.62	-306.92	-306.65	658554	29575338.00
2005/03/09	-306.56	-306.23	-306.64	-306.43	471303	21694338.00
2005/03/10	-306.17	-306.17	-306.92	-306.55	472621	21498740.00
2005/03/11	-306.56	-306.23	-306.81	-306.34	936231	42521284.00
2005/03/14	-306.50	-305.64	-306.56	-306.08	1037897	48987452.00
2005/03/15	-306.08	-306.01	-306.28	-306.20	578303	27220784.00
2005/03/16	-306.31	-306.17	-306.46	-306.20	682964	31720440.00
2005/03/17	-306.25	-305.81	-306.39	-306.03	501569	23726912.00
2005/03/18	-306.03	-306.00	-306.31	-306.13	240549	11319532.00
2005/03/21	-306.17	-306.04	-306.45	-306.17	270126	12692125.00
2005/03/22	-306.17	-305.50	-306.22	-305.67	1225920	59468832.00
2005/03/23	-305.64	-305.27	-305.68	-305.60	1255123	62550272.00
2005/03/24	-305.61	-305.57	-306.31	-306.16	916267	43515224.00
2005/03/25	-306.17	-305.92	-306.39	-306.09	232946	10960985.00
2005/03/28	-306.08	-305.50	-306.17	-305.58	242851	11802982.00
2005/03/29	-305.58	-305.36	-305.89	-305.86	244856	11989719.00
2005/03/30	-305.89	-305.89	-306.14	-306.07	248040	11744620.00
2005/03/31	-306.16	-305.83	-306.22	-305.86	150718	7129716.00
2005/04/01	-305.87	-305.30	-305.89	-305.62	341085	16774374.00
2005/04/04	-305.62	-305.30	-305.76	-305.35	542751	26985512.00
2005/04/05	-305.27	-305.05	-305.41	-305.34	490233	24660016.00
2005/04/06	-305.28	-304.97	-305.44	-305.01	567488	28795816.00
2005/04/07	-304.99	-304.63	-305.33	-305.31	1243752	64340828.00
2005/04/08	-305.31	-305.31	-305.80	-305.36	450513	22165004.00
2005/04/11	-305.39	-305.39	-305.97	-305.83	912619	44306744.00
2005/04/12	-305.83	-305.81	-306.07	-306.01	199491	9516181.00
2005/04/13	-305.81	-305.50	-305.89	-305.64	868912	42332152.00
2005/04/14	-305.64	-305.56	-305.86	-305.61	191460	9295179.00
2005/04/15	-305.47	-305.47	-305.75	-305.67	163559	7963442.00
2005/04/18	-305.70	-305.69	-306.02	-306.01	295745	14168640.00
2005/04/19	-306.03	-305.95	-306.34	-306.31	780795	36608848.00
2005/04/20	-306.31	-306.17	-306.36	-306.21	535762	24960624.00
2005/04/21	-306.28	-305.75	-306.31	-305.81	280896	13403617.00
2005/04/22	-305.80	-305.68	-305.92	-305.86	352043	16950064.00
2005/04/25	-305.58	-304.63	-305.72	-304.77	1270437	65092004.00
2005/04/26	-304.77	-304.34	-304.83	-304.70	1360923	71600712.00
2005/04/27	-304.80	-304.46	-304.82	-304.54	747270	39437616.00
2005/04/28	-304.54	-304.35	-304.71	-304.49	852121	45118704.00
2005/04/29	-304.69	-304.45	-304.77	-304.49	682503	35950860.00
2005/05/09	-304.63	-304.51	-304.96	-304.91	765575	39655696.00
2005/05/10	-305.05	-304.97	-305.39	-305.15	644694	32384040.00
2005/05/11	-305.13	-305.13	-305.55	-305.51	678491	33782884.00
2005/05/12	-305.75	-305.20	-305.88	-305.64	1425051	69749248.00
2005/05/13	-305.75	-305.36	-305.89	-305.69	1507669	73784832.00
2005/05/16	-305.75	-305.53	-305.84	-305.64	259641	12703148.00
2005/05/17	-305.61	-305.30	-305.64	-305.43	772452	38326324.00
2005/05/18	-305.36	-305.36	-306.30	-305.89	967809	46208048.00
2005/05/19	-305.89	-305.43	-306.15	-305.56	512332	25028892.00
2005/05/20	-305.61	-305.29	-305.61	-305.57	584502	29146428.00
2005/05/23	-305.61	-305.36	-305.89	-305.78	261457	12730239.00
2005/05/24	-305.78	-305.71	-305.87	-305.84	137917	6674005.00
2005/05/25	-305.87	-305.86	-306.00	-305.95	320833	15348058.00
2005/05/26	-305.92	-305.89	-306.50	-306.43	1063427	49432692.00
2005/05/27	-306.59	-306.48	-306.97	-306.78	1594979	71377624.00
2005/05/30	-307.01	-306.67	-307.20	-306.81	903473	40352668.00
2005/05/31	-306.83	-306.67	-306.93	-306.85	1187976	53080356.00
2005/06/01	-306.84	-306.73	-307.13	-306.81	865843	38201052.00
2005/06/02	-306.87	-306.87	-307.99	-307.82	2529774	105700728.00
2005/06/03	-307.99	-307.43	-308.23	-307.51	714669	29143704.00
2005/06/06	-307.61	-306.78	-307.75	-306.83	421356	18349446.00
2005/06/07	-306.74	-306.39	-306.82	-306.66	598946	27080944.00
2005/06/08	-306.78	-305.40	-306.78	-305.50	1103910	52789496.00
2005/06/09	-305.53	-305.28	-305.89	-305.80	777000	38204044.00
2005/06/10	-305.86	-305.65	-306.28	-306.16	416509	19681140.00
2005/06/13	-306.13	-305.89	-306.29	-306.10	706973	33389072.00
2005/06/14	-306.17	-305.76	-306.17	-305.98	727149	34530652.00
2005/06/15	-306.14	-305.89	-306.14	-305.99	159677	7599370.00
2005/06/16	-305.97	-305.75	-306.03	-305.75	593153	28452404.00
2005/06/17	-305.75	-305.61	-306.00	-305.75	326299	15703945.00
2005/06/20	-305.61	-304.46	-305.75	-304.83	1236889	62906076.00
2005/06/21	-304.91	-304.77	-305.17	-305.10	259792	13347957.00
2005/06/22	-305.11	-304.63	-305.11	-304.68	612174	31728392.00
2005/06/23	-304.69	-304.61	-304.86	-304.75	527645	27503936.00
2005/06/24	-304.87	-304.60	-305.58	-304.63	615049	31786456.00
2005/06/27	-304.55	-303.95	-304.66	-303.97	1082423	58344424.00
2005/06/28	-304.21	-304.08	-304.49	-304.38	376636	20129464.00
2005/06/30	-304.49	-304.11	-304.49	-304.31	1277817	68740728.00
2005/07/01	-303.94	-303.94	-304.99	-304.67	610431	32182036.00
2005/07/04	-304.77	-304.55	-304.91	-304.69	301851	15730157.00
2005/07/05	-304.77	-304.77	-304.89	-304.78	224838	11662288.00
2005/07/06	-304.84	-304.77	-305.33	-305.24	631676	32226600.00
2005/07/07	-305.33	-305.06	-305.43	-305.19	578532	29052550.00
2005/07/08	-305.29	-304.72	-305.29	-304.80	693076	35940472.00
2005/07/11	-304.77	-304.46	-304.84	-304.78	656277	34538168.00
2005/07/12	-304.81	-304.30	-304.98	-304.35	571243	30210108.00
2005/07/13	-304.38	-304.36	-305.19	-304.63	385796	19981576.00
2005/07/14	-304.77	-304.50	-304.78	-304.52	201266	10624551.00
2005/07/15	-304.63	-304.41	-304.63	-304.49	100290	5300561.00
2005/07/18	-304.51	-304.44	-304.61	-304.58	156407	8258010.00
2005/07/19	-304.58	-304.39	-304.60	-304.51	132540	7015760.00
2005/07/20	-304.51	-304.50	-304.79	-304.74	301229	15767931.00
2005/07/21	-304.74	-304.61	-304.97	-304.78	253682	13127981.00
2005/07/22	-304.77	-304.53	-304.89	-304.75	609596	31708848.00
2005/07/25	-304.77	-304.69	-305.03	-304.95	696189	35971528.00
2005/07/26	-305.05	-304.75	-305.05	-304.83	800824	41433496.00
2005/07/27	-304.69	-304.44	-304.77	-304.53	536982	28350004.00
2005/07/28	-304.53	-304.36	-304.62	-304.41	859252	45732284.00
2005/07/29	-304.49	-304.35	-304.49	-304.45	242518	12951117.00
2005/08/01	-304.42	-304.27	-304.49	-304.33	384030	20465514.00
2005/08/02	-304.34	-304.30	-304.56	-304.39	426287	22676468.00
2005/08/03	-304.44	-304.30	-304.49	-304.33	818421	43619808.00
2005/08/04	-304.30	-303.71	-304.30	-303.79	1056044	58044424.00
2005/08/05	-303.52	-303.25	-303.74	-303.52	636516	29678264.00
2005/08/08	-303.50	-303.41	-304.14	-303.70	854555	39434836.00
2005/08/09	-303.74	-303.74	-304.04	-303.92	584198	26540332.00
2005/08/10	-304.03	-303.57	-304.03	-303.68	580027	26665196.00
2005/08/11	-303.73	-303.27	-303.73	-303.28	1359360	63589532.00
2005/08/12	-303.28	-303.27	-303.61	-303.39	471545	22081208.00
2005/08/15	-303.44	-302.87	-303.74	-303.07	702040	32711316.00
2005/08/16	-303.07	-303.07	-303.42	-303.24	575151	27203992.00
2005/08/17	-302.50	-301.65	-303.57	-302.79	1250674	60400828.00
2005/08/18	-302.56	-302.46	-303.40	-303.37	1098909	52638476.00
2005/08/19	-303.44	-303.25	-303.51	-303.37	497271	23314588.00
2005/08/22	-303.41	-303.13	-303.57	-303.23	692987	32877616.00
2005/08/23	-303.33	-303.05	-303.33	-303.06	478600	22825312.00
2005/08/24	-303.07	-303.00	-303.21	-303.08	321412	15394347.00
2005/08/25	-303.08	-303.04	-303.20	-303.08	354008	16937360.00
2005/08/26	-303.16	-302.81	-303.16	-302.93	458241	22162004.00
2005/08/29	-302.90	-302.77	-302.93	-302.83	512830	24984384.00
2005/08/30	-302.86	-302.78	-303.03	-302.94	245326	11883761.00
2005/08/31	-303.03	-302.74	-303.06	-302.78	239434	11660189.00
2005/09/01	-302.81	-302.29	-302.81	-302.40	548726	27342424.00
2005/09/02	-302.46	-302.01	-302.46	-302.21	499816	25226080.00
2005/09/05	-302.23	-301.87	-302.23	-302.08	391058	19986278.00
2005/09/06	-302.07	-301.96	-302.40	-302.36	319483	16132458.00
2005/09/07	-302.37	-302.17	-302.39	-302.21	518627	26062480.00
2005/09/08	-302.21	-302.21	-302.49	-302.39	630752	31589420.00
2005/09/09	-302.39	-302.38	-302.73	-302.46	425447	21034934.00
2005/09/12	-302.46	-302.46	-302.79	-302.53	159547	7856513.00
2005/09/13	-302.63	-302.13	-302.63	-302.13	490115	24688592.00
2005/09/14	-302.16	-301.99	-302.36	-302.11	329947	16772020.00
2005/09/15	-302.14	-301.95	-302.27	-302.15	174066	8846890.00
2005/09/16	-302.18	-302.00	-302.18	-302.07	321733	16398350.00
2005/09/19	-302.19	-301.93	-302.27	-302.23	204025	10355074.00
2005/09/20	-302.21	-302.21	-302.33	-302.24	179522	9041752.00
2005/09/21	-302.37	-302.19	-302.57	-302.50	294927	14686809.00
2005/09/22	-302.60	-302.40	-303.01	-302.71	335826	16372929.00
2005/09/23	-302.77	-302.57	-302.95	-302.76	306446	15048364.00
2005/09/26	-302.75	-302.61	-302.90	-302.87	176660	8657470.00
2005/09/27	-302.88	-302.81	-303.02	-302.98	170921	8278850.00
2005/09/28	-303.06	-302.73	-303.06	-302.81	233695	11331850.00
2005/09/29	-302.75	-302.46	-302.79	-302.50	208496	10308512.00
2005/09/30	-302.50	-302.50	-302.90	-302.58	332415	16352331.00
2005/10/10	-302.70	-302.50	-302.86	-302.85	264700	12946800.00
2005/10/11	-302.90	-302.74	-302.99	-302.78	135909	6622928.00
2005/10/12	-302.73	-302.73	-303.26	-303.23	832795	39835260.00
2005/10/13	-303.22	-303.10	-303.50	-303.37	1090753	51553348.00
2005/10/14	-303.41	-303.25	-303.97	-303.89	494258	22786108.00
2005/10/17	-304.02	-303.57	-304.11	-303.83	946838	43391916.00
2005/10/18	-303.84	-303.44	-303.84	-303.44	964218	44960712.00
2005/10/19	-303.37	-303.25	-303.58	-303.44	792451	37063756.00
2005/10/20	-303.50	-303.37	-303.72	-303.66	572100	26662088.00
2005/10/21	-303.70	-303.59	-303.74	-303.64	339538	15694623.00
2005/10/24	-303.67	-303.35	-303.67	-303.38	444467	20771238.00
2005/10/25	-303.29	-303.13	-303.30	-303.19	1159486	55177336.00
2005/10/26	-303.19	-303.15	-303.30	-303.21	963579	45847900.00
2005/10/27	-303.22	-303.22	-303.55	-303.41	974815	45785208.00
2005/10/28	-303.41	-303.03	-303.41	-303.21	698231	33237652.00
2005/10/31	-303.24	-302.80	-303.36	-303.00	668572	32099220.00
2005/11/01	-302.94	-302.88	-303.13	-302.97	854288	41028116.00
2005/11/02	-303.07	-302.88	-303.21	-303.01	276609	13366082.00
2005/11/03	-302.94	-302.92	-303.33	-303.33	253970	12120721.00
2005/11/04	-303.33	-303.20	-303.61	-303.32	489562	22899008.00
2005/11/07	-303.57	-303.40	-303.60	-303.43	247517	11545343.00
2005/11/08	-303.43	-303.39	-303.45	-303.43	607730	28543068.00
2005/11/09	-303.34	-303.23	-303.57	-303.50	602073	28203162.00
2005/11/10	-303.44	-303.44	-303.68	-303.53	395013	18352312.00
2005/11/11	-303.66	-303.52	-303.74	-303.61	292691	13501333.00
2005/11/14	-303.72	-303.64	-303.89	-303.87	216289	9877960.00
2005/11/15	-303.82	-303.78	-303.94	-303.94	776760	35512392.00
2005/11/16	-303.94	-303.75	-304.07	-303.77	724856	33007960.00
2005/11/17	-303.80	-303.78	-304.68	-304.09	1100802	49497152.00
2005/11/18	-304.07	-303.80	-304.40	-303.97	694123	31397164.00
2005/11/21	-304.07	-303.82	-304.14	-303.85	457517	20639360.00
2005/11/22	-303.92	-303.54	-304.24	-303.69	353881	16131067.00
2005/11/23	-303.83	-303.60	-303.87	-303.65	137141	6306488.00
2005/11/24	-303.74	-303.74	-304.07	-303.95	1088295	49193080.00
2005/11/25	-304.04	-303.87	-304.11	-303.89	391387	17618488.00
2005/11/28	-303.91	-303.84	-304.24	-303.92	152378	6903246.00
2005/11/29	-303.92	-303.84	-304.74	-304.28	248880	11117104.00
2005/11/30	-304.41	-304.35	-304.78	-304.49	650820	28172020.00
2005/12/01	-304.58	-304.46	-304.67	-304.64	535424	23266368.00
2005/12/02	-304.64	-304.14	-304.64	-304.23	963383	42441652.00
2005/12/05	-304.23	-304.19	-304.53	-304.35	275743	12151492.00
2005/12/06	-304.51	-304.36	-304.58	-304.49	1491667	65529320.00
2005/12/07	-304.58	-304.36	-304.58	-304.49	430998	18878496.00
2005/12/08	-304.56	-304.41	-304.57	-304.54	365778	16002582.00
2005/12/09	-304.51	-304.51	-304.81	-304.78	1546206	66478204.00
2005/12/12	-304.81	-304.81	-305.20	-305.19	1510220	63383456.00
2005/12/13	-305.18	-305.10	-305.58	-305.29	2041441	83729904.00
2005/12/14	-305.40	-304.81	-305.40	-304.92	1797593	75326816.00
2005/12/15	-304.90	-304.78	-305.08	-304.79	593465	25306080.00
2005/12/16	-304.81	-304.52	-304.91	-304.59	667061	28659038.00
2005/12/19	-304.58	-304.38	-304.66	-304.46	470267	20587488.00
2005/12/20	-304.39	-304.39	-304.74	-304.62	454042	19679338.00
2005/12/21	-304.71	-304.54	-304.84	-304.76	495917	21349222.00
2005/12/22	-304.86	-304.54	-304.91	-304.67	334067	14361625.00
2005/12/23	-304.77	-304.34	-304.78	-304.38	629183	27434932.00
2005/12/26	-304.34	-304.24	-304.47	-304.34	699235	30863112.00
2005/12/27	-304.31	-304.08	-304.36	-304.10	729017	32574560.00
2005/12/28	-304.08	-303.90	-304.15	-303.91	625035	28274416.00
2005/12/29	-303.90	-303.47	-303.90	-303.48	1567435	72783424.00
2005/12/30	-303.57	-303.56	-304.11	-303.86	3664756	167469296.00
2006/01/04	-303.94	-303.94	-304.37	-304.31	3550713	157456208.00
2006/01/05	-304.34	-303.97	-304.37	-304.15	1699230	75918200.00
2006/01/06	-304.14	-303.92	-304.29	-304.00	1716230	77233336.00
2006/01/09	-303.95	-303.30	-303.97	-303.47	2077080	96726016.00
2006/01/10	-303.40	-303.21	-303.56	-303.41	1745682	82153544.00
2006/01/11	-303.42	-303.20	-303.57	-303.55	831515	39227536.00
2006/01/12	-303.60	-303.38	-303.70	-303.40	998972	46568064.00
2006/01/13	-303.40	-302.97	-303.57	-303.24	993688	47330432.00
2006/01/16	-303.14	-303.10	-303.57	-303.55	773084	36255136.00
2006/01/17	-303.74	-303.53	-303.80	-303.72	1382470	63618352.00
2006/01/18	-303.74	-303.41	-303.74	-303.68	970685	45114696.00
2006/01/19	-303.48	-303.47	-303.81	-303.71	728303	33651492.00
2006/01/20	-303.70	-303.62	-303.95	-303.74	1421637	65092508.00
2006/01/23	-303.74	-303.74	-304.11	-304.07	1328642	59899024.00
2006/01/24	-304.07	-303.64	-304.07	-303.90	1145289	52535744.00
2006/01/25	-303.86	-303.23	-303.97	-303.32	1573073	73251752.00
2006/02/06	-303.22	-303.17	-303.57	-303.27	1569141	74143392.00
2006/02/07	-303.27	-302.39	-303.35	-302.40	2866581	140985312.00
2006/02/08	-302.51	-302.37	-302.77	-302.45	2226437	110727360.00
2006/02/09	-302.48	-302.40	-302.97	-302.91	777030	38004184.00
2006/02/10	-302.93	-301.39	-303.04	-301.55	3187395	160573344.00
2006/02/13	-299.79	-299.79	-299.79	-299.79	1696600	98029552.00
2006/02/15	-299.21	-299.21	-300.11	-299.68	2899655	168845648.00
2006/02/16	-299.83	-299.04	-299.95	-299.49	1897750	110783128.00
2006/02/17	-299.49	-299.42	-299.67	-299.62	890782	51929488.00
2006/02/20	-299.79	-299.68	-300.32	-299.92	1084398	62004352.00
2006/02/21	-300.09	-299.53	-300.09	-299.53	1023900	59431944.00
2006/02/22	-299.59	-299.38	-299.71	-299.48	1033510	60384852.00
2006/02/23	-299.47	-298.20	-299.61	-298.28	1173027	69601184.00
2006/04/17	-296.19	-296.19	-296.19	-296.19	23810	1630985.00
2006/04/18	-293.89	-293.89	-293.89	-293.89	32444	2444655.00
2006/04/19	-291.36	-291.36	-291.64	-291.36	4396751	364421952.00
2006/04/20	-288.99	-288.99	-292.32	-290.98	5561501	475176320.00
2006/04/21	-291.07	-288.81	-291.32	-289.34	3188609	278281216.00
2006/04/24	-289.15	-288.38	-289.88	-289.27	3624898	322955392.00
2006/04/25	-289.31	-287.91	-289.78	-288.51	3970465	357994208.00
2006/05/25	-284.86	-283.36	-290.04	-288.92	19811697	811908672.00
2006/05/26	-289.00	-288.60	-290.36	-288.62	9180196	360661888.00
2006/05/29	-288.62	-285.62	-288.62	-285.62	8068362	345986880.00
2006/05/30	-283.28	-282.31	-284.40	-282.31	13875854	664776576.00
2006/05/31	-282.27	-279.68	-283.45	-282.59	15173103	747411520.00
2006/06/01	-282.59	-281.03	-283.37	-281.48	9033167	438913216.00
2006/06/02	-281.48	-281.48	-283.66	-283.27	7310473	348052320.00
2006/06/05	-283.66	-283.66	-285.76	-284.96	6874756	308294272.00
2006/06/06	-285.44	-285.44	-286.36	-286.32	5664197	246688992.00
2006/06/07	-286.69	-285.62	-287.34	-287.09	7100113	302769984.00
2006/06/08	-287.24	-286.29	-287.86	-286.57	5845435	247094032.00
2006/06/09	-286.57	-286.21	-287.49	-286.66	5841082	247306960.00
2006/06/12	-287.11	-284.72	-287.49	-284.80	7134449	311536768.00
2006/06/13	-284.80	-283.23	-284.80	-284.15	7482948	347247360.00
2006/06/14	-284.48	-283.21	-285.99	-283.51	6223384	287725376.00
2006/06/15	-283.51	-282.46	-284.18	-283.81	5131147	242480016.00
2006/06/16	-283.82	-283.13	-283.96	-283.55	4008029	188160352.00
2006/06/19	-283.73	-281.42	-284.33	-282.21	7630589	368697280.00
2006/06/20	-282.49	-281.96	-282.82	-282.34	3760892	181973712.00
2006/06/21	-282.34	-282.23	-283.54	-283.11	3632394	172805456.00
2006/06/22	-283.36	-283.00	-283.58	-283.53	2365379	111205968.00
2006/06/23	-283.73	-283.13	-283.88	-283.60	2792408	130091792.00
2006/06/26	-283.58	-282.34	-283.58	-282.82	4786959	227823200.00
2006/06/27	-282.70	-281.40	-282.74	-281.88	5146617	252140736.00
2006/06/28	-281.96	-281.96	-282.91	-282.72	2680057	128599784.00
2006/06/29	-282.68	-282.24	-282.91	-282.53	3719105	178456800.00
2006/06/30	-282.42	-282.04	-283.51	-283.03	3903278	185164400.00
2006/07/03	-283.04	-283.04	-283.82	-283.51	4828774	225238880.00
2006/07/04	-283.73	-283.32	-284.37	-283.36	5250666	242839936.00
2006/07/05	-283.21	-283.21	-283.96	-283.69	1557263	72575808.00
2006/07/06	-283.73	-283.28	-284.03	-283.60	2205560	103048528.00
2006/07/07	-283.57	-283.36	-284.18	-284.12	2802363	129587184.00
2006/07/10	-284.20	-284.20	-284.97	-284.84	2769775	125019272.00
2006/07/11	-284.86	-284.51	-285.16	-285.05	2721409	122211032.00
2006/07/12	-285.08	-285.05	-285.95	-285.62	3312513	145831728.00
2006/07/13	-285.80	-284.56	-286.15	-285.11	3942420	175231408.00
2006/07/14	-285.46	-285.05	-285.90	-285.18	1834374	80947648.00
2006/07/17	-285.39	-284.45	-285.72	-284.96	2568418	115482080.00
2006/07/18	-284.99	-284.96	-285.59	-285.37	1539232	68227608.00
2006/07/19	-285.46	-285.31	-286.44	-286.01	3132698	136738976.00
2006/07/20	-286.04	-285.32	-286.45	-285.39	1937201	85005960.00
2006/07/21	-285.42	-285.24	-285.60	-285.29	1075971	47693736.00
2006/07/24	-285.54	-283.45	-285.76	-283.95	4052541	185467440.00
2006/07/25	-283.95	-283.36	-284.33	-283.49	3254213	151329072.00
2006/07/26	-283.49	-283.36	-284.22	-283.73	1740430	80947128.00
2006/07/27	-283.81	-283.51	-284.26	-283.97	2451514	113653352.00
2006/07/28	-284.11	-284.04	-284.67	-284.48	2288646	104187952.00
2006/07/31	-284.57	-284.56	-285.61	-285.61	1594807	70945072.00
2006/08/01	-285.61	-284.86	-285.69	-285.05	1316838	58663704.00
2006/08/02	-285.08	-284.86	-285.70	-285.55	886022	39215952.00
2006/08/03	-285.54	-285.20	-286.59	-286.38	1665548	71947184.00
2006/08/04	-286.36	-286.08	-287.11	-286.60	1479341	63433580.00
2006/08/07	-286.93	-286.07	-287.80	-286.84	1414235	59874588.00
2006/08/08	-287.11	-286.18	-287.11	-286.20	777176	33435494.00
2006/08/09	-286.17	-285.39	-286.36	-285.72	1028841	44982772.00
2006/08/10	-285.72	-285.33	-285.72	-285.60	1310561	57720600.00
2006/08/11	-285.55	-285.24	-285.57	-285.55	724713	32036672.00
2006/08/14	-285.55	-285.40	-286.21	-285.75	1117366	49033692.00
2006/08/15	-285.95	-285.48	-285.99	-285.52	639825	28008388.00
2006/08/16	-285.54	-284.79	-285.61	-284.87	899888	40252020.00
2006/08/17	-284.79	-284.79	-286.07	-285.42	1092965	48410680.00
2006/08/18	-285.69	-285.27	-285.94	-285.51	338123	14888941.00
2006/08/21	-286.38	-285.46	-286.47	-285.48	729321	32062134.00
2006/08/22	-285.61	-284.60	-285.61	-284.72	1110875	49977252.00
2006/08/23	-285.76	-285.09	-285.76	-285.30	2105623	93035272.00
2006/08/24	-285.61	-285.31	-285.70	-285.53	1257407	55366636.00
2006/08/25	-285.53	-285.17	-285.76	-285.58	747487	32852244.00
2006/08/28	-285.68	-285.47	-286.06	-285.72	2557259	112066808.00
2006/08/29	-285.63	-283.95	-285.64	-284.36	3785440	171776432.00
2006/08/30	-284.67	-284.26	-285.01	-284.87	969292	43806888.00
2006/08/31	-284.86	-284.51	-285.01	-284.69	1235848	55827540.00
2006/09/01	-284.60	-284.58	-284.95	-284.81	1087394	48927412.00
2006/09/04	-285.02	-284.66	-285.02	-284.76	590376	26589668.00
2006/09/05	-284.85	-284.69	-284.99	-284.90	1235476	55522600.00
2006/09/06	-284.93	-284.52	-285.01	-284.77	1138069	51403208.00
2006/09/07	-284.87	-284.75	-285.32	-284.87	1051862	46987032.00
2006/09/08	-285.24	-284.93	-285.49	-285.27	589062	26157744.00
2006/09/11	-285.46	-285.30	-285.69	-285.51	830299	36625468.00
2006/09/12	-285.51	-285.51	-285.84	-285.76	1939305	85026960.00
2006/09/13	-285.75	-285.42	-285.75	-285.70	1842146	81014928.00
2006/09/14	-285.61	-284.00	-286.21	-284.03	6336687	284212832.00
2006/09/15	-284.03	-283.52	-284.78	-284.23	2924397	134841296.00
2006/09/18	-284.20	-284.03	-284.65	-284.24	3408476	155113040.00
2006/09/19	-284.36	-283.55	-284.52	-283.80	2999252	138992144.00
2006/09/20	-283.89	-283.12	-284.05	-283.36	2244246	105158848.00
2006/09/21	-283.36	-283.24	-283.51	-283.51	1631283	76643184.00
2006/09/22	-283.54	-283.36	-284.03	-283.50	1242597	57912200.00
2006/09/25	-283.85	-283.24	-283.85	-283.57	1047525	49168156.00
2006/09/26	-283.60	-283.60	-284.14	-284.12	1178972	54462376.00
2006/09/27	-284.19	-283.85	-284.36	-284.02	805218	36977024.00
2006/09/28	-284.11	-283.39	-284.32	-283.50	1677920	77577352.00
2006/09/29	-283.51	-282.70	-283.73	-283.03	2275622	107764448.00
2006/10/09	-282.60	-280.13	-282.60	-280.45	3797012	191569280.00
2006/10/10	-279.98	-279.22	-280.73	-280.55	2412448	124074032.00
2006/10/11	-280.60	-280.35	-281.48	-281.30	1211797	60357112.00
2006/10/12	-281.30	-280.91	-281.79	-281.38	1428689	70986728.00
2006/10/13	-281.38	-281.25	-282.07	-281.85	1489803	73257752.00
2006/10/16	-281.85	-281.85	-283.51	-283.06	3807675	180476688.00
2006/10/17	-283.06	-282.31	-283.47	-282.50	1537044	73212480.00
2006/10/18	-282.61	-280.95	-282.98	-281.25	2387883	118175552.00
2006/10/19	-281.37	-280.73	-281.84	-281.10	1661115	83199480.00
2006/10/20	-281.13	-280.99	-281.43	-281.40	1209540	60370256.00
2006/10/23	-281.70	-280.09	-281.70	-280.35	3899875	198293840.00
2006/10/24	-280.31	-279.16	-280.50	-279.48	2670912	138579120.00
2006/10/25	-279.07	-276.69	-279.45	-277.21	4747608	261743392.00
2006/10/26	-277.35	-277.08	-278.10	-277.35	2042850	112072592.00
2006/10/27	-277.35	-277.35	-278.17	-278.08	1479145	80382720.00
2006/10/30	-278.10	-277.83	-278.62	-278.07	1236943	66246108.00
2006/10/31	-278.07	-277.12	-278.54	-278.11	1126683	61092388.00
2006/11/01	-278.40	-278.10	-278.86	-278.70	1276204	67866976.00
2006/11/02	-278.77	-277.50	-279.33	-277.52	2331900	123978624.00
2006/11/03	-277.35	-276.98	-278.32	-277.52	1387640	75858368.00
2006/11/06	-278.06	-275.69	-278.10	-276.53	2674004	147856256.00
2006/11/07	-276.52	-275.92	-276.97	-276.75	2132645	119649816.00
2006/11/08	-276.97	-275.47	-277.35	-275.99	2534830	143238976.00
2006/11/09	-276.18	-275.69	-276.50	-275.72	1596243	90494368.00
2006/11/10	-275.88	-274.42	-276.14	-275.39	3315329	191717600.00
2006/11/13	-275.47	-275.47	-276.67	-275.91	2831549	161068512.00
2006/11/14	-276.11	-273.48	-276.11	-273.66	3130677	183957472.00
2006/11/15	-273.23	-271.34	-273.89	-272.21	3403376	211445120.00
2006/11/16	-272.18	-268.35	-272.20	-270.07	4862857	313184864.00
2006/11/17	-269.85	-269.46	-271.34	-270.16	3834146	244957664.00
2006/11/20	-270.94	-269.23	-270.94	-270.13	2706049	174396384.00
2006/11/21	-270.09	-270.04	-272.09	-271.24	3024121	190983776.00
2006/11/22	-271.26	-270.44	-272.19	-271.01	2890047	182237648.00
2006/11/23	-271.33	-270.21	-271.33	-270.99	1254785	79825000.00
2006/11/24	-271.03	-270.37	-271.79	-270.66	2349589	148702624.00
2006/11/27	-270.66	-269.34	-270.74	-270.36	1649849	106393464.00
2006/11/28	-270.44	-269.84	-271.49	-271.48	2832241	180775984.00
2006/11/29	-272.09	-268.97	-272.89	-270.28	2675401	172337872.00
2006/11/30	-270.04	-266.69	-270.04	-267.77	2101203	141522144.00
2006/12/01	-267.77	-264.80	-267.77	-266.83	4041469	282813536.00
2006/12/04	-266.63	-265.38	-267.73	-266.75	2688658	185669856.00
2006/12/05	-266.90	-265.11	-266.98	-266.02	3811783	266976432.00
2006/12/06	-266.08	-266.08	-268.41	-266.81	3749300	256408496.00
2006/12/07	-267.20	-266.00	-267.20	-266.42	2185538	151160160.00
2006/12/08	-266.83	-266.15	-267.58	-266.79	2206889	152466864.00
2006/12/11	-267.50	-264.20	-267.50	-264.35	2675430	188889520.00
2006/12/12	-263.91	-263.46	-265.02	-264.71	1176703	84919968.00
2006/12/13	-264.36	-264.24	-265.58	-265.10	3341653	239515648.00
2006/12/14	-264.72	-260.53	-265.10	-260.79	3762824	279885280.00
2006/12/15	-260.82	-258.59	-261.55	-259.22	2369730	185540480.00
2006/12/18	-259.33	-253.56	-259.33	-253.76	3523829	295726592.00
2006/12/19	-253.76	-251.95	-255.65	-255.19	3803816	326181888.00
2006/12/20	-255.57	-254.13	-255.93	-255.33	2519590	212351408.00
2006/12/21	-255.33	-254.43	-256.69	-256.32	3030146	256088464.00
2006/12/22	-256.69	-255.78	-258.58	-257.94	3043946	249249216.00
2006/12/25	-257.77	-255.42	-257.77	-256.15	2495441	207941104.00
2006/12/27	-255.40	-253.76	-255.41	-254.45	1985302	169858960.00
2006/12/28	-254.21	-254.06	-255.93	-254.45	2928105	248296944.00
2006/12/29	-254.44	-249.47	-255.14	-252.68	8297549	728497728.00
2007/01/04	-251.04	-250.92	-254.43	-254.18	4466467	394957184.00
2007/01/05	-254.96	-253.54	-256.08	-253.85	2780501	236787472.00
2007/01/08	-253.83	-253.60	-255.65	-254.91	4892359	417405504.00
2007/01/09	-254.89	-251.06	-255.11	-251.96	2830001	248096032.00
2007/01/10	-251.80	-250.68	-252.85	-251.82	2823940	249921328.00
2007/01/11	-251.80	-248.66	-252.18	-249.56	3748280	341540288.00
2007/01/12	-249.62	-245.64	-251.05	-245.82	3640208	347136992.00
2007/01/15	-245.75	-242.03	-245.75	-243.83	3067052	305993920.00
2007/01/16	-244.02	-242.95	-246.33	-245.24	3503970	344077696.00
2007/01/17	-245.35	-241.28	-246.53	-244.95	2591604	257353984.00
2007/01/18	-245.04	-239.41	-245.79	-239.62	3064535	315103136.00
2007/01/19	-239.62	-234.60	-239.62	-236.51	2225551	243504208.00
2007/01/22	-235.95	-231.52	-236.02	-233.62	2552122	290839232.00
2007/01/23	-233.17	-232.42	-240.46	-239.57	4178280	450098208.00
2007/01/24	-239.40	-233.77	-239.40	-236.19	1940422	212553648.00
2007/01/25	-237.90	-235.31	-238.80	-237.25	4484815	490557152.00
2007/01/26	-238.28	-236.06	-245.04	-236.86	3584570	380378208.00
2007/01/29	-237.68	-233.77	-238.95	-237.91	1856036	201345344.00
2007/01/30	-238.48	-235.20	-238.67	-236.21	2656109	287395104.00
2007/01/31	-237.68	-236.02	-242.03	-241.11	3326784	352147552.00
2007/02/01	-243.54	-239.05	-243.91	-239.78	2590975	265744448.00
2007/02/02	-240.55	-239.93	-243.54	-242.79	1498880	151508800.00
2007/02/05	-242.79	-242.79	-246.00	-245.79	1983799	194534208.00
2007/02/06	-247.29	-245.87	-251.43	-246.73	3952256	365914400.00
2007/02/07	-247.16	-243.55	-247.29	-245.44	1797622	175261712.00
2007/02/08	-245.87	-244.30	-248.42	-246.57	1837314	176642960.00
2007/02/09	-247.16	-246.11	-248.80	-247.92	1226217	116298288.00
2007/02/12	-248.20	-244.48	-248.65	-245.79	1251133	120701376.00
2007/02/13	-245.13	-243.66	-245.79	-243.69	1876710	184420208.00
2007/02/14	-243.10	-242.04	-245.04	-243.87	1561447	154853056.00
2007/02/15	-243.05	-239.80	-243.53	-241.13	1680518	173731360.00
2007/02/16	-239.95	-239.78	-243.87	-243.41	2507162	256784064.00
2007/02/26	-243.69	-243.69	-246.53	-245.78	1532146	150045008.00
2007/02/27	-246.17	-246.17	-253.06	-252.82	3186695	292514592.00
2007/03/01	-246.24	-246.24	-248.89	-246.24	4458245	429485216.00
2007/03/02	-245.79	-242.79	-246.57	-245.20	3477066	341362336.00
2007/03/05	-245.11	-245.11	-247.44	-247.37	2180501	208807888.00
2007/03/06	-248.05	-242.67	-248.80	-243.46	2435058	241040736.00
2007/03/07	-242.56	-240.95	-243.53	-242.44	2642534	271589376.00
2007/03/08	-242.86	-242.03	-244.21	-242.45	1380763	138217152.00
2007/03/09	-243.46	-241.67	-244.21	-243.53	1618595	162560224.00
2007/03/12	-243.69	-243.53	-244.57	-243.69	1944399	193188608.00
2007/03/13	-244.32	-243.69	-246.53	-244.73	1908052	186420816.00
2007/03/14	-245.79	-245.04	-247.07	-246.53	2160027	207586160.00
2007/03/15	-247.29	-245.04	-247.29	-245.48	2097319	201776896.00
2007/03/16	-245.19	-245.04	-247.22	-245.33	1463493	140836288.00
2007/03/19	-247.29	-244.87	-247.44	-245.51	2595161	253220576.00
2007/03/20	-245.54	-245.42	-247.71	-247.59	2118752	201378944.00
2007/03/21	-247.56	-246.32	-249.83	-248.05	2828956	266389536.00
2007/03/22	-247.89	-247.38	-249.55	-247.68	3139702	291678112.00
2007/03/23	-248.41	-247.22	-249.40	-247.30	3027938	283551744.00
2007/03/26	-247.44	-247.37	-248.27	-248.03	2265620	212983968.00
2007/03/27	-248.22	-248.05	-249.66	-248.95	3719764	345056800.00
2007/03/28	-248.89	-248.16	-250.30	-248.73	3492636	323233792.00
2007/03/29	-248.66	-246.17	-249.34	-246.26	4941537	465028032.00
2007/03/30	-246.11	-246.05	-248.65	-247.67	3098507	293158048.00
2007/04/02	-247.29	-247.29	-249.62	-248.13	2825719	261934928.00
2007/04/03	-248.13	-246.84	-249.47	-247.38	4280091	402378752.00
2007/04/04	-247.30	-245.05	-247.30	-245.54	4080726	395605824.00
2007/04/05	-245.88	-245.88	-247.50	-247.04	3746014	358362496.00
2007/04/06	-247.59	-247.29	-248.42	-248.05	2761536	259568016.00
2007/04/09	-247.63	-246.09	-248.87	-247.29	6283418	591101184.00
2007/04/10	-247.13	-246.70	-247.97	-247.75	6304682	597770880.00
2007/04/11	-247.33	-247.33	-248.87	-248.14	5382825	504663488.00
2007/04/12	-248.27	-243.46	-248.81	-244.41	7645857	739231936.00
2007/04/13	-244.29	-239.50	-245.79	-241.32	8478318	867089280.00
2007/04/16	-242.11	-240.57	-243.16	-242.24	3781242	383878208.00
2007/04/17	-242.03	-240.95	-245.79	-244.52	4461885	442356320.00
2007/04/18	-244.52	-244.52	-246.92	-246.10	4878084	470273088.00
2007/04/19	-246.77	-246.54	-250.00	-248.95	3988171	372975328.00
2007/04/20	-248.80	-246.92	-248.87	-247.62	4151694	392180320.00
2007/04/23	-247.61	-246.69	-248.80	-246.86	4748600	447869440.00
2007/04/24	-246.60	-246.56	-248.41	-247.68	3947800	372593696.00
2007/04/25	-247.68	-245.94	-248.35	-246.55	3782234	362266656.00
2007/04/26	-246.48	-244.68	-247.29	-245.54	3369828	325641568.00
2007/04/27	-245.58	-245.56	-248.33	-248.21	2647491	250199456.00
2007/04/30	-248.80	-245.51	-249.13	-246.98	4355729	414391808.00
2007/05/08	-246.09	-245.11	-246.90	-246.17	4602697	444700576.00
2007/05/09	-246.17	-246.16	-251.13	-249.55	15177660	1394029056.00
2007/05/14	-248.35	-242.95	-249.41	-247.75	13187045	1263779072.00
2007/05/15	-247.68	-247.68	-250.40	-250.35	7103792	655524416.00
2007/05/16	-250.37	-247.59	-250.52	-248.36	5043288	468228608.00
2007/05/17	-248.53	-243.50	-248.55	-244.27	9518160	930266112.00
2007/05/18	-244.81	-242.71	-245.79	-244.72	5183691	517580160.00
2007/05/21	-247.06	-244.15	-247.95	-246.07	4150822	402560480.00
2007/05/22	-246.46	-246.17	-247.90	-247.41	5990195	567699264.00
2007/05/23	-247.56	-244.29	-247.56	-245.81	4033890	391972672.00
2007/05/24	-245.44	-243.83	-246.06	-244.01	5579895	548678400.00
2007/05/25	-243.51	-236.54	-243.51	-238.74	8310533	883158720.00
2007/05/28	-238.65	-235.08	-238.67	-235.79	5551105	607604928.00
2007/05/29	-235.65	-231.97	-237.30	-236.61	4294511	480225984.00
2007/05/30	-240.53	-236.78	-243.69	-242.06	7290654	756701824.00
2007/06/01	-236.77	-234.39	-237.38	-235.69	6966650	775108736.00
2007/06/04	-235.51	-232.12	-240.91	-239.31	5694906	627231616.00
2007/06/05	-241.28	-238.29	-247.24	-238.98	5294878	544757952.00
2007/06/06	-239.78	-236.78	-242.01	-239.40	3138434	329128896.00
2007/06/07	-239.39	-237.90	-240.40	-239.28	5337084	562638208.00
2007/06/08	-238.44	-237.91	-239.78	-238.35	3581908	381067008.00
2007/06/11	-237.83	-230.31	-238.31	-230.31	5409546	620110720.00
2007/06/12	-228.52	-226.63	-232.22	-228.19	4419028	529299488.00
2007/06/13	-228.89	-225.92	-230.01	-228.61	3868378	465951680.00
2007/06/14	-229.41	-221.00	-229.80	-224.63	3488110	435609728.00
2007/06/15	-225.53	-223.85	-225.66	-224.09	1489786	185772688.00
2007/06/18	-223.64	-219.92	-224.67	-223.28	2172221	277680160.00
2007/06/19	-224.32	-223.25	-227.01	-225.96	2794684	348478528.00
2007/06/20	-226.62	-223.27	-227.61	-225.93	1917026	236303440.00
2007/06/21	-227.31	-224.92	-227.76	-225.63	1940141	238688176.00
2007/06/22	-225.60	-224.45	-229.26	-227.89	1785337	218079520.00
2007/06/25	-228.44	-225.12	-229.64	-229.19	3275657	398355104.00
2007/06/26	-229.34	-227.76	-231.84	-228.35	1227169	145796096.00
2007/06/27	-227.60	-225.04	-229.11	-225.14	2376647	293372096.00
2007/06/28	-224.83	-224.38	-227.36	-227.10	2621217	326430496.00
2007/06/29	-228.89	-225.92	-229.90	-228.75	1549939	186255136.00
2007/07/02	-229.26	-228.51	-232.27	-229.21	1960022	229624512.00
2007/07/03	-229.11	-228.89	-231.52	-229.85	1100903	129623744.00
2007/07/04	-229.85	-228.96	-231.36	-230.67	1155694	135460416.00
2007/07/05	-231.52	-230.01	-233.69	-233.00	1704363	194675504.00
2007/07/06	-233.32	-229.98	-233.32	-230.10	1559604	180456448.00
2007/07/09	-229.86	-227.98	-230.39	-228.40	1164344	138656752.00
2007/07/10	-228.51	-228.51	-230.76	-230.01	979370	115825744.00
2007/07/11	-230.76	-230.76	-232.42	-231.64	1212996	140017456.00
2007/07/12	-231.52	-231.16	-233.10	-232.74	1473914	168661712.00
2007/07/13	-232.47	-231.38	-232.55	-232.12	916686	104813064.00
2007/07/16	-231.76	-231.76	-234.57	-234.54	1074733	121378864.00
2007/07/17	-234.60	-231.59	-236.02	-231.64	1506588	168233760.00
2007/07/18	-232.62	-230.23	-234.00	-230.93	1135686	130799472.00
2007/07/19	-231.67	-228.68	-231.74	-228.92	1474677	173893104.00
2007/07/20	-229.56	-227.61	-230.24	-228.03	1429446	171502976.00
2007/07/23	-227.38	-222.98	-228.69	-223.89	1909284	237054480.00
2007/07/24	-223.78	-223.48	-225.81	-225.39	1310379	162555328.00
2007/07/25	-226.11	-224.98	-226.86	-226.49	1524167	186522560.00
2007/07/26	-225.82	-224.23	-226.33	-225.70	1305304	161489696.00
2007/07/27	-227.57	-226.11	-228.73	-228.36	1631215	196650320.00
2007/07/30	-228.36	-223.78	-228.58	-224.69	2787699	339526688.00
2007/07/31	-225.07	-220.47	-225.57	-221.17	2716592	344790144.00
2007/08/01	-221.22	-220.47	-224.22	-223.45	1996605	253670736.00
2007/08/02	-223.10	-219.34	-223.10	-220.54	2052129	264786528.00
2007/08/03	-220.56	-213.64	-220.73	-214.39	3410698	458343360.00
2007/08/06	-214.36	-212.97	-215.95	-214.41	1746992	239532864.00
2007/08/07	-214.42	-213.72	-215.62	-214.07	2387426	327024704.00
2007/08/08	-214.07	-208.47	-216.15	-213.82	1294506	183151088.00
2007/08/09	-211.01	-208.18	-212.96	-209.51	1547505	224211232.00
2007/08/10	-209.83	-208.83	-213.71	-212.99	2384176	338962368.00
2007/08/13	-212.97	-212.97	-217.95	-214.66	1914059	259481904.00
2007/08/14	-215.96	-214.46	-217.30	-215.27	1614446	218395056.00
2007/08/15	-215.28	-212.58	-217.09	-215.96	2351953	323360832.00
2007/08/16	-217.08	-214.46	-219.34	-216.71	2130630	286757952.00
2007/08/17	-215.83	-212.07	-217.08	-216.60	2416437	330979040.00
2007/08/20	-215.14	-209.35	-215.14	-210.34	1875135	265241760.00
2007/08/21	-210.31	-205.45	-210.31	-206.92	1881098	278103264.00
2007/08/22	-208.45	-200.34	-208.83	-201.52	2619515	401151808.00
2007/08/23	-201.52	-197.03	-202.44	-197.97	1926367	304024672.00
2007/08/24	-198.01	-196.44	-200.94	-200.07	2063017	326076160.00
2007/08/27	-200.19	-197.95	-201.69	-201.64	2082282	327422208.00
2007/08/28	-202.43	-200.94	-203.12	-202.60	1720550	265824512.00
2007/08/29	-203.36	-199.84	-203.94	-202.74	1199701	186047472.00
2007/08/30	-202.52	-201.10	-202.85	-201.70	919487	142153248.00
2007/08/31	-201.69	-197.86	-202.44	-197.98	1000740	158100464.00
2007/09/03	-197.26	-195.38	-198.31	-198.07	1874914	303353280.00
2007/09/04	-198.23	-198.23	-204.69	-203.34	4722008	723864064.00
2007/09/05	-203.25	-201.73	-206.51	-204.09	2287969	343653920.00
2007/09/06	-203.94	-203.94	-206.27	-205.45	2752558	412746112.00
2007/09/07	-205.45	-205.45	-210.03	-209.61	3301169	480091648.00
2007/09/10	-212.77	-209.72	-212.77	-211.37	4080208	577753216.00
2007/09/11	-211.46	-208.09	-211.46	-210.10	2586608	374651904.00
2007/09/12	-210.70	-208.45	-212.71	-210.16	1219184	173598048.00
2007/09/13	-209.95	-209.58	-212.21	-210.07	2116570	302740288.00
2007/09/14	-209.95	-205.45	-211.66	-206.66	3662580	533527808.00
2007/09/17	-206.95	-203.21	-208.63	-203.97	3881924	581454272.00
2007/09/18	-203.79	-203.79	-209.29	-208.10	1483666	218334192.00
2007/09/19	-209.13	-208.83	-213.13	-211.83	2901321	410862944.00
2007/09/20	-211.67	-208.56	-211.67	-209.18	1290305	185888064.00
2007/09/21	-209.16	-208.83	-211.61	-209.31	1278793	183153728.00
2007/09/24	-209.95	-208.60	-212.58	-211.83	3170462	450160384.00
2007/09/25	-211.86	-210.48	-214.03	-212.27	3024982	424466912.00
2007/09/26	-213.70	-207.32	-213.70	-208.69	3095959	450482560.00
2007/09/27	-208.70	-207.32	-211.04	-208.38	1271470	185721024.00
2007/09/28	-208.47	-203.49	-208.81	-205.09	2693713	406110752.00
2007/10/08	-204.30	-201.83	-207.70	-207.59	2339280	349755744.00
2007/10/09	-208.08	-197.18	-208.08	-198.86	3771099	587350528.00
2007/10/10	-197.40	-191.62	-200.19	-194.57	2265111	370471296.00
2007/10/11	-194.30	-185.16	-194.55	-187.96	3055829	530601952.00
2007/10/12	-186.59	-182.60	-191.92	-183.80	2600908	456041248.00
2007/10/15	-185.84	-172.39	-185.84	-176.46	2090812	388728704.00
2007/10/16	-176.15	-176.15	-182.06	-179.13	2109353	389861632.00
2007/10/17	-179.90	-179.90	-182.15	-181.40	1470772	267399488.00
2007/10/18	-183.90	-181.40	-187.41	-185.32	1995408	355237056.00
2007/10/19	-185.54	-178.40	-185.54	-182.79	1772868	320347392.00
2007/10/22	-184.41	-181.40	-186.29	-183.72	779737	139362368.00
2007/10/23	-180.28	-173.14	-180.43	-176.90	2229093	420266816.00
2007/10/24	-176.86	-168.63	-191.02	-173.90	2546944	485816448.00
2007/10/25	-176.14	-169.38	-178.40	-172.58	2035328	394422080.00
2007/10/26	-174.84	-170.89	-179.06	-171.61	2001033	379656736.00
2007/10/29	-173.13	-169.76	-176.23	-174.84	1107361	212842976.00
2007/10/30	-173.88	-172.40	-180.40	-177.35	1256486	233823936.00
2007/10/31	-177.04	-173.59	-177.04	-174.63	1081422	206054368.00
2007/11/01	-173.51	-173.51	-179.98	-179.28	962049	178327392.00
2007/11/02	-180.65	-179.31	-184.41	-179.85	1383580	250008016.00
2007/11/05	-179.90	-178.40	-182.91	-181.40	527930	96705832.00
2007/11/06	-182.85	-178.68	-182.85	-181.46	245919	44828816.00
2007/11/07	-181.03	-179.15	-184.86	-183.90	908571	162628672.00
2007/11/08	-183.87	-182.91	-188.91	-187.40	572311	99837136.00
2007/11/09	-188.90	-184.93	-190.04	-189.28	512665	88657728.00
2007/11/12	-189.21	-188.47	-192.30	-190.18	1522422	256445664.00
2007/11/13	-188.92	-180.69	-188.92	-184.57	2391144	425423648.00
2007/11/14	-184.57	-177.38	-184.57	-177.67	1116403	203847744.00
2007/11/15	-177.59	-177.59	-180.50	-179.90	1055782	195317056.00
2007/11/16	-180.28	-180.28	-183.42	-182.91	371566	67016964.00
2007/11/19	-182.91	-178.40	-184.71	-181.03	539734	98848664.00
2007/11/20	-181.03	-178.40	-181.40	-178.76	947292	174670144.00
2007/11/21	-178.40	-177.42	-181.04	-179.47	1241100	229048000.00
2007/11/22	-181.40	-179.90	-184.58	-184.21	772689	140489856.00
2007/11/23	-184.41	-182.15	-188.54	-187.41	769224	134898304.00
2007/11/26	-184.78	-182.92	-186.66	-183.42	865649	154008448.00
2007/11/27	-183.73	-179.90	-185.54	-181.31	1103638	199433856.00
2007/11/28	-182.76	-181.25	-188.92	-185.44	1140600	201326432.00
2007/11/29	-186.65	-183.66	-188.56	-186.29	1846321	323298144.00
2007/11/30	-184.56	-184.56	-188.17	-187.80	1427292	248057712.00
2007/12/03	-188.52	-186.66	-188.54	-187.32	851564	147689840.00
2007/12/04	-187.04	-184.03	-187.04	-185.54	900989	158913696.00
2007/12/05	-185.46	-179.15	-185.46	-180.64	992985	180611808.00
2007/12/06	-179.17	-179.17	-181.78	-179.62	527399	96863840.00
2007/12/07	-179.23	-172.39	-179.23	-173.11	1161519	222166864.00
2007/12/11	-168.63	-163.22	-169.01	-166.59	2970227	596580864.00
2007/12/12	-166.83	-163.22	-167.91	-166.53	2528187	511973888.00
2007/12/13	-167.88	-165.25	-170.13	-167.51	1743749	349075776.00
2007/12/14	-168.63	-154.45	-170.11	-155.86	1600346	331667424.00
2007/12/17	-156.53	-149.10	-162.62	-159.62	1745132	373879360.00
2007/12/18	-162.55	-162.54	-169.37	-167.14	1850765	372844736.00
2007/12/19	-165.02	-163.45	-170.14	-165.66	1393365	278674112.00
2007/12/20	-163.52	-163.19	-167.84	-165.04	690341	140714576.00
2007/12/21	-164.87	-158.56	-164.87	-159.59	951587	198189104.00
2007/12/24	-155.95	-155.90	-161.13	-160.83	2120379	449776288.00
2007/12/25	-160.83	-154.07	-160.83	-155.48	1715678	368772032.00
2007/12/26	-155.87	-150.22	-156.57	-151.34	1459384	322367552.00
2007/12/27	-151.35	-148.87	-154.96	-149.21	2190698	485898976.00
2007/12/28	-151.65	-145.27	-154.53	-145.34	2662799	600445952.00
2008/01/02	-147.59	-146.14	-152.10	-151.34	1908575	428486880.00
2008/01/03	-151.13	-147.59	-159.03	-157.25	2979946	638361152.00
2008/01/04	-158.86	-155.80	-161.87	-156.43	3330368	704732992.00
2008/01/07	-156.24	-153.60	-160.40	-158.62	3040917	646078976.00
2008/01/08	-159.62	-154.66	-161.42	-156.59	3221828	682166592.00
2008/01/09	-158.95	-155.14	-158.95	-156.58	1200960	256589152.00
2008/01/10	-155.86	-153.18	-157.81	-155.05	2082664	450693952.00
2008/01/11	-154.36	-152.97	-158.86	-155.84	1981108	425014208.00
2008/01/14	-149.10	-146.39	-153.98	-149.76	4292507	959882240.00
2008/01/15	-149.55	-144.93	-149.55	-146.57	2130322	486145568.00
2008/01/16	-147.74	-147.59	-151.35	-150.72	2241908	502236864.00
2008/01/17	-150.23	-150.22	-155.86	-154.36	3161352	697313152.00
2008/01/18	-154.31	-153.23	-158.11	-156.63	2041694	441871104.00
2008/01/21	-156.27	-154.90	-162.62	-159.61	2498681	531115488.00
2008/01/22	-162.64	-152.89	-167.13	-159.97	4490866	949589568.00
2008/01/23	-157.29	-152.63	-158.38	-152.76	2314633	502720224.00
2008/01/24	-151.35	-149.62	-155.11	-151.35	1848556	408534688.00
2008/01/25	-151.43	-148.72	-155.86	-153.69	1799311	397838432.00
2008/01/28	-156.23	-152.85	-161.19	-156.77	1417041	303150624.00
2008/01/29	-156.72	-154.36	-158.11	-156.26	1010703	217278896.00
2008/01/30	-155.11	-155.11	-163.22	-156.79	2933197	621090112.00
2008/01/31	-159.62	-158.11	-163.37	-163.35	1390499	289075904.00
2008/02/01	-164.13	-164.13	-168.71	-165.99	2146695	431423200.00
2008/02/04	-164.42	-156.87	-164.87	-158.88	2954633	617972160.00
2008/02/05	-158.86	-158.86	-161.87	-160.83	847830	177590096.00
2008/02/13	-161.87	-161.87	-166.38	-165.63	497172	101444768.00
2008/02/14	-164.12	-163.45	-166.30	-165.54	755616	153806144.00
2008/02/15	-165.65	-165.63	-169.38	-167.07	1281110	256163696.00
2008/02/18	-166.53	-162.55	-166.53	-162.65	1257682	257765664.00
2008/02/19	-162.66	-161.87	-165.63	-162.63	728733	149403808.00
2008/02/20	-162.62	-160.44	-164.01	-163.30	970139	200650688.00
2008/02/21	-161.49	-161.20	-164.27	-163.79	1220408	250662272.00
2008/02/22	-164.12	-163.02	-170.13	-167.43	1942193	391675424.00
2008/02/25	-167.95	-167.88	-170.89	-170.24	1121779	222633120.00
2008/02/26	-169.38	-167.62	-178.47	-177.05	3514323	669275520.00
2008/02/27	-177.65	-171.64	-180.50	-173.76	1211616	231597744.00
2008/02/28	-173.75	-172.39	-176.88	-175.39	722637	137808736.00
2008/02/29	-175.02	-170.90	-176.82	-171.64	711440	137296144.00
2008/03/03	-164.80	-156.99	-164.80	-156.99	1778317	380241632.00
2008/03/04	-148.48	-146.17	-155.07	-152.15	3789826	847885888.00
2008/03/05	-152.17	-148.27	-154.73	-152.35	1403869	310232384.00
2008/03/06	-152.34	-149.85	-155.26	-155.09	819736	180277488.00
2008/03/07	-155.67	-155.48	-161.04	-157.98	1489627	315047840.00
2008/03/10	-160.37	-156.60	-162.47	-160.67	1067285	223726592.00
2008/03/11	-162.24	-155.48	-163.33	-156.78	1137728	241463104.00
2008/03/12	-154.36	-153.77	-161.60	-158.68	611960	130239208.00
2008/03/13	-169.30	-156.61	-174.61	-158.34	1669009	344992832.00
2008/03/14	-160.52	-160.52	-164.88	-164.09	1185808	244698928.00
2008/03/17	-167.86	-164.89	-169.01	-167.35	1718918	344059104.00
2008/03/18	-170.25	-167.88	-178.40	-175.74	3022486	577180416.00
2008/03/19	-176.14	-171.64	-176.81	-174.58	1857929	355372032.00
2008/03/20	-175.47	-170.89	-183.28	-173.18	1475599	275080000.00
2008/03/21	-172.16	-170.13	-174.49	-172.63	399904	77823416.00
2008/03/24	-172.39	-170.61	-175.69	-173.66	935677	179280128.00
2008/03/25	-176.90	-173.91	-178.40	-177.68	1128782	211875344.00
2008/03/26	-177.27	-175.39	-180.65	-178.78	447511	83590680.00
2008/03/27	-182.15	-176.91	-182.23	-182.11	1892465	344830528.00
2008/03/28	-181.78	-177.20	-182.91	-177.96	671620	123097896.00
2008/03/31	-178.55	-175.77	-180.65	-177.11	1502108	281358720.00
2008/04/01	-175.77	-175.77	-181.40	-179.41	1367900	252613472.00
2008/04/02	-179.90	-176.14	-188.91	-180.97	1643103	298960704.00
2008/04/03	-183.66	-181.40	-186.66	-184.40	1341976	237997152.00
2008/04/07	-185.16	-178.77	-186.66	-179.31	2196869	394870528.00
2008/04/08	-179.53	-173.14	-181.40	-174.24	1305819	247291456.00
2008/04/09	-176.37	-175.39	-180.76	-180.31	1250713	234604512.00
2008/04/10	-181.40	-180.65	-185.99	-184.12	2040977	365825536.00
2008/04/11	-184.03	-183.66	-186.66	-186.17	2395773	424169984.00
2008/04/14	-186.68	-186.68	-192.16	-191.85	2168437	369038592.00
2008/04/15	-192.67	-191.55	-196.81	-191.64	2014840	330691488.00
2008/04/16	-191.92	-188.17	-194.88	-191.08	1563877	265734672.00
2008/04/17	-190.04	-187.41	-193.35	-191.08	1040105	176634096.00
2008/04/18	-192.94	-188.54	-194.93	-190.37	1376797	229547376.00
2008/04/21	-182.91	-180.65	-193.41	-189.26	1452256	250079536.00
2008/04/22	-193.42	-188.92	-201.69	-194.03	2212942	359871904.00
2008/04/23	-196.88	-188.17	-200.19	-189.65	1266988	211089328.00
2008/04/24	-180.65	-176.81	-185.16	-178.42	3932187	718031232.00
2008/04/25	-179.90	-179.90	-184.56	-184.54	2384507	429087520.00
2008/04/28	-185.92	-184.81	-190.29	-185.46	1277232	220439152.00
2008/04/29	-188.91	-184.58	-188.91	-185.48	614926	107374296.00
2008/04/30	-185.42	-179.22	-185.42	-180.55	1188327	215284880.00
2008/05/05	-180.35	-178.71	-181.49	-180.16	808973	148396736.00
2008/05/06	-180.65	-180.65	-184.35	-183.07	848761	152222992.00
2008/05/07	-184.41	-181.70	-186.30	-186.26	735375	131020224.00
2008/05/08	-186.67	-183.06	-189.67	-183.63	886066	154116400.00
2008/05/09	-182.91	-182.91	-186.28	-184.60	577401	102419880.00
2008/05/12	-187.05	-180.99	-188.32	-182.15	920633	163594352.00
2008/05/13	-185.55	-180.73	-186.51	-183.69	514506	91723216.00
2008/05/14	-184.93	-181.93	-185.07	-182.34	600844	108222056.00
2008/05/15	-181.40	-177.27	-183.66	-180.22	1469044	271639680.00
2008/05/16	-180.65	-178.40	-181.37	-180.70	467332	85690776.00
2008/05/19	-180.70	-180.70	-183.61	-182.90	382832	68955072.00
2008/05/20	-184.33	-182.00	-188.17	-188.10	992735	176605312.00
2008/05/21	-189.22	-185.16	-190.42	-187.68	1954296	334549888.00
2008/05/22	-187.91	-186.66	-191.59	-188.29	753639	129331816.00
2008/05/23	-190.41	-188.17	-190.42	-188.92	1289114	220240592.00
2008/05/26	-190.42	-188.17	-190.42	-188.29	735452	125694888.00
2008/05/27	-189.68	-187.41	-190.72	-190.56	1545589	265513872.00
2008/05/29	-190.51	-188.92	-192.49	-190.54	943131	160096336.00
2008/05/30	-190.64	-190.04	-192.67	-191.82	520308	87809656.00
2008/06/02	-191.32	-188.92	-194.93	-189.53	842312	141068880.00
2008/06/03	-190.42	-188.92	-190.79	-189.83	657703	112098664.00
2008/06/04	-191.89	-190.42	-192.15	-191.79	677030	113903648.00
2008/06/05	-191.92	-189.76	-194.40	-194.18	392205	65373348.00
2008/06/06	-194.18	-194.17	-197.17	-195.06	781469	127119584.00
2008/06/10	-198.64	-197.19	-200.85	-199.56	1271558	201611520.00
2008/06/11	-200.31	-199.43	-202.44	-199.82	912631	142357440.00
2008/06/12	-199.83	-199.83	-207.40	-204.54	1378990	210043600.00
2008/06/13	-206.87	-204.39	-206.87	-205.83	618634	92612192.00
2008/06/16	-206.55	-206.32	-208.99	-208.95	1021954	148642352.00
2008/06/17	-209.69	-209.69	-212.25	-210.85	1747415	246424800.00
2008/06/18	-212.09	-208.57	-212.65	-209.11	1759240	250451600.00
2008/06/19	-208.72	-208.72	-212.33	-211.98	697038	98494728.00
2008/06/20	-212.33	-208.29	-212.94	-209.39	1417752	202610960.00
2008/06/23	-210.83	-210.83	-216.83	-216.16	1540615	212913440.00
2008/06/24	-219.76	-214.21	-221.35	-214.86	2205273	297466624.00
2008/06/25	-215.94	-208.57	-216.83	-208.94	1278254	180759312.00
2008/06/26	-207.45	-206.32	-210.45	-208.16	775352	111847424.00
2008/06/27	-210.53	-209.59	-213.07	-212.14	1626046	228606784.00
2008/06/30	-213.83	-210.83	-214.50	-213.40	849792	118554064.00
2008/07/01	-213.40	-213.40	-215.34	-214.81	767765	105264088.00
2008/07/02	-214.96	-213.84	-216.08	-215.25	604580	82567696.00
2008/07/03	-216.29	-210.08	-216.52	-211.56	789510	109603232.00
2008/07/04	-211.56	-210.64	-213.06	-211.37	398205	56193916.00
2008/07/07	-211.37	-207.45	-212.33	-207.82	1251457	180401008.00
2008/07/08	-207.92	-206.55	-209.89	-209.48	1364836	198628784.00
2008/07/09	-208.94	-206.32	-208.94	-207.97	1018303	149141344.00
2008/07/10	-208.57	-206.82	-209.10	-207.79	717003	104839728.00
2008/07/11	-208.57	-207.24	-209.33	-208.94	301677	43833508.00
2008/07/14	-208.59	-206.70	-209.48	-207.00	525811	77047464.00
2008/07/15	-206.99	-206.18	-208.72	-208.33	573525	83892160.00
2008/07/16	-208.72	-206.14	-210.08	-206.59	901048	132617392.00
2008/07/17	-206.55	-198.96	-206.55	-200.92	1801551	279088480.00
2008/07/18	-202.56	-198.44	-202.94	-198.84	921966	142269872.00
2008/07/21	-199.72	-195.80	-200.31	-196.17	819227	130639360.00
2008/07/22	-196.17	-193.56	-198.81	-198.08	427627	68299824.00
2008/07/23	-198.72	-197.66	-201.05	-199.77	452493	71187872.00
2008/07/24	-199.33	-196.18	-199.33	-196.30	444681	70637128.00
2008/07/25	-197.24	-195.05	-198.34	-196.18	527951	84972168.00
2008/07/28	-195.53	-194.67	-196.18	-195.80	256285	41662712.00
2008/07/29	-195.81	-195.07	-198.42	-195.97	359419	57706464.00
2008/07/30	-195.79	-195.58	-198.06	-196.58	349929	56168228.00
2008/07/31	-197.16	-196.58	-198.42	-197.39	475142	75934192.00
2008/08/01	-198.20	-196.55	-199.80	-198.03	323571	51369908.00
2008/08/04	-199.40	-197.34	-199.71	-199.45	285052	44858744.00
2008/08/05	-199.79	-198.73	-200.31	-200.02	236338	37049800.00
2008/08/06	-199.27	-198.58	-200.65	-199.21	330257	51922048.00
2008/08/07	-199.90	-198.81	-202.94	-202.17	427944	66288544.00
2008/08/08	-202.41	-201.60	-204.22	-202.92	611698	93064200.00
2008/08/11	-205.57	-202.56	-207.82	-207.77	799941	119572176.00
2008/08/12	-208.65	-205.57	-209.99	-206.59	453050	66330532.00
2008/08/13	-207.08	-205.88	-207.60	-206.35	637325	93902072.00
2008/08/14	-206.33	-202.86	-207.32	-205.56	1297055	195801264.00
2008/08/15	-205.57	-202.56	-206.24	-203.48	554096	83530664.00
2008/08/18	-203.48	-202.64	-207.67	-207.50	333925	50108016.00
2008/08/19	-210.76	-207.21	-210.76	-209.31	627008	90342080.00
2008/08/20	-210.02	-202.56	-210.02	-203.87	725041	107725248.00
2008/08/21	-205.18	-202.56	-208.57	-206.42	514322	76438608.00
2008/08/22	-206.34	-205.66	-209.21	-208.37	291123	42273680.00
2008/08/25	-208.45	-207.90	-210.44	-209.17	477613	69152200.00
2008/08/26	-209.16	-209.16	-213.23	-212.32	470471	66199368.00
2008/08/27	-213.74	-210.46	-216.11	-215.97	453888	62380812.00
2008/08/28	-212.35	-210.83	-215.34	-214.96	963350	132676992.00
2008/08/29	-214.60	-211.58	-215.34	-212.34	917211	127159472.00
2008/09/01	-212.56	-212.11	-215.70	-215.60	1385644	190733792.00
2008/09/02	-215.59	-215.59	-221.47	-219.85	2662945	345618720.00
2008/09/03	-220.96	-220.75	-223.08	-221.98	3545636	449922400.00
2008/09/04	-221.98	-219.84	-222.39	-220.26	805584	103033864.00
2008/09/05	-221.53	-218.49	-222.77	-218.90	860680	110693152.00
2008/09/08	-218.81	-217.93	-220.66	-219.42	804867	105669096.00
2008/09/09	-220.56	-217.25	-220.56	-217.74	414508	54748548.00
2008/09/10	-218.72	-215.34	-218.72	-217.76	660379	87984656.00
2008/09/11	-216.93	-216.93	-218.34	-218.06	465700	61859280.00
2008/09/12	-218.11	-216.58	-218.11	-217.59	620163	82660640.00
2008/09/16	-217.76	-217.73	-220.58	-218.92	1375774	179668928.00
2008/09/17	-218.84	-217.74	-221.50	-221.21	852372	110881400.00
2008/09/18	-221.72	-221.35	-228.72	-226.74	3058171	376114720.00
2008/09/19	-217.66	-217.66	-219.84	-217.66	4674712	620150784.00
2008/09/22	-213.91	-209.33	-217.79	-217.71	5648653	768578240.00
2008/09/23	-219.78	-219.78	-227.32	-227.12	3495594	429875008.00
2008/09/24	-228.11	-222.26	-230.98	-222.49	1419794	173930720.00
2008/09/25	-222.47	-218.72	-222.47	-220.45	1506991	194816768.00
2008/09/26	-219.91	-216.93	-219.91	-218.42	1368966	180847072.00
2008/10/06	-219.24	-218.42	-223.60	-221.96	610171	79100704.00
2008/10/07	-223.59	-222.85	-226.58	-224.31	995724	122750248.00
2008/10/08	-225.93	-225.10	-227.26	-227.13	1034410	125437056.00
2008/10/09	-225.70	-225.63	-229.24	-229.20	876721	104831464.00
2008/10/10	-231.86	-231.26	-234.79	-233.82	1354716	152282560.00
2008/10/13	-234.12	-233.68	-240.73	-233.77	2209322	235133760.00
2008/10/14	-230.23	-229.27	-237.53	-237.42	1184398	132830728.00
2008/10/15	-239.54	-237.13	-240.50	-239.21	884236	92239896.00
2008/10/16	-242.01	-239.30	-243.13	-241.95	1506136	153358640.00
2008/10/17	-242.36	-241.64	-246.44	-243.97	2881243	279732704.00
2008/10/20	-245.56	-244.04	-247.27	-244.83	3044762	290614976.00
2008/10/21	-244.88	-242.40	-246.52	-246.42	1308180	126303888.00
2008/10/22	-247.06	-244.64	-247.73	-245.10	1900644	180490224.00
2008/10/23	-246.89	-242.98	-246.89	-243.03	1465493	143747856.00
2008/10/24	-242.38	-242.12	-246.14	-243.68	897561	87060608.00
2008/10/27	-246.13	-244.26	-249.82	-248.96	2774307	256201120.00
2008/10/28	-249.96	-246.67	-251.39	-246.68	1399519	128811656.00
2008/10/29	-246.89	-245.35	-248.36	-246.00	1222683	115424336.00
2008/10/30	-245.40	-245.01	-247.33	-245.91	1015716	96284440.00
2008/10/31	-246.67	-246.06	-248.35	-248.24	870573	81109752.00
2008/11/03	-249.13	-247.27	-249.13	-248.62	630617	58047684.00
2008/11/04	-248.54	-248.30	-250.16	-250.03	1107660	100749264.00
2008/11/05	-249.45	-246.44	-249.90	-246.88	1165566	107649672.00
2008/11/06	-248.40	-247.65	-249.82	-249.63	599739	54677056.00
2008/11/07	-250.96	-250.27	-254.25	-253.07	3506714	300147104.00
2008/11/10	-252.54	-248.71	-252.90	-249.42	4070807	356262496.00
2008/11/11	-250.35	-250.35	-251.86	-251.69	2710401	238775072.00
2008/11/12	-253.01	-251.26	-253.95	-251.41	1840088	158558384.00
2008/11/13	-252.15	-249.89	-253.65	-250.17	3513508	308558176.00
2008/11/14	-249.85	-243.44	-249.85	-243.44	4730806	453503648.00
2008/11/17	-242.38	-240.50	-243.89	-241.19	2590585	259620384.00
2008/11/18	-241.63	-241.63	-246.82	-244.92	3008889	293853920.00
2008/11/19	-244.92	-240.11	-245.61	-240.56	1698748	169157856.00
2008/11/20	-242.38	-239.98	-243.64	-242.29	1567803	158050736.00
2008/11/21	-243.91	-239.75	-245.64	-241.98	2391762	240102784.00
2008/11/24	-241.72	-240.88	-242.76	-242.60	940207	94604336.00
2008/11/25	-242.38	-240.88	-244.14	-243.01	987335	98311600.00
2008/11/26	-243.09	-242.10	-243.41	-243.03	734047	72963472.00
2008/11/27	-239.33	-237.12	-241.22	-239.85	2677180	279561184.00
2008/11/28	-240.74	-240.16	-242.20	-241.03	1221804	124047776.00
2008/12/01	-241.33	-239.90	-242.35	-239.97	788328	80427904.00
2008/12/02	-241.59	-238.54	-241.59	-238.67	1488514	154215264.00
2008/12/03	-238.63	-236.21	-238.63	-236.52	1436995	154141968.00
2008/12/04	-235.25	-230.90	-235.25	-232.64	2633055	297576224.00
2008/12/05	-233.74	-228.79	-233.77	-230.78	1838462	212898256.00
2008/12/08	-228.63	-226.76	-231.00	-228.12	1742992	205494832.00
2008/12/09	-228.06	-227.67	-231.26	-230.34	1301335	152317568.00
2008/12/10	-231.11	-229.69	-231.24	-230.21	1349502	156049024.00
2008/12/11	-229.95	-226.91	-230.36	-228.91	2015809	238497424.00
2008/12/12	-229.87	-228.26	-234.23	-234.12	1631445	186650272.00
2008/12/15	-233.37	-229.57	-233.37	-231.66	1400771	160434272.00
2008/12/16	-232.20	-230.14	-234.24	-231.74	1236738	138960608.00
2008/12/17	-231.71	-229.24	-231.71	-230.66	1001362	116363448.00
2008/12/18	-230.66	-228.36	-230.66	-228.87	1177063	138647936.00
2008/12/19	-228.56	-227.73	-230.36	-229.14	1062197	125345376.00
2008/12/22	-228.33	-228.33	-230.89	-230.09	902842	105588568.00
2008/12/23	-230.53	-230.09	-234.19	-233.43	1827166	205256832.00
2008/12/24	-234.12	-232.62	-235.02	-233.86	787763	87320040.00
2008/12/25	-233.37	-233.37	-235.62	-234.85	902853	99538456.00
2008/12/26	-235.47	-233.75	-235.47	-234.82	894460	98854296.00
2008/12/29	-235.29	-234.49	-238.51	-235.81	3002800	323745152.00
2008/12/30	-235.88	-235.62	-237.12	-235.89	2182900	236161200.00
2008/12/31	-236.22	-235.25	-236.75	-235.85	1831300	198482896.00
2009/01/05	-235.25	-234.06	-237.12	-236.09	1350500	145941840.00
2009/01/06	-236.75	-235.47	-238.42	-235.84	3815400	406113056.00
2009/01/07	-235.68	-235.62	-237.35	-237.28	1523800	164245376.00
2009/01/08	-238.44	-235.94	-239.23	-235.97	1863400	198641984.00
2009/01/09	-236.69	-235.96	-237.12	-236.91	1180000	127445736.00
2009/01/12	-237.13	-236.54	-238.13	-237.94	1666700	176815200.00
2009/01/13	-238.64	-237.88	-241.24	-240.99	1809900	186485264.00
2009/01/14	-241.44	-239.39	-242.70	-240.88	3200300	323066496.00
2009/01/15	-241.03	-241.03	-242.53	-242.41	2982000	298447680.00
2009/01/16	-242.39	-239.08	-242.47	-241.25	9459900	955914880.00
2009/01/19	-240.57	-239.53	-241.11	-240.61	4856200	498196992.00
2009/01/20	-240.66	-240.66	-242.41	-241.18	4910400	493242112.00
2009/01/21	-242.38	-241.65	-243.13	-242.59	6052600	605392768.00
2009/01/22	-242.38	-241.48	-242.46	-241.78	2129300	214057664.00
2009/01/23	-242.01	-239.14	-242.01	-239.98	3274200	336252640.00
2009/02/02	-239.01	-239.01	-242.38	-241.39	3088700	312618464.00
2009/02/03	-241.34	-239.01	-242.33	-239.30	4812600	497248864.00
2009/02/04	-239.23	-236.91	-239.23	-237.66	4287800	454067232.00
2009/02/05	-237.39	-234.42	-237.88	-237.09	3823100	412164192.00
2009/02/06	-237.11	-233.37	-237.11	-233.96	3966100	433677728.00
2009/02/09	-233.00	-229.61	-233.00	-229.76	4543500	521391744.00
2009/02/10	-229.99	-229.99	-231.86	-230.38	2761300	317723296.00
2009/02/11	-231.13	-223.19	-231.86	-227.29	4038600	478088768.00
2009/02/12	-227.36	-226.23	-228.48	-226.96	5447000	653107968.00
2009/02/13	-227.28	-225.10	-227.35	-225.54	2492000	301643456.00
2009/02/16	-224.76	-223.37	-226.53	-225.33	2725600	334068256.00
2009/02/17	-224.50	-219.89	-224.50	-222.77	5652500	719184128.00
2009/02/18	-224.35	-222.85	-226.70	-226.34	4558100	566412032.00
2009/02/19	-226.98	-224.43	-226.98	-225.94	2467700	300896288.00
2009/02/20	-225.86	-221.89	-225.86	-223.54	3392400	424596416.00
2009/02/23	-223.48	-221.27	-224.76	-221.51	1944200	245915632.00
2009/02/24	-221.72	-218.34	-222.36	-220.75	3693600	480302656.00
2009/02/25	-219.85	-219.84	-225.10	-221.72	2691700	341607456.00
2009/02/26	-222.47	-219.92	-226.23	-225.53	2711200	343984096.00
2009/02/27	-227.70	-225.10	-229.06	-228.54	4117000	494464224.00
2009/03/02	-229.61	-228.54	-231.21	-229.59	2717200	318786720.00
2009/03/03	-230.96	-229.76	-232.01	-231.17	1878000	215625552.00
2009/03/04	-230.74	-222.62	-231.17	-223.74	4224500	510627168.00
2009/03/05	-223.68	-222.47	-227.35	-225.85	2353200	289227200.00
2009/03/06	-227.36	-226.76	-229.10	-228.69	2066400	245701376.00
2009/03/09	-228.68	-227.73	-231.20	-231.19	2315200	268799968.00
2009/03/10	-231.94	-227.96	-232.17	-228.76	1578200	185611680.00
2009/03/11	-227.36	-226.70	-230.36	-229.25	881400	104417184.00
2009/03/12	-230.30	-229.02	-231.77	-230.41	1129600	130769832.00
2009/03/13	-229.76	-229.24	-232.03	-232.00	2003800	230105104.00
2009/03/16	-231.98	-231.20	-233.37	-231.58	1339500	151397344.00
2009/03/17	-231.53	-228.12	-231.86	-229.36	1834400	213668064.00
2009/03/18	-228.92	-228.18	-230.39	-230.30	1776700	208086080.00
2009/03/19	-229.99	-227.90	-230.29	-228.27	1889100	223567504.00
2009/03/20	-227.51	-227.38	-229.46	-228.95	1539600	182170368.00
2009/03/23	-228.87	-227.97	-229.30	-228.34	3246300	384766624.00
2009/03/24	-226.98	-224.66	-228.59	-228.34	3529400	424130720.00
2009/03/25	-230.36	-230.36	-232.88	-231.85	8621700	984739008.00
2009/03/26	-231.85	-231.79	-234.28	-232.99	5929200	664500672.00
2009/03/27	-232.27	-231.11	-232.77	-231.88	4207500	479104608.00
2009/03/30	-231.86	-231.11	-233.29	-231.82	2426900	276929280.00
2009/03/31	-232.37	-231.19	-232.62	-231.31	2642800	301354048.00
2009/04/01	-231.13	-229.87	-231.19	-230.17	4038700	468753728.00
2009/04/02	-229.94	-227.81	-229.94	-228.86	3743000	441249376.00
2009/04/03	-228.03	-226.94	-230.06	-229.93	4144100	492530464.00
2009/04/07	-229.93	-228.72	-230.06	-228.86	2141900	251182416.00
2009/04/08	-228.86	-228.63	-230.45	-229.57	2565300	299738752.00
2009/04/09	-229.70	-228.87	-230.20	-229.00	1835100	214789856.00
2009/04/10	-228.25	-226.98	-229.02	-227.79	4063000	484222240.00
2009/04/13	-226.91	-224.95	-226.91	-225.81	3668700	448077472.00
2009/04/14	-225.80	-225.74	-228.25	-226.97	3802300	457162688.00
2009/04/15	-227.39	-226.40	-229.24	-226.88	3836100	457652480.00
2009/04/16	-227.35	-226.76	-228.67	-227.54	3863200	462321664.00
2009/04/17	-227.86	-224.84	-228.63	-226.49	3830900	466339520.00
2009/04/20	-225.71	-221.87	-226.49	-221.99	3241900	406055392.00
2009/04/21	-223.43	-221.65	-223.52	-221.71	3892700	492951200.00
2009/04/22	-221.21	-219.31	-224.73	-224.49	3970600	504087424.00
2009/04/23	-225.48	-224.43	-227.36	-226.18	2249700	274007776.00
2009/04/24	-225.86	-223.69	-225.87	-225.76	2271900	280863296.00
2009/04/27	-226.23	-226.20	-229.31	-228.49	2867000	339940608.00
2009/04/28	-229.70	-228.42	-231.94	-230.90	3430700	395869120.00
2009/04/29	-230.90	-229.39	-230.93	-229.78	3107700	360384160.00
2009/04/30	-229.46	-229.45	-231.11	-230.10	2051400	238142368.00
2009/05/04	-229.69	-227.83	-230.10	-227.94	2355500	278414624.00
2009/05/05	-227.36	-226.76	-228.57	-228.08	2269000	270072384.00
2009/05/06	-228.40	-228.11	-229.69	-229.42	3806400	447395072.00
2009/05/07	-229.01	-228.18	-230.62	-229.60	3472300	406117088.00
2009/05/08	-229.99	-229.16	-230.81	-229.23	3100700	359535968.00
2009/05/11	-229.24	-228.42	-230.17	-230.05	3277300	384272000.00
2009/05/12	-230.73	-229.20	-230.88	-229.99	2598800	300962112.00
2009/05/13	-229.61	-229.54	-230.95	-230.60	3579200	415020704.00
2009/05/14	-231.11	-229.91	-231.26	-230.10	2150400	249787984.00
2009/05/15	-229.79	-229.63	-230.66	-230.35	1679800	195071184.00
2009/05/18	-230.44	-228.33	-230.58	-228.53	3507200	412318368.00
2009/05/19	-228.38	-228.07	-229.99	-229.40	2655400	312662784.00
2009/05/20	-229.57	-228.90	-230.38	-230.31	1471100	171589136.00
2009/05/21	-230.51	-229.62	-231.71	-231.55	2578800	296204416.00
2009/05/25	-232.75	-232.22	-233.32	-232.35	3367628	380853024.00
2009/05/26	-232.35	-231.44	-232.68	-232.65	1680681	190817888.00
2009/05/27	-232.52	-230.72	-232.65	-231.29	2763000	316980544.00
2009/06/01	-231.11	-228.78	-231.33	-229.04	4592011	537473280.00
2009/06/02	-229.60	-226.64	-229.60	-227.45	5016813	600394432.00
2009/06/03	-227.45	-227.21	-228.99	-227.57	2924590	347246944.00
2009/06/04	-227.51	-227.34	-228.93	-227.91	4653332	553191424.00
2009/06/05	-228.36	-220.07	-228.37	-222.80	7774093	973345728.00
2009/06/08	-221.95	-220.56	-223.60	-221.65	3688621	469785120.00
2009/06/09	-221.65	-216.09	-221.95	-218.91	7330385	969552000.00
2009/06/10	-218.57	-217.57	-219.84	-218.87	2647692	348306240.00
2009/06/11	-218.88	-214.96	-218.88	-217.37	3973846	533435072.00
2009/06/12	-217.09	-215.49	-220.44	-219.39	2703533	357604704.00
2009/06/15	-219.81	-214.89	-219.81	-215.16	4408128	592083840.00
2009/06/16	-215.49	-214.47	-216.84	-215.57	2003920	271544256.00
2009/06/17	-215.82	-213.46	-215.94	-214.10	2258367	310521888.00
2009/06/18	-214.58	-213.46	-215.71	-213.93	4119002	564072320.00
2009/06/19	-214.60	-213.31	-215.64	-214.64	1853345	253253632.00
2009/06/22	-214.21	-213.68	-217.68	-217.61	2118112	285552160.00
2009/06/23	-218.49	-216.46	-220.17	-217.31	2758804	364099872.00
2009/06/24	-217.36	-216.84	-219.08	-218.35	2093623	276526112.00
2009/06/25	-217.60	-215.19	-218.33	-215.42	2183414	295200896.00
2009/06/26	-215.34	-213.83	-215.34	-214.58	1826249	250833616.00
2009/06/29	-213.83	-205.56	-214.36	-206.53	3801548	553072320.00
2009/06/30	-205.94	-204.59	-208.72	-206.31	2455349	359599488.00
2009/07/01	-206.50	-205.45	-207.72	-207.22	1935675	281759840.00
2009/07/02	-207.25	-203.23	-208.68	-205.49	2699019	395317152.00
2009/07/03	-206.20	-204.70	-207.40	-207.01	2573876	376552064.00
2009/07/06	-207.71	-206.97	-209.36	-208.52	2949182	423754912.00
2009/07/07	-208.50	-205.44	-209.20	-207.30	2740569	399773440.00
2009/07/08	-208.83	-207.59	-210.34	-208.51	2651579	378380320.00
2009/07/09	-209.05	-205.08	-209.05	-206.04	3464234	505222976.00
2009/07/10	-205.75	-201.32	-205.92	-202.32	2977018	451971136.00
2009/07/13	-202.18	-200.94	-204.45	-201.49	3976567	601703296.00
2009/07/14	-201.55	-200.68	-202.45	-201.47	2664455	408475424.00
2009/07/15	-201.47	-200.73	-203.97	-203.93	3159841	477906528.00
2009/07/16	-203.57	-203.20	-205.49	-205.11	3643057	542209792.00
2009/07/17	-204.90	-203.58	-205.68	-205.52	1410005	210098784.00
2009/07/20	-205.45	-204.25	-206.22	-205.37	3873799	572069312.00
2009/07/21	-204.78	-203.80	-206.23	-205.96	4222026	627819264.00
2009/07/22	-206.20	-205.16	-207.18	-205.89	2503621	366601440.00
2009/07/23	-205.56	-205.46	-206.95	-206.74	1724952	253176784.00
2009/07/24	-206.52	-203.36	-206.74	-206.20	4537056	673882688.00
2009/07/27	-205.83	-201.32	-205.83	-201.61	6453123	969451456.00
2009/07/28	-201.62	-197.21	-202.00	-201.54	3622961	564423488.00
2009/07/29	-201.47	-199.33	-208.46	-205.44	3695563	556652736.00
2009/07/30	-202.67	-202.67	-206.57	-204.08	2755049	410415136.00
2009/07/31	-203.21	-203.21	-204.96	-203.93	3299219	494144448.00
2009/08/03	-202.45	-197.50	-202.45	-199.66	4445840	693624960.00
2009/08/04	-198.67	-198.67	-202.00	-200.85	2143538	329545696.00
2009/08/05	-200.42	-193.51	-200.42	-193.60	5544896	893443520.00
2009/08/06	-195.68	-191.55	-196.36	-192.63	3944209	644496768.00
2009/08/07	-191.33	-188.92	-195.26	-193.52	5786746	953137984.00
2009/08/10	-193.42	-192.68	-197.28	-193.81	2929893	472002848.00
2009/08/11	-193.52	-187.04	-195.19	-188.92	3630736	611324928.00
2009/08/12	-189.00	-184.79	-194.93	-191.73	4140439	698628608.00
2009/08/13	-194.27	-191.74	-196.59	-194.23	3376867	544005120.00
2009/08/14	-194.19	-194.19	-199.44	-198.10	2470694	390424192.00
2009/08/17	-200.12	-198.34	-205.54	-204.29	2975040	451437984.00
2009/08/18	-205.08	-202.33	-205.44	-203.84	2983979	448107200.00
2009/08/19	-202.47	-200.12	-205.45	-204.24	3357636	509878560.00
2009/08/20	-204.70	-202.07	-205.45	-202.45	3459953	522724992.00
2009/08/21	-202.44	-198.69	-203.19	-199.06	2474337	383636512.00
2009/08/24	-198.70	-197.19	-199.03	-197.63	1341758	212008256.00
2009/08/25	-198.01	-198.01	-202.37	-199.51	2450125	377947424.00
2009/08/26	-201.30	-196.06	-201.30	-197.04	2235461	353413344.00
2009/08/27	-197.28	-194.42	-197.94	-195.43	2216114	356997184.00
2009/08/28	-195.68	-194.41	-197.19	-196.98	2404913	386203840.00
2009/08/31	-197.94	-197.93	-204.32	-203.96	3733394	568178112.00
2009/09/01	-203.95	-199.97	-203.97	-202.78	2063249	313194368.00
2009/09/02	-203.21	-202.48	-204.28	-203.33	1615629	243221072.00
2009/09/03	-203.91	-199.82	-203.93	-200.11	1915657	293428448.00
2009/09/04	-200.20	-199.44	-201.69	-199.91	2155402	332587072.00
2009/09/07	-199.13	-192.30	-199.23	-195.02	3884516	630053568.00
2009/09/08	-195.01	-190.27	-197.10	-191.59	3449008	572753408.00
2009/09/09	-191.59	-189.68	-194.93	-193.18	3120277	512038304.00
2009/09/10	-193.21	-191.85	-194.56	-191.97	1325477	218828432.00
2009/09/11	-192.00	-190.43	-193.51	-191.35	1347190	224260640.00
2009/09/14	-190.39	-189.67	-191.33	-191.12	1555148	260573648.00
2009/09/15	-191.03	-189.82	-193.26	-192.27	1781601	294648960.00
2009/09/16	-192.66	-191.25	-194.27	-192.86	1343134	219954112.00
2009/09/17	-192.83	-192.12	-193.12	-192.85	1669416	275360256.00
2009/09/18	-192.83	-192.79	-194.93	-194.35	1841155	301101120.00
2009/09/21	-195.44	-192.23	-197.04	-192.36	2612924	422889408.00
2009/09/22	-192.60	-187.65	-193.07	-189.23	4097482	697323648.00
2009/09/23	-189.16	-188.25	-192.68	-192.54	2121493	356415104.00
2009/09/24	-192.68	-192.68	-196.62	-195.22	1878660	302998976.00
2009/09/25	-194.93	-191.43	-194.93	-193.06	1852804	304628832.00
2009/09/28	-192.98	-191.54	-193.43	-193.36	1345344	222874128.00
2009/09/29	-193.43	-192.68	-195.31	-194.75	1542377	251534800.00
2009/09/30	-193.44	-191.34	-194.18	-192.78	1288249	212532256.00
2009/10/09	-191.33	-189.68	-191.40	-190.15	1250608	210257024.00
2009/10/12	-189.67	-188.93	-191.25	-191.16	876204	147502656.00
2009/10/13	-191.92	-190.06	-193.05	-192.01	1023723	170054048.00
2009/10/14	-191.58	-191.56	-194.10	-193.22	3729999	612459776.00
2009/10/15	-192.78	-192.78	-196.13	-195.58	2811233	454982752.00
2009/10/16	-195.59	-194.93	-197.07	-196.45	2798654	447651072.00
2009/10/19	-196.28	-194.56	-197.22	-194.56	4363978	698074688.00
2009/10/20	-194.41	-192.23	-195.68	-192.36	4078812	666676416.00
2009/10/21	-192.68	-192.68	-195.83	-195.77	3808393	617367744.00
2009/10/22	-196.36	-194.96	-197.95	-197.25	3681739	585366592.00
2009/10/23	-197.25	-196.29	-197.71	-196.95	4651561	739672640.00
2009/10/26	-196.46	-196.45	-199.25	-199.00	4564431	716061312.00
2009/10/27	-199.00	-198.69	-199.82	-199.45	2542841	396334912.00
2009/10/28	-199.37	-198.05	-199.59	-198.37	1914190	300201152.00
2009/10/29	-199.14	-197.65	-199.74	-199.17	2056523	323781024.00
2009/10/30	-198.31	-198.02	-199.22	-198.23	2750385	432308192.00
2009/11/02	-199.44	-196.36	-199.83	-196.43	3202027	506826784.00
2009/11/03	-196.44	-195.38	-197.14	-196.53	2011889	322722624.00
2009/11/04	-196.53	-194.17	-197.19	-194.53	3361238	543718720.00
2009/11/05	-194.56	-193.92	-195.30	-194.69	2002860	325198976.00
2009/11/06	-194.10	-194.04	-196.20	-195.65	2642166	427266656.00
2009/11/09	-195.65	-195.08	-196.96	-196.52	1847589	295938880.00
2009/11/10	-196.11	-195.23	-197.19	-196.17	3287833	527631008.00
2009/11/11	-196.32	-192.08	-196.32	-193.87	4275738	698929664.00
2009/11/12	-193.84	-190.72	-194.03	-191.55	4262095	706940288.00
2009/11/13	-191.48	-188.70	-192.51	-190.00	5010775	845848192.00
2009/11/16	-189.76	-184.77	-189.76	-186.01	4148038	721755712.00
2009/11/17	-185.92	-185.17	-189.82	-185.92	2939921	506410464.00
2009/11/18	-186.80	-185.62	-188.28	-188.20	1644019	282834432.00
2009/11/19	-188.11	-186.83	-189.52	-188.84	1710850	291816160.00
2009/11/20	-188.90	-188.55	-190.08	-189.78	2313306	391812960.00
2009/11/23	-189.60	-187.42	-189.80	-187.59	3533050	602278208.00
2009/11/24	-186.75	-183.58	-189.22	-189.04	4337935	757143616.00
2009/11/25	-189.00	-185.26	-189.00	-185.87	3223322	557388544.00
2009/11/26	-185.25	-185.25	-190.12	-190.06	2650131	452465248.00
2009/11/27	-190.18	-189.97	-192.63	-192.52	2466989	411859872.00
2009/11/30	-191.19	-185.59	-192.38	-185.98	4374659	749610432.00
2009/12/01	-186.86	-182.76	-187.40	-183.48	3957941	698056576.00
2009/12/02	-183.48	-183.33	-186.01	-184.31	2059622	362528928.00
2009/12/03	-184.42	-184.40	-187.68	-185.99	2500586	433467104.00
2009/12/04	-185.99	-185.99	-189.67	-188.25	3103525	530120192.00
2009/12/07	-181.41	-180.61	-185.32	-184.02	4568280	808969984.00
2009/12/08	-183.99	-182.91	-186.29	-185.50	2614410	456591104.00
2009/12/09	-185.92	-185.59	-187.57	-186.81	1782365	308029888.00
2009/12/10	-185.90	-185.50	-187.13	-185.60	1640437	284681536.00
2009/12/11	-185.16	-184.44	-186.29	-185.23	1659376	290069824.00
2009/12/14	-184.79	-184.79	-186.77	-185.63	2118208	368762144.00
2009/12/15	-185.54	-185.17	-187.53	-186.73	2079146	359287520.00
2009/12/16	-186.74	-186.74	-189.83	-189.37	3265028	555677952.00
2009/12/17	-188.84	-188.84	-191.85	-191.67	2795703	469717792.00
2009/12/18	-191.93	-191.86	-193.81	-192.48	1830917	302160704.00
2009/12/21	-191.93	-189.50	-191.93	-190.60	1812323	303592000.00
2009/12/22	-190.28	-190.05	-192.30	-191.27	1626432	271984512.00
2009/12/23	-191.30	-190.35	-191.91	-190.67	2091885	350286336.00
2009/12/24	-191.18	-185.97	-191.32	-187.08	3820366	655732992.00
2009/12/25	-187.08	-186.67	-189.53	-188.59	3184660	542382912.00
2009/12/28	-188.77	-187.45	-189.30	-188.62	2790543	474640192.00
2009/12/29	-187.80	-187.62	-189.07	-188.02	2152713	367265888.00
2009/12/30	-187.80	-187.80	-190.43	-189.61	4825415	815387584.00
2009/12/31	-189.50	-188.89	-189.82	-189.06	2993429	507306240.00
2010/01/04	-187.42	-187.42	-189.44	-188.97	4430488	753405632.00
2010/01/05	-188.18	-187.80	-189.67	-189.34	3151318	535720416.00
2010/01/06	-189.68	-189.30	-191.69	-191.36	3988903	666073280.00
2010/01/07	-191.36	-191.03	-195.02	-193.64	4882555	801445248.00
2010/01/08	-193.43	-193.43	-196.36	-194.93	3670209	593162176.00
2010/01/11	-193.73	-192.75	-196.06	-195.47	2446103	395563872.00
2010/01/12	-195.35	-191.80	-195.98	-192.19	3106340	509373856.00
2010/01/13	-193.44	-192.57	-195.68	-195.35	3792444	621261824.00
2010/01/14	-194.93	-189.52	-194.93	-190.02	4645464	775471616.00
2010/01/15	-190.04	-186.38	-190.04	-189.02	4593850	788328960.00
2010/01/18	-188.92	-187.22	-189.00	-188.19	2146153	368485888.00
2010/01/19	-188.18	-187.80	-189.30	-189.10	1781891	302797504.00
2010/01/20	-188.99	-188.81	-192.08	-191.99	2097295	353315680.00
2010/01/21	-192.03	-190.14	-192.30	-191.38	1725748	287779648.00
2010/01/22	-191.48	-190.96	-195.02	-193.33	2543294	416305088.00
2010/01/25	-193.54	-190.95	-194.55	-191.90	2323915	385581312.00
2010/01/26	-190.22	-188.79	-192.98	-191.40	3288900	553152640.00
2010/01/27	-191.91	-190.59	-193.73	-193.45	1931657	320765888.00
2010/01/28	-193.54	-188.66	-193.81	-189.52	3026752	507716288.00
2010/01/29	-188.96	-188.77	-190.67	-190.02	3717282	628192896.00
2010/02/01	-189.76	-189.24	-191.17	-189.76	2965594	499867008.00
2010/02/02	-190.43	-188.92	-191.71	-191.54	1549353	260426288.00
2010/02/03	-191.77	-190.35	-193.28	-191.98	2303465	382974400.00
2010/02/04	-192.00	-189.49	-192.58	-189.97	2247533	376703456.00
2010/02/05	-190.72	-187.51	-191.18	-187.98	2623430	445744672.00
2010/02/08	-187.98	-184.72	-188.53	-188.00	3149610	548228608.00
2010/02/09	-187.42	-186.42	-188.52	-188.09	1415124	243172992.00
2010/02/10	-187.42	-186.98	-188.40	-187.55	639814	109830208.00
2010/02/11	-187.57	-185.59	-187.72	-186.38	1494505	259254544.00
2010/02/12	-185.94	-185.77	-187.27	-186.60	934640	161899968.00
2010/02/22	-186.67	-186.59	-189.62	-189.61	1217808	207127840.00
2010/02/23	-189.49	-188.55	-192.90	-191.36	2356213	391601216.00
2010/02/24	-191.36	-189.97	-192.30	-190.49	990427	165405136.00
2010/02/25	-191.25	-188.92	-191.25	-190.24	1531396	258220832.00
2010/02/26	-189.69	-189.69	-191.48	-191.30	1033858	173028880.00
2010/03/01	-191.59	-190.84	-191.94	-191.75	2173474	361550336.00
2010/03/02	-191.47	-191.33	-192.75	-192.23	1718223	284524256.00
2010/03/03	-191.94	-191.75	-192.73	-192.18	1423286	235470736.00
2010/03/04	-191.91	-191.29	-193.43	-192.57	1416897	234440688.00
2010/03/05	-192.57	-192.34	-193.22	-193.12	977055	160821088.00
2010/03/08	-193.07	-192.69	-194.33	-194.05	2325944	380034368.00
2010/03/09	-194.03	-193.66	-194.41	-194.05	1234097	201437824.00
2010/03/10	-193.98	-193.66	-194.26	-193.69	1181406	192984032.00
2010/03/11	-193.54	-193.09	-194.50	-194.17	1351856	220769888.00
2010/03/12	-194.17	-193.68	-195.24	-194.99	1219227	197699616.00
2010/03/15	-195.00	-195.00	-198.01	-197.41	1580851	251338912.00
2010/03/16	-197.41	-196.70	-198.01	-197.23	776413	123284712.00
2010/03/17	-197.20	-196.00	-197.26	-196.05	1871093	298972352.00
2010/03/18	-196.00	-195.41	-198.13	-197.63	1472662	234364032.00
2010/03/19	-197.28	-196.93	-197.94	-197.37	1336163	212046432.00
2010/03/22	-197.01	-196.74	-198.18	-197.94	2300846	364454784.00
2010/03/23	-198.08	-197.58	-198.75	-198.48	1832990	288785248.00
2010/03/24	-198.25	-196.60	-198.28	-197.07	2017566	320611712.00
2010/03/25	-197.26	-197.26	-198.09	-198.01	981360	155141072.00
2010/03/26	-197.81	-195.77	-197.88	-196.69	2052737	328239744.00
2010/03/29	-196.66	-194.96	-197.18	-195.14	3147543	505626400.00
2010/03/30	-195.11	-194.96	-196.81	-196.43	1901210	304981152.00
2010/03/31	-196.46	-195.22	-197.56	-197.37	1490516	237596432.00
2010/04/01	-197.35	-196.06	-197.37	-196.39	2398083	383228768.00
2010/04/02	-197.94	-197.94	-202.75	-201.97	15428170	2359758848.00
2010/04/06	-202.52	-201.70	-202.97	-202.57	5312291	806704576.00
2010/04/07	-202.54	-201.81	-203.03	-202.35	4106108	623779264.00
2010/04/08	-202.33	-202.32	-203.95	-203.57	3292119	497205376.00
2010/04/09	-203.94	-203.50	-205.61	-204.60	5441818	809627264.00
2010/04/12	-204.55	-204.11	-206.37	-205.98	3851423	568871616.00
2010/04/13	-205.90	-203.21	-206.28	-204.04	5430527	807780224.00
2010/04/14	-203.30	-203.30	-205.26	-203.56	4636844	693802752.00
2010/04/15	-203.46	-203.46	-206.20	-205.84	4061730	602138304.00
2010/04/16	-205.85	-204.32	-206.35	-205.47	2939556	434500512.00
2010/04/19	-205.44	-204.29	-207.07	-206.83	4133219	609860416.00
2010/04/20	-206.95	-206.95	-211.37	-208.82	4938723	704502592.00
2010/04/21	-208.83	-205.29	-210.18	-205.44	6336587	922573376.00
2010/04/22	-205.94	-204.51	-206.93	-205.03	3706395	549560384.00
2010/04/23	-205.45	-204.25	-209.13	-208.58	6668694	972162176.00
2010/04/26	-212.21	-211.78	-213.79	-213.77	10703613	1480340480.00
2010/04/27	-213.80	-213.80	-216.95	-216.76	5823448	781868480.00
2010/04/28	-217.47	-216.42	-218.22	-217.37	2628743	347144544.00
2010/04/29	-217.05	-215.02	-217.05	-215.78	3450120	464124480.00
2010/04/30	-217.90	-217.90	-220.67	-219.70	8556670	1102902784.00
2010/05/04	-220.49	-219.31	-221.31	-220.00	2397516	308504576.00
2010/05/05	-220.63	-218.04	-221.00	-218.38	3383878	440483232.00
2010/05/06	-218.22	-218.22	-221.00	-220.97	2824034	364015616.00
2010/05/07	-221.98	-218.70	-222.36	-218.97	3125476	401357088.00
2010/05/10	-217.47	-214.47	-217.47	-216.32	6619258	888886080.00
2010/05/11	-214.78	-214.47	-216.85	-216.23	3363241	450668320.00
2010/05/12	-216.50	-215.97	-218.98	-216.59	2164319	285567360.00
2010/05/13	-216.55	-214.69	-216.55	-215.32	2704954	365164000.00
2010/05/14	-215.31	-214.38	-215.97	-215.26	1812616	245038800.00
2010/05/17	-215.44	-215.44	-219.28	-219.13	1764359	231880080.00
2010/05/18	-218.98	-218.25	-221.85	-218.89	2603747	334232096.00
2010/05/19	-218.60	-218.07	-220.46	-219.10	1079897	140244496.00
2010/05/20	-219.39	-216.47	-219.72	-217.86	2274045	300553536.00
2010/05/21	-219.43	-215.52	-220.12	-215.81	2734138	362007808.00
2010/05/24	-215.23	-214.09	-215.74	-214.49	2978347	404173632.00
2010/05/25	-214.77	-214.77	-218.41	-218.04	2205077	292444448.00
2010/05/26	-217.85	-216.98	-218.85	-217.52	1102531	145156080.00
2010/05/31	-216.35	-215.05	-217.56	-217.56	2354988	314717152.00
2010/06/01	-217.66	-216.38	-218.60	-217.00	2352557	311393504.00
2010/06/02	-217.05	-215.67	-217.74	-215.85	2188944	291694848.00
2010/06/03	-215.23	-214.09	-216.42	-215.20	2494942	338070624.00
2010/06/04	-215.27	-212.66	-215.81	-212.87	3003643	410658464.00
2010/06/07	-213.72	-209.76	-214.47	-210.67	3812507	535882240.00
2010/06/08	-210.67	-210.05	-212.21	-211.37	1439478	202331408.00
2010/06/09	-211.30	-209.51	-211.40	-210.40	1805393	255194304.00
2010/06/10	-210.41	-209.51	-211.06	-210.45	1178127	166835008.00
2010/06/11	-210.28	-209.58	-212.54	-212.43	1957275	274933792.00
2010/06/17	-212.06	-211.85	-214.23	-214.11	1252371	172316224.00
2010/06/18	-214.46	-213.87	-218.22	-217.28	2010229	270316832.00
2010/06/21	-217.17	-215.59	-218.07	-215.64	1895401	251513440.00
2010/06/22	-216.53	-216.01	-217.92	-217.33	2077910	275184096.00
2010/06/23	-217.47	-216.81	-217.91	-217.70	1281276	169174736.00
2010/06/24	-217.54	-217.12	-219.22	-219.00	2434403	317936256.00
2010/06/25	-219.13	-218.22	-219.85	-218.58	1901135	246313344.00
2010/06/28	-218.82	-218.81	-220.62	-220.47	1481698	190660624.00
2010/06/29	-220.09	-219.43	-222.35	-221.78	2778266	354061600.00
2010/06/30	-221.98	-220.85	-222.24	-220.96	1782412	225134752.00
2010/07/01	-220.59	-220.59	-221.60	-221.21	744969	94688256.00
2010/07/02	-221.57	-219.65	-221.57	-220.72	1645270	209978224.00
2010/07/05	-220.71	-220.49	-222.17	-221.23	1404074	176428080.00
2010/07/06	-221.17	-219.47	-221.84	-219.89	1530643	195146896.00
2010/07/07	-219.89	-219.21	-220.71	-220.10	878828	111689440.00
2010/07/08	-220.26	-219.21	-220.26	-219.35	851641	108893888.00
2010/07/09	-219.15	-216.43	-219.81	-217.29	2737851	357390432.00
2010/07/12	-217.48	-215.61	-217.67	-217.55	1783426	235347808.00
2010/07/13	-217.53	-217.53	-219.20	-218.42	743911	96225624.00
2010/07/14	-218.54	-217.21	-218.81	-217.90	964266	125763296.00
2010/07/15	-217.71	-215.68	-217.82	-216.71	1883333	248573680.00
2010/07/16	-217.41	-214.82	-217.65	-215.22	3294951	438987872.00
2010/07/19	-215.79	-213.43	-215.90	-213.73	1941232	261608080.00
2010/07/20	-213.59	-212.61	-214.57	-213.19	2688619	366053248.00
2010/07/21	-213.19	-210.27	-213.19	-212.16	2436302	338324512.00
2010/07/22	-211.47	-211.47	-212.98	-212.10	1622166	223560512.00
2010/07/23	-211.94	-209.81	-211.94	-210.04	3846600	539887872.00
2010/07/26	-210.04	-208.48	-210.38	-209.85	2201691	311555744.00
2010/07/27	-210.50	-208.93	-210.50	-209.07	2522904	357546816.00
2010/07/28	-208.62	-208.30	-209.44	-208.36	2774035	395352768.00
2010/07/29	-208.37	-208.24	-211.20	-211.01	4537287	636454912.00
2010/07/30	-211.11	-211.11	-212.45	-211.57	2943877	406203360.00
2010/08/02	-211.60	-206.62	-211.60	-207.90	4296573	614400256.00
2010/08/03	-208.32	-206.97	-209.06	-208.87	1757323	251858816.00
2010/08/04	-209.07	-207.42	-209.28	-207.55	1735013	249201024.00
2010/08/05	-207.51	-203.55	-207.51	-204.44	4196613	620781760.00
2010/08/06	-204.71	-203.96	-205.16	-204.41	2184053	323918720.00
2010/08/09	-204.37	-201.39	-204.37	-201.85	3870373	586147264.00
2010/08/10	-201.85	-200.36	-205.69	-205.49	2873994	427619904.00
2010/08/11	-206.06	-203.81	-206.06	-204.67	1519063	224550912.00
2010/08/12	-204.71	-201.63	-205.91	-203.87	3102587	463112768.00
2010/08/13	-203.90	-201.96	-204.32	-202.77	1577559	236758800.00
2010/08/16	-202.75	-200.59	-202.75	-200.88	2591045	395272896.00
2010/08/17	-200.95	-198.36	-201.18	-199.23	3574757	554777088.00
2010/08/18	-199.32	-198.24	-201.33	-200.92	3017378	464752256.00
2010/08/19	-200.89	-200.13	-202.68	-202.11	3543714	536485056.00
2010/08/20	-202.16	-202.16	-204.20	-203.89	2084159	311220160.00
2010/08/23	-204.37	-202.38	-204.56	-202.52	1321493	197952512.00
2010/08/24	-202.82	-200.81	-203.73	-201.99	1083825	164253360.00
2010/08/25	-202.68	-201.62	-203.34	-203.22	1650788	249067216.00
2010/08/26	-203.13	-202.65	-204.19	-202.78	1223254	183116480.00
2010/08/27	-203.06	-202.13	-203.66	-202.26	879939	132580368.00
2010/08/30	-201.80	-195.55	-201.80	-195.68	5378443	849497664.00
2010/08/31	-196.65	-194.80	-197.14	-196.12	3139997	501261376.00
2010/09/01	-196.45	-194.64	-198.63	-197.89	2558928	406904448.00
2010/09/02	-197.05	-193.98	-197.15	-195.55	2482198	399335616.00
2010/09/03	-195.70	-191.50	-195.70	-193.58	2776144	452832224.00
2010/09/06	-192.54	-189.08	-192.54	-190.50	2900844	485289344.00
2010/09/07	-190.25	-188.71	-191.94	-191.59	2237367	372434016.00
2010/09/08	-191.79	-189.91	-191.79	-190.68	1501080	250344688.00
2010/09/09	-190.29	-188.71	-191.04	-190.37	2150384	360593536.00
2010/09/10	-189.91	-188.11	-190.66	-188.42	1986768	335023680.00
2010/09/13	-188.78	-185.44	-189.57	-188.95	2806347	480493824.00
2010/09/14	-188.97	-187.87	-191.34	-190.07	2638343	441034016.00
2010/09/15	-190.29	-190.07	-194.27	-193.70	2103208	347008832.00
2010/09/16	-193.97	-192.50	-197.88	-196.04	2049773	327836608.00
2010/09/17	-196.13	-192.21	-197.42	-194.19	1797526	290800416.00
2010/09/20	-193.40	-191.04	-194.04	-192.05	1257607	206418544.00
2010/09/21	-190.66	-190.38	-192.53	-190.98	1494036	247684432.00
2010/09/27	-190.96	-188.78	-191.56	-188.91	1854846	310077024.00
2010/09/28	-189.09	-187.14	-189.53	-187.45	2258512	384574240.00
2010/09/29	-187.73	-186.87	-190.28	-190.17	1327200	225065392.00
2010/09/30	-190.62	-188.63	-191.04	-188.99	1457890	244719872.00
2010/10/08	-188.78	-183.90	-188.78	-185.38	3160889	549852992.00
2010/10/11	-185.03	-183.20	-191.04	-189.69	4374269	742024448.00
2010/10/12	-189.68	-188.05	-192.32	-190.59	2854304	473412992.00
2010/10/13	-191.04	-190.64	-195.66	-194.79	6028775	972450176.00
2010/10/14	-194.78	-194.57	-197.94	-196.72	5324373	842374784.00
2010/10/15	-196.66	-193.29	-196.82	-195.56	7209979	1152421888.00
2010/10/18	-195.55	-191.67	-199.45	-193.73	9656442	1522116992.00
2010/10/19	-194.48	-191.86	-195.55	-193.09	5344848	870135040.00
2010/10/20	-195.47	-188.86	-195.48	-189.98	4737289	788461632.00
2010/10/21	-189.84	-187.99	-191.19	-189.93	3762194	632118784.00
2010/10/22	-189.93	-186.83	-190.54	-189.45	4104654	697025664.00
2010/10/25	-188.78	-185.18	-189.44	-185.78	3619520	622609024.00
2010/10/26	-185.93	-185.87	-189.53	-188.78	2859063	484027264.00
2010/10/27	-188.97	-188.48	-190.66	-189.42	2891262	484076384.00
2010/10/28	-189.61	-189.31	-190.49	-190.26	1944068	325743872.00
2010/10/29	-191.98	-191.74	-195.17	-193.18	6546557	1064852160.00
2010/11/01	-193.14	-191.86	-193.89	-192.72	4965892	810910400.00
2010/11/02	-192.15	-192.15	-194.35	-193.54	6229217	1009953792.00
2010/11/03	-193.29	-191.30	-194.42	-193.03	4225317	693876480.00
2010/11/04	-192.58	-191.38	-193.46	-191.75	4462919	732196928.00
2010/11/05	-191.56	-191.04	-193.07	-192.56	3465491	569207552.00
2010/11/08	-192.55	-192.54	-194.61	-192.92	5689413	922801024.00
2010/11/09	-192.84	-190.59	-193.50	-191.14	6073790	1002019520.00
2010/11/10	-190.59	-178.68	-190.66	-180.72	15000509	2670067200.00
2010/11/11	-179.02	-179.02	-184.94	-183.58	7421720	1322968320.00
2010/11/12	-183.86	-174.45	-183.89	-182.37	12650029	2298576128.00
2010/11/15	-179.02	-174.51	-179.02	-177.75	7903878	1458250368.00
2010/11/16	-176.02	-176.01	-184.65	-182.63	7229177	1294350592.00
2010/11/17	-183.60	-183.60	-192.69	-191.79	8050906	1362362368.00
2010/11/18	-190.62	-187.30	-191.04	-188.42	4028604	680881280.00
2010/11/19	-187.21	-183.52	-187.87	-184.16	4895475	848958208.00
2010/11/22	-184.37	-178.73	-185.18	-181.64	4794081	857696512.00
2010/11/23	-181.74	-173.61	-183.37	-173.73	10846981	1995630336.00
2010/11/24	-171.50	-160.53	-171.50	-165.55	11079930	2220954880.00
2010/11/25	-165.09	-162.77	-167.75	-163.26	4557974	916382400.00
2010/11/26	-163.26	-155.97	-165.03	-160.05	6379942	1324934656.00
2010/11/29	-161.55	-148.96	-161.55	-153.15	6749939	1441023232.00
2010/11/30	-153.19	-153.19	-165.24	-161.88	6566539	1356812160.00
2010/12/01	-163.24	-159.48	-165.48	-163.69	3801622	773495040.00
2010/12/02	-162.34	-160.98	-167.06	-166.87	4294009	864862784.00
2010/12/03	-167.00	-162.87	-167.22	-165.65	4303732	863905856.00
2010/12/06	-165.61	-163.99	-172.92	-170.74	4328158	839963264.00
2010/12/07	-171.59	-166.39	-173.11	-167.33	3180480	621614976.00
2010/12/08	-167.37	-164.14	-168.49	-168.36	2833468	564539200.00
2010/12/09	-168.51	-167.91	-171.28	-169.05	2446140	474949024.00
2010/12/10	-170.49	-166.33	-172.25	-167.21	3958731	766519104.00
2010/12/13	-167.37	-167.37	-170.38	-167.75	5859283	1144043392.00
2010/12/14	-167.51	-164.37	-167.90	-167.06	6154272	1224103168.00
2010/12/15	-167.00	-162.99	-167.00	-164.97	4742380	953073600.00
2010/12/16	-156.48	-156.10	-160.61	-160.25	6681758	1396868352.00
2010/12/17	-159.48	-158.58	-162.63	-162.17	5176982	1060471104.00
2010/12/20	-161.00	-160.49	-170.00	-167.46	6855725	1361002112.00
2010/12/21	-167.48	-167.29	-170.74	-170.00	5935942	1153389568.00
2010/12/22	-169.95	-169.63	-173.01	-172.29	4415122	845830976.00
2010/12/23	-172.37	-170.98	-173.01	-172.47	3274389	626262016.00
2010/12/24	-172.47	-172.32	-175.26	-173.97	2940852	553596992.00
2010/12/27	-173.76	-173.01	-178.78	-178.27	4524640	844631488.00
2010/12/28	-178.27	-175.56	-182.47	-178.07	4817644	873676032.00
2010/12/29	-178.19	-175.96	-179.02	-176.01	3096760	569651392.00
2010/12/30	-175.64	-175.64	-180.37	-179.07	4177468	760950272.00
2010/12/31	-179.17	-177.30	-179.73	-177.57	4608487	843075712.00
2011/01/04	-175.34	-174.58	-178.57	-176.39	6046226	1116558336.00
2011/01/05	-176.84	-176.46	-180.14	-179.71	5819802	1064872704.00
2011/01/06	-179.61	-177.81	-181.69	-180.34	3758456	677984000.00
2011/01/07	-180.38	-179.25	-181.65	-180.73	3053380	548732352.00
2011/01/10	-180.80	-180.14	-184.92	-184.79	3878483	687881600.00
2011/01/11	-185.27	-183.90	-187.12	-185.36	4532210	787943040.00
2011/01/12	-184.95	-183.52	-186.22	-184.67	3132325	546334144.00
2011/01/13	-183.90	-179.77	-184.66	-180.90	4134174	740207616.00
2011/01/14	-181.31	-179.61	-182.55	-180.38	2577266	461741088.00
2011/01/17	-180.74	-178.87	-184.26	-183.83	3747516	673586240.00
2011/01/18	-184.20	-178.56	-185.03	-178.60	4096235	738283968.00
2011/01/19	-178.60	-177.84	-179.69	-178.39	2619867	478032608.00
2011/01/20	-178.79	-177.52	-181.83	-180.47	2452305	444085184.00
2011/01/21	-180.67	-179.39	-183.78	-183.61	2686737	479005920.00
2011/01/24	-183.62	-182.41	-188.02	-186.89	3477549	601577984.00
2011/01/25	-187.30	-186.23	-188.03	-187.51	1723864	294978976.00
2011/01/26	-187.27	-185.03	-187.27	-186.42	1432571	247045168.00
2011/01/27	-186.56	-184.07	-188.35	-185.73	2944427	507387584.00
2011/01/28	-185.77	-184.93	-186.24	-185.52	1959143	339796032.00
2011/01/31	-185.40	-179.83	-185.77	-182.03	3244243	577621824.00
2011/02/01	-182.02	-179.13	-182.40	-180.31	1775846	319648608.00
2011/02/09	-180.53	-179.91	-182.77	-182.05	1767531	317003712.00
2011/02/10	-182.51	-176.02	-182.55	-176.74	3600875	656695296.00
2011/02/11	-176.96	-174.17	-177.30	-176.82	3400141	634257216.00
2011/02/14	-176.82	-174.51	-177.59	-175.18	3663915	681621632.00
2011/02/15	-175.18	-173.91	-176.91	-176.58	2971640	554140672.00
2011/02/16	-176.76	-176.02	-179.24	-177.75	3644018	667440832.00
2011/02/17	-178.27	-177.74	-179.90	-179.57	3636380	662075968.00
2011/02/18	-179.92	-176.42	-180.29	-179.03	3682873	676343232.00
2011/02/21	-179.02	-176.91	-179.62	-177.90	2728985	498811360.00
2011/02/22	-177.90	-176.57	-179.77	-179.11	3829380	701713024.00
2011/02/23	-179.69	-177.91	-179.69	-178.45	1942229	353816768.00
2011/02/24	-178.58	-177.91	-179.68	-178.90	2047631	373539584.00
2011/02/25	-178.36	-178.36	-181.12	-180.80	2941343	532482176.00
2011/02/28	-181.05	-180.92	-183.52	-181.51	3909310	693295744.00
2011/03/01	-181.49	-180.57	-182.17	-181.54	2305941	411728224.00
2011/03/02	-181.87	-181.27	-183.52	-182.62	3209550	569125312.00
2011/03/03	-182.57	-181.50	-184.46	-184.28	3773509	663456192.00
2011/03/04	-184.28	-182.94	-184.65	-183.58	3335119	587411584.00
2011/03/07	-183.64	-182.37	-183.64	-182.49	3355369	593119936.00
2011/03/08	-182.45	-182.32	-184.43	-182.98	3186955	560058560.00
2011/03/09	-182.40	-181.87	-183.49	-182.03	2297146	406818016.00
2011/03/10	-182.04	-177.36	-182.49	-179.02	5449213	991540416.00
2011/03/11	-179.32	-177.96	-180.60	-180.49	2334545	424871808.00
2011/03/14	-180.88	-177.51	-181.19	-178.36	2237298	408383264.00
2011/03/15	-179.29	-178.10	-182.75	-181.07	3089855	554199744.00
2011/03/16	-180.82	-178.29	-181.04	-179.14	2417624	438681952.00
2011/03/17	-179.84	-173.36	-180.38	-173.73	8852277	1653009408.00
2011/03/18	-173.34	-169.93	-175.16	-172.14	6148407	1175141376.00
2011/03/21	-173.16	-172.27	-177.10	-175.16	4865124	910057856.00
2011/03/22	-174.22	-173.02	-176.61	-176.20	2788755	521369664.00
2011/03/23	-176.00	-175.49	-177.89	-175.61	4288185	792668096.00
2011/03/24	-175.79	-175.60	-177.89	-177.85	2135318	393924352.00
2011/03/25	-178.27	-176.33	-178.27	-177.94	2790552	513404256.00
2011/03/28	-177.85	-177.21	-180.15	-179.84	4029587	731052992.00
2011/03/29	-179.77	-179.54	-181.65	-181.31	2652330	476995776.00
2011/03/30	-181.32	-180.32	-181.80	-181.49	2060299	368964864.00
2011/03/31	-181.49	-178.42	-181.65	-180.63	1752586	316949408.00
2011/04/01	-180.53	-179.50	-181.61	-180.92	1822749	326554080.00
2011/04/06	-180.97	-180.59	-182.99	-182.79	2877481	510620640.00
2011/04/07	-183.37	-182.77	-184.44	-184.32	4683074	820484800.00
2011/04/08	-184.31	-183.15	-184.43	-183.78	2182315	383817088.00
2011/04/11	-183.94	-181.53	-184.19	-182.40	2617314	463960288.00
2011/04/12	-182.40	-181.01	-183.00	-182.46	3494568	623251648.00
2011/04/13	-182.55	-181.27	-182.76	-181.77	2938919	522953568.00
2011/04/14	-181.80	-181.65	-183.92	-183.72	3662196	644626752.00
2011/04/15	-183.55	-182.78	-187.45	-186.24	5332701	919620928.00
2011/04/18	-186.39	-185.49	-187.12	-185.73	1960899	338287712.00
2011/04/19	-185.73	-184.55	-186.91	-185.49	2288067	395248448.00
2011/04/20	-185.49	-184.14	-185.78	-184.43	2250928	392495936.00
2011/04/21	-184.28	-182.33	-184.49	-184.38	2868434	505336032.00
2011/04/22	-183.90	-183.22	-184.63	-183.41	1450023	254794864.00
2011/04/25	-180.52	-176.70	-180.89	-178.22	7022553	1280812416.00
2011/04/26	-178.27	-177.89	-179.86	-179.64	3109542	565862144.00
2011/04/27	-179.32	-176.76	-179.77	-179.66	2774847	508713440.00
2011/04/28	-178.94	-178.58	-182.17	-181.71	2535717	455048064.00
2011/04/29	-181.72	-178.20	-182.26	-178.78	2208382	401140704.00
2011/05/03	-178.27	-175.41	-179.02	-176.12	4127082	764382848.00
2011/05/04	-177.15	-174.45	-177.93	-177.89	3252106	604784384.00
2011/05/05	-177.88	-174.88	-178.26	-176.80	2669349	496448128.00
2011/05/06	-177.51	-175.26	-178.26	-176.15	2396065	444808832.00
2011/05/09	-175.58	-174.89	-177.59	-177.39	1217595	225581744.00
2011/05/10	-177.46	-177.14	-178.43	-177.82	1591880	292606304.00
2011/05/11	-178.25	-175.79	-178.25	-176.56	1289667	238855456.00
2011/05/12	-176.76	-173.38	-177.06	-175.02	2502771	470405152.00
2011/05/13	-175.00	-173.76	-176.39	-174.76	1225320	229207568.00
2011/05/16	-174.88	-173.77	-175.64	-174.76	1150557	216417136.00
2011/05/17	-175.24	-172.78	-176.01	-174.79	2086644	393848448.00
2011/05/18	-175.03	-167.42	-175.03	-169.29	6216505	1212084736.00
2011/05/19	-168.50	-164.25	-168.50	-165.58	8573805	1716471168.00
2011/05/20	-164.97	-164.25	-166.39	-164.87	4004386	801739968.00
2011/05/23	-165.49	-163.43	-167.75	-167.72	3942088	783913344.00
2011/05/24	-168.87	-167.37	-169.63	-169.54	2399707	470085888.00
2011/05/26	-169.40	-163.40	-169.40	-166.48	3897036	779314752.00
2011/05/27	-165.58	-164.91	-170.59	-170.20	3172958	626618176.00
2011/05/30	-171.37	-163.55	-171.68	-163.59	4728600	942388992.00
2011/05/31	-163.50	-162.50	-164.52	-162.64	3385483	685945984.00
2011/06/01	-162.41	-157.99	-163.22	-158.06	3909376	813188032.00
2011/06/02	-159.11	-158.24	-162.79	-160.54	3958543	818432000.00
2011/06/03	-160.97	-155.95	-160.97	-156.77	2948396	618505280.00
2011/06/07	-156.49	-156.48	-160.77	-159.58	2687617	559703872.00
2011/06/08	-159.82	-158.21	-162.80	-158.93	2507047	517190784.00
2011/06/09	-159.44	-159.26	-164.17	-164.13	3617970	737042688.00
2011/06/10	-164.37	-162.12	-165.64	-163.57	3427917	692444736.00
2011/06/13	-163.61	-162.56	-166.39	-164.37	2800457	562464128.00
2011/06/14	-164.39	-161.75	-165.12	-162.14	3748788	758192896.00
2011/06/15	-162.47	-162.13	-163.85	-163.08	1640856	333131872.00
2011/06/16	-163.84	-161.52	-165.33	-163.22	1773147	359795616.00
2011/06/17	-162.86	-157.99	-163.50	-159.01	3341100	690941504.00
2011/06/20	-159.41	-159.27	-164.74	-162.89	2990915	611059072.00
2011/06/21	-163.97	-161.86	-163.97	-163.01	1273817	259198208.00
2011/06/22	-163.09	-159.87	-163.09	-161.04	1618853	333499808.00
2011/06/23	-161.51	-158.58	-161.74	-159.49	2028098	421820416.00
2011/06/24	-159.60	-157.87	-161.47	-160.65	3706850	770684608.00
2011/06/27	-160.08	-158.76	-161.15	-159.28	2319042	480816704.00
2011/06/28	-158.73	-156.57	-160.07	-157.64	2554048	536916032.00
2011/06/29	-157.32	-155.82	-159.56	-157.27	1959670	412274528.00
2011/06/30	-157.96	-155.50	-157.96	-156.00	3270121	694508288.00
2011/07/01	-154.94	-154.94	-157.09	-155.66	1581050	302002752.00
2011/07/04	-156.00	-154.25	-156.34	-154.51	4633841	888995904.00
2011/07/05	-154.52	-154.51	-157.17	-155.82	2705785	516722464.00
2011/07/06	-156.19	-155.35	-156.91	-156.12	1975377	377527552.00
2011/07/07	-156.18	-151.98	-156.18	-153.61	4095675	793379776.00
2011/07/08	-153.41	-152.47	-154.56	-153.63	1718381	333151328.00
2011/07/11	-153.65	-150.33	-154.15	-151.36	2561574	502438496.00
2011/07/12	-151.78	-151.36	-153.99	-153.91	2848826	554927104.00
2011/07/13	-153.62	-152.47	-154.23	-153.21	2210907	429986688.00
2011/07/14	-153.21	-153.04	-154.69	-154.32	2482217	480420224.00
2011/07/15	-154.86	-152.22	-154.86	-152.75	1776389	346071488.00
2011/07/18	-152.71	-148.37	-152.71	-149.60	2852341	566196224.00
2011/07/19	-149.65	-148.71	-151.05	-149.70	2027661	403182848.00
2011/07/20	-148.75	-148.34	-149.98	-148.83	1896708	378689408.00
2011/07/21	-148.60	-144.19	-148.74	-145.90	4767686	968173568.00
2011/07/22	-146.13	-141.40	-146.13	-143.55	4986088	1029115264.00
2011/07/25	-142.95	-142.39	-146.66	-145.72	3526043	720951296.00
2011/07/26	-145.85	-145.44	-147.09	-145.80	2479175	503434816.00
2011/07/27	-145.52	-142.54	-146.54	-145.17	3067625	630035072.00
2011/07/28	-145.52	-142.21	-147.09	-142.33	2292323	468616896.00
2011/07/29	-142.54	-142.54	-144.36	-143.21	1910416	394180480.00
2011/08/01	-142.68	-142.68	-146.42	-145.95	1857289	378447552.00
2011/08/02	-146.92	-146.47	-149.94	-147.82	2784958	555745792.00
2011/08/03	-149.39	-146.42	-149.56	-147.26	1706132	344076864.00
2011/08/04	-146.67	-144.04	-147.25	-144.62	1777327	363287264.00
2011/08/05	-148.67	-144.11	-148.67	-146.15	2131985	433966208.00
2011/08/08	-147.90	-144.52	-150.39	-149.02	3688434	740883136.00
2011/08/09	-151.68	-146.26	-154.52	-147.83	3692433	726671488.00
2011/08/10	-146.76	-143.37	-148.95	-144.03	3843626	782644224.00
2011/08/11	-145.43	-135.85	-145.43	-136.59	6194915	1301728256.00
2011/08/12	-136.34	-134.19	-137.99	-134.88	3946631	851693632.00
2011/08/15	-134.52	-133.21	-138.89	-137.75	2945063	630341312.00
2011/08/16	-137.46	-136.11	-141.90	-140.73	3749156	788423424.00
2011/08/17	-140.47	-139.24	-141.53	-140.60	1355328	284382048.00
2011/08/18	-141.04	-140.60	-143.48	-141.96	2934173	609082944.00
2011/08/19	-143.04	-140.35	-143.33	-140.56	3748808	780729984.00
2011/08/22	-140.39	-139.73	-145.76	-145.18	2816438	581020736.00
2011/08/23	-145.44	-143.61	-145.93	-144.66	2357921	482616544.00
2011/08/24	-144.61	-142.14	-145.36	-143.95	1795707	370146592.00
2011/08/25	-142.54	-141.71	-144.60	-142.61	3008305	623188928.00
2011/08/26	-142.64	-138.00	-143.08	-138.09	2274888	477352672.00
2011/08/29	-138.82	-135.53	-140.89	-136.12	2608244	558335936.00
2011/08/30	-135.93	-134.33	-137.99	-136.49	2881601	619557312.00
2011/08/31	-133.20	-132.62	-136.76	-136.53	5001461	1079339648.00
2011/09/01	-136.59	-135.95	-140.06	-139.25	2568961	544632832.00
2011/09/02	-139.76	-138.66	-140.56	-138.94	1383257	292111776.00
2011/09/05	-139.49	-139.33	-143.37	-142.73	2734484	569905664.00
2011/09/06	-143.78	-141.88	-146.85	-146.25	3209469	656690816.00
2011/09/07	-145.76	-142.23	-145.85	-142.47	2008770	412012256.00
2011/09/08	-142.13	-141.31	-144.09	-143.89	1318267	274052384.00
2011/09/09	-143.32	-140.74	-145.44	-142.89	1422719	294079488.00
2011/09/13	-144.95	-143.78	-147.85	-147.39	1894913	384543776.00
2011/09/14	-146.26	-146.03	-153.56	-150.43	4762579	940641408.00
2011/09/15	-150.39	-148.57	-150.58	-149.99	1912200	380380032.00
2011/09/16	-149.16	-146.15	-150.39	-146.33	1802927	361574720.00
2011/09/19	-145.68	-145.02	-147.15	-146.49	1535204	311793472.00
2011/09/20	-146.51	-146.51	-149.15	-148.04	1278463	256651648.00
2011/09/21	-148.06	-144.58	-148.33	-145.14	2464016	501953376.00
2011/09/22	-146.26	-145.53	-150.97	-150.67	2433610	489514720.00
2011/09/23	-153.61	-152.04	-157.09	-153.66	7653720	1476263552.00
2011/09/26	-155.47	-153.49	-158.66	-158.56	4221118	803193664.00
2011/09/27	-157.03	-155.65	-158.93	-157.45	2474981	468028768.00
2011/09/28	-156.34	-156.34	-160.12	-159.38	3238984	611544832.00
2011/09/29	-161.22	-156.18	-161.22	-159.41	3003061	563567680.00
2011/09/30	-159.35	-156.09	-159.35	-156.52	1826966	346902272.00
2011/10/10	-156.28	-155.52	-158.96	-158.66	1428391	270790784.00
2011/10/11	-155.36	-155.36	-162.79	-159.51	2058625	387171392.00
2011/10/12	-159.90	-154.85	-161.61	-155.32	2977855	563092928.00
2011/10/13	-155.32	-153.00	-157.00	-155.29	2396172	460883872.00
2011/10/14	-156.14	-154.71	-157.17	-155.81	1246836	238319744.00
2011/10/17	-155.21	-150.80	-155.68	-151.10	2600851	509046240.00
2011/10/18	-152.59	-149.26	-152.86	-151.70	2278575	451487840.00
2011/10/19	-150.87	-147.50	-151.22	-150.29	2265785	451701344.00
2011/10/20	-151.22	-149.93	-156.51	-156.09	2931263	569297344.00
2011/10/21	-156.46	-152.87	-156.46	-153.37	1711645	330777248.00
2011/10/24	-152.21	-147.82	-153.37	-148.28	3239068	638275456.00
2011/10/25	-149.40	-145.99	-149.40	-148.23	3204192	643502592.00
2011/10/26	-148.84	-147.02	-149.80	-147.20	2949276	591834112.00
2011/10/27	-147.04	-145.14	-147.47	-147.09	2010454	407006048.00
2011/10/28	-145.84	-143.12	-145.84	-144.60	2605660	533715360.00
2011/10/31	-144.36	-143.63	-146.52	-145.26	2812199	574616384.00
2011/11/01	-146.11	-142.54	-146.66	-142.80	2714739	559038592.00
2011/11/02	-144.65	-140.76	-144.94	-140.83	2664701	550968576.00
2011/11/03	-139.59	-139.23	-142.81	-142.72	3046590	636306560.00
2011/11/04	-142.23	-140.47	-143.51	-142.33	1854675	384686880.00
2011/11/07	-141.96	-141.55	-143.32	-143.12	1657390	344437184.00
2011/11/08	-142.41	-142.18	-145.45	-144.81	2554641	525028352.00
2011/11/09	-144.69	-143.23	-146.67	-145.33	2469607	506506720.00
2011/11/10	-146.02	-144.11	-146.15	-144.60	1461770	298980864.00
2011/11/11	-144.60	-144.48	-146.23	-145.46	1169264	238543936.00
2011/11/14	-144.20	-142.00	-145.27	-142.74	1798624	371343616.00
2011/11/15	-142.46	-142.17	-146.26	-145.49	1778226	364242656.00
2011/11/16	-145.47	-145.47	-148.82	-148.10	2954580	592948928.00
2011/11/17	-148.04	-145.76	-148.48	-147.22	1558904	315328832.00
2011/11/18	-147.18	-146.36	-148.99	-148.27	1990746	401272256.00
2011/11/21	-148.16	-145.93	-148.65	-148.02	1838975	370926336.00
2011/11/22	-148.00	-143.04	-148.24	-143.72	3565252	729198912.00
2011/11/23	-144.09	-141.05	-144.09	-141.21	3153785	656169792.00
2011/11/24	-141.63	-141.15	-142.54	-142.38	2655899	554286400.00
2011/11/25	-142.33	-137.71	-142.95	-140.49	4023570	848244736.00
2011/11/28	-140.22	-136.53	-141.04	-137.28	5337998	1136929536.00
2011/11/29	-137.33	-135.44	-138.99	-138.36	4135500	884545024.00
2011/11/30	-138.09	-136.52	-141.47	-140.42	4026323	850997824.00
2011/12/01	-137.83	-136.18	-140.25	-138.13	3378549	719311296.00
2011/12/02	-138.82	-135.35	-138.82	-137.14	2726718	584935168.00
2011/12/05	-136.80	-136.80	-143.45	-143.18	3902560	816027264.00
2011/12/06	-143.36	-143.33	-147.33	-145.71	3715216	756470592.00
2011/12/07	-145.68	-143.37	-145.68	-144.03	2733376	562146752.00
2011/12/08	-143.86	-141.63	-146.36	-146.26	2466108	506265024.00
2011/12/09	-146.38	-145.56	-148.99	-148.89	3674573	737854848.00
2011/12/12	-148.89	-147.99	-151.31	-150.77	2952692	585362496.00
2011/12/13	-151.28	-150.41	-152.06	-151.84	2999583	591182080.00
2011/12/14	-151.84	-148.74	-151.84	-150.52	2081322	412444000.00
2011/12/15	-151.33	-149.66	-152.83	-151.23	2188003	430851264.00
2011/12/16	-150.39	-147.10	-150.40	-147.27	3064900	614353408.00
2011/12/19	-147.94	-147.59	-149.32	-147.91	2545636	510463392.00
2011/12/20	-147.91	-146.42	-149.98	-148.54	1710630	342834656.00
2011/12/21	-147.76	-147.52	-151.23	-151.03	2196281	437207584.00
2011/12/22	-150.80	-147.98	-152.21	-149.01	1744332	346785280.00
2011/12/23	-148.82	-147.58	-149.56	-148.11	1760956	353128160.00
2011/12/26	-148.23	-148.23	-155.10	-154.42	4699504	918253504.00
2011/12/27	-154.52	-154.52	-158.39	-157.80	3131498	594898816.00
2011/12/28	-158.41	-156.59	-159.90	-156.81	2773843	524088096.00
2011/12/29	-157.75	-154.61	-157.75	-155.18	2006213	384717984.00
2011/12/30	-154.77	-152.97	-157.00	-154.28	2946086	569875584.00
2012/01/04	-155.76	-154.71	-161.14	-160.91	3387828	637232832.00
2012/01/05	-161.96	-160.97	-163.32	-162.66	3012264	553347008.00
2012/01/06	-162.71	-158.61	-163.90	-159.78	2519062	464647456.00
2012/01/09	-160.31	-158.58	-163.80	-158.65	2616016	483282464.00
2012/01/10	-159.48	-153.15	-160.22	-153.30	3923560	749263296.00
2012/01/11	-154.56	-153.79	-157.58	-157.27	3989116	761167936.00
2012/01/12	-158.18	-155.71	-158.18	-156.71	2744036	522231552.00
2012/01/13	-156.42	-156.01	-159.05	-158.09	2054230	387615936.00
2012/01/16	-159.17	-159.17	-168.85	-167.41	5165579	933514112.00
2012/01/17	-167.00	-163.63	-172.79	-164.90	6122764	1077158912.00
2012/01/18	-164.09	-160.99	-168.03	-167.43	4729465	858725568.00
2012/01/19	-167.01	-163.95	-168.98	-164.69	2432942	437246144.00
2012/01/20	-163.61	-160.14	-163.61	-160.33	2968320	548292992.00
2012/01/30	-160.32	-159.49	-162.74	-162.13	3055021	563162752.00
2012/01/31	-161.61	-159.81	-161.67	-159.97	1585470	294490848.00
2012/02/01	-160.14	-158.23	-161.23	-160.18	2482436	464159680.00
2012/02/02	-160.18	-159.48	-161.73	-159.95	2037511	378596192.00
2012/02/03	-159.93	-159.81	-162.38	-159.91	2651789	490438848.00
2012/02/06	-159.80	-158.03	-160.47	-158.21	2974767	557205056.00
2012/02/07	-159.23	-158.28	-160.80	-160.42	1794210	334371744.00
2012/02/08	-160.42	-157.83	-161.07	-158.42	2308220	432175424.00
2012/02/09	-158.66	-156.05	-158.94	-156.38	3138479	596916608.00
2012/02/10	-157.39	-155.02	-157.75	-156.58	2227637	425266912.00
2012/02/13	-157.42	-152.73	-158.11	-154.18	2163921	416409696.00
2012/02/14	-154.78	-153.15	-155.52	-153.85	1514248	292922048.00
2012/02/15	-154.75	-152.13	-154.75	-153.04	2471409	481676736.00
2012/02/16	-154.09	-153.04	-156.51	-155.58	2201602	424963040.00
2012/02/17	-153.80	-153.80	-156.70	-155.81	1228791	235751776.00
2012/02/20	-154.56	-153.97	-156.34	-156.29	1853002	356774752.00
2012/02/21	-155.52	-154.87	-156.67	-155.39	1378929	264260512.00
2012/02/22	-154.72	-154.11	-156.19	-154.72	2235227	429952032.00
2012/02/23	-154.92	-152.84	-154.92	-153.44	3343326	649316736.00
2012/02/24	-153.55	-150.22	-153.57	-150.33	2394408	471970592.00
2012/02/27	-149.75	-148.72	-150.80	-149.98	2656235	528808000.00
2012/02/28	-149.21	-147.95	-149.93	-148.13	2569800	514122720.00
2012/02/29	-147.91	-144.61	-148.33	-145.05	3943224	802601088.00
2012/03/01	-145.83	-144.22	-146.76	-146.61	1692079	345438336.00
2012/03/02	-146.56	-145.68	-149.14	-147.99	3521672	706746816.00
2012/03/05	-148.04	-148.01	-149.90	-148.87	3055381	609500928.00
2012/03/06	-149.56	-148.87	-152.04	-152.00	3147400	621286464.00
2012/03/07	-153.10	-152.38	-154.54	-154.42	2919886	567286784.00
2012/03/08	-154.35	-151.95	-154.54	-153.33	2357465	458505184.00
2012/03/09	-153.13	-148.64	-153.53	-148.80	2923934	578119744.00
2012/03/12	-148.64	-147.41	-149.54	-148.29	2568162	514548192.00
2012/03/13	-148.66	-146.01	-148.66	-147.37	1831624	370157888.00
2012/03/14	-147.42	-145.39	-150.39	-149.84	4069986	820433728.00
2012/03/15	-149.53	-146.76	-149.90	-149.62	2809496	562966976.00
2012/03/16	-148.09	-142.13	-148.49	-142.47	5158356	1060740608.00
2012/03/19	-142.29	-139.18	-144.14	-142.42	4563576	952934080.00
2012/03/20	-142.50	-141.22	-143.69	-142.33	2340021	486464288.00
2012/03/21	-142.29	-141.30	-145.55	-144.52	2952771	607930944.00
2012/03/22	-145.17	-143.04	-145.19	-144.32	833187	171049552.00
2012/03/23	-142.54	-138.37	-142.54	-138.80	5487370	1159278464.00
2012/03/26	-139.55	-135.60	-139.56	-136.18	3765379	807094336.00
2012/03/27	-140.29	-139.66	-147.91	-147.50	7910614	1635757952.00
2012/03/28	-149.56	-144.61	-150.14	-147.58	5546101	1116354688.00
2012/03/29	-148.08	-144.19	-148.74	-147.79	3698279	751200384.00
2012/03/30	-147.78	-146.27	-152.87	-151.25	3795990	749355392.00
2012/04/05	-151.96	-143.45	-151.96	-143.78	4096098	831105664.00
2012/04/06	-144.09	-142.06	-144.17	-142.15	2672989	553033024.00
2012/04/09	-142.50	-140.54	-144.11	-141.09	1447453	300301664.00
2012/04/10	-141.07	-140.66	-144.52	-142.04	1664063	344431360.00
2012/04/11	-144.61	-139.23	-145.84	-141.42	3146072	655577472.00
2012/04/12	-141.42	-138.39	-143.22	-138.47	2842297	597232640.00
2012/04/13	-138.41	-137.13	-139.32	-137.97	2052730	436617440.00
2012/04/16	-138.41	-136.01	-139.16	-138.14	2089329	447725408.00
2012/04/17	-138.13	-137.99	-140.47	-140.33	1787226	377050656.00
2012/04/18	-140.14	-136.51	-140.47	-137.28	2281545	485407328.00
2012/04/19	-137.35	-136.86	-142.28	-140.90	2182370	459867200.00
2012/04/20	-141.88	-137.71	-141.88	-138.41	1704631	360265728.00
2012/04/23	-139.05	-136.95	-140.59	-138.95	1328165	281175040.00
2012/04/24	-138.66	-137.99	-140.52	-139.22	2178206	459834816.00
2012/04/25	-138.45	-137.78	-140.47	-138.06	1552942	329552768.00
2012/04/26	-136.96	-134.69	-137.58	-134.95	3501976	753334272.00
2012/04/27	-134.95	-127.68	-134.95	-128.44	4272823	954712960.00
2012/05/02	-127.25	-126.78	-130.56	-127.27	3533975	793434496.00
2012/05/03	-127.27	-126.18	-129.23	-126.68	2565446	579082880.00
2012/05/04	-126.84	-119.91	-126.84	-120.64	3187943	734789696.00
2012/05/07	-119.98	-117.53	-121.23	-120.22	3424466	805751872.00
2012/05/08	-120.27	-119.94	-124.46	-120.55	3666491	851128768.00
2012/05/09	-123.02	-121.76	-126.26	-123.26	3290959	756259712.00
2012/05/10	-123.12	-123.12	-126.47	-125.85	3057404	697959424.00
2012/05/11	-125.60	-125.18	-127.33	-125.85	2326071	528011712.00
2012/05/14	-125.60	-125.60	-131.71	-130.41	3879704	863502656.00
2012/05/15	-131.30	-129.18	-132.13	-129.64	1616874	359784512.00
2012/05/16	-129.77	-129.40	-133.86	-132.19	2813954	619595456.00
2012/05/17	-132.11	-131.05	-133.36	-132.28	3417233	751957376.00
2012/05/18	-133.31	-132.23	-135.60	-133.93	2627778	571816896.00
2012/05/21	-134.21	-128.47	-134.21	-129.57	2884345	638767872.00
2012/05/22	-128.07	-122.71	-128.07	-124.54	4145847	951034112.00
2012/05/23	-124.56	-122.21	-125.60	-123.56	2472263	570787776.00
2012/05/24	-124.11	-121.66	-133.96	-132.01	5374347	1201209600.00
2012/05/25	-132.01	-131.49	-135.52	-133.38	3056929	667952256.00
2012/05/28	-133.85	-127.33	-134.02	-127.67	2783372	618961088.00
2012/05/30	-126.00	-123.96	-126.42	-125.05	2570070	587866112.00
2012/05/31	-125.43	-117.50	-125.60	-118.42	3736705	877484800.00
2012/06/01	-117.33	-113.20	-118.40	-115.37	3850434	923904320.00
2012/06/04	-117.33	-113.21	-118.60	-118.55	2432761	581257536.00
2012/06/05	-117.76	-114.19	-117.99	-115.02	2456131	588242240.00
2012/06/06	-114.85	-114.03	-118.65	-118.51	1872894	445576928.00
2012/06/07	-117.01	-115.14	-118.33	-117.35	1967730	470452064.00
2012/06/08	-116.51	-115.53	-118.99	-116.52	1728624	411908864.00
2012/06/11	-116.59	-115.49	-121.14	-119.36	3306123	780468480.00
2012/06/12	-120.47	-118.58	-122.18	-120.76	1637252	382922336.00
2012/06/13	-120.23	-116.36	-121.38	-116.52	2046347	485626144.00
2012/06/14	-117.33	-110.90	-117.98	-111.89	2870473	698222400.00
2012/06/15	-111.53	-110.38	-115.87	-112.89	1985984	483582944.00
2012/06/18	-112.86	-108.81	-112.86	-110.34	1953835	482525472.00
2012/06/19	-111.46	-108.93	-114.06	-112.62	1729994	423906496.00
2012/06/20	-112.52	-112.05	-114.03	-112.74	1139346	277398336.00
2012/06/21	-112.74	-112.71	-116.67	-115.86	1703403	409685088.00
2012/06/25	-117.25	-114.06	-117.75	-117.66	1843405	440645792.00
2012/06/26	-117.99	-116.61	-121.78	-117.46	2612247	615182464.00
2012/06/27	-117.33	-113.77	-117.33	-114.11	2325714	559606592.00
2012/06/28	-114.13	-114.03	-118.99	-118.87	2221341	529704800.00
2012/06/29	-119.51	-114.85	-119.51	-116.38	2322419	555873152.00
2012/07/02	-115.68	-111.60	-118.97	-114.15	2573126	622505536.00
2012/07/03	-114.61	-103.28	-114.85	-103.33	5015863	1255671552.00
2012/07/04	-101.63	-99.23	-105.76	-100.26	4503524	1155572224.00
2012/07/05	-102.79	-100.82	-104.81	-102.74	2274937	572395264.00
2012/07/06	-102.50	-94.21	-103.95	-95.86	3915883	1005403264.00
2012/07/09	-95.95	-93.37	-100.29	-100.20	2852711	736832320.00
2012/07/10	-100.39	-98.17	-104.22	-103.78	2698710	683253824.00
2012/07/11	-103.35	-97.23	-105.45	-97.49	3200994	808688576.00
2012/07/12	-97.41	-91.71	-99.98	-99.10	3727302	968810624.00
2012/07/13	-99.43	-92.54	-99.73	-93.62	2954811	769107520.00
2012/07/16	-94.11	-90.82	-94.28	-93.99	2953356	779744576.00
2012/07/17	-95.85	-95.03	-101.38	-101.01	3603098	925218304.00
2012/07/18	-101.14	-99.24	-112.46	-108.28	7404692	1815273728.00
2012/07/19	-109.08	-105.31	-109.86	-107.25	2658099	654750784.00
2012/07/20	-107.84	-103.50	-109.99	-109.83	2605464	644548800.00
2012/07/23	-112.48	-109.52	-113.20	-110.25	1981140	477867232.00
2012/07/24	-111.87	-100.66	-111.87	-104.63	3437214	853488576.00
2012/07/25	-104.11	-99.32	-104.52	-99.53	2617022	664005632.00
2012/07/26	-100.06	-96.26	-104.36	-103.75	2341879	594576384.00
2012/07/27	-103.39	-102.46	-106.76	-104.57	1842165	458534528.00
2012/07/30	-104.73	-101.96	-106.14	-104.25	1749531	439211392.00
2012/07/31	-104.53	-100.81	-107.38	-107.06	1946572	487548448.00
2012/08/01	-107.27	-105.25	-110.82	-109.86	2671517	654397888.00
2012/08/02	-109.81	-107.84	-111.43	-110.59	1705477	414452992.00
2012/08/03	-110.31	-106.59	-110.58	-106.63	1647273	403397216.00
2012/08/06	-106.89	-104.44	-108.08	-105.08	1732099	428757440.00
2012/08/07	-105.09	-101.82	-105.67	-102.54	1811918	454543104.00
2012/08/08	-102.08	-100.81	-104.94	-101.80	1489341	375890816.00
2012/08/09	-102.63	-94.48	-103.12	-95.09	3067240	789861696.00
2012/08/10	-103.29	-100.23	-109.06	-105.59	9122580	2273430528.00
2012/08/13	-105.37	-104.38	-106.76	-105.77	2303706	572237184.00
2012/08/14	-105.77	-104.12	-108.25	-106.18	1878686	465808768.00
2012/08/15	-106.61	-106.26	-109.48	-108.96	2272348	556345600.00
2012/08/16	-108.86	-107.83	-113.15	-112.97	3148258	758259712.00
2012/08/17	-113.68	-113.68	-121.88	-120.96	5907195	1365745664.00
2012/08/20	-120.96	-118.43	-123.96	-118.45	2405208	554470080.00
2012/08/21	-118.44	-112.46	-118.44	-115.86	2632324	624105408.00
2012/08/22	-114.92	-114.92	-120.64	-118.84	2042310	473902048.00
2012/08/23	-119.07	-119.07	-123.89	-122.07	2795600	639443968.00
2012/08/24	-122.95	-118.24	-123.08	-119.09	2167620	500922592.00
2012/08/27	-120.23	-120.12	-123.00	-121.88	2089940	478778016.00
2012/08/28	-121.47	-120.16	-124.77	-124.34	2029476	461461664.00
2012/08/29	-124.77	-124.77	-129.92	-129.60	3042567	674492608.00
2012/08/30	-131.39	-129.58	-134.28	-130.66	4834871	1046698752.00
2012/08/31	-130.56	-127.25	-131.22	-129.10	2248472	496296864.00
2012/09/04	-114.86	-114.03	-119.82	-117.81	11150873	2606767872.00
2012/09/05	-118.58	-116.53	-118.99	-117.29	2749049	643292480.00
2012/09/06	-117.13	-116.92	-121.39	-119.20	2079419	481683552.00
2012/09/07	-118.00	-109.90	-118.00	-111.06	4281280	1023079168.00
2012/09/10	-110.96	-107.42	-112.97	-110.99	2816965	683513920.00
2012/09/11	-112.13	-112.13	-114.05	-112.60	1613572	385605472.00
2012/09/12	-111.14	-107.01	-113.29	-112.16	2902325	703237248.00
2012/09/13	-112.01	-111.10	-113.78	-112.39	1429423	342849632.00
2012/09/14	-111.55	-108.12	-113.11	-108.44	2458683	597041984.00
2012/09/17	-108.25	-106.86	-111.39	-111.30	2001452	488152576.00
2012/09/18	-111.72	-109.82	-112.79	-112.10	1827708	441080160.00
2012/09/19	-112.76	-111.55	-120.52	-119.35	4099132	958082560.00
2012/09/20	-119.90	-118.34	-121.56	-121.44	2151753	496309728.00
2012/09/21	-122.04	-118.16	-122.20	-120.15	1567968	361373280.00
2012/09/24	-121.47	-118.18	-122.23	-118.69	1763483	408195808.00
2012/09/25	-118.60	-113.55	-119.40	-113.61	2623050	619272064.00
2012/09/26	-114.03	-111.91	-117.58	-115.79	2036267	482230816.00
2012/09/27	-116.51	-111.07	-116.90	-111.81	2714042	650222912.00
2012/09/28	-113.19	-107.46	-113.20	-107.58	3128344	760146560.00
2012/10/08	-108.00	-108.00	-114.46	-112.43	2360828	566527552.00
2012/10/09	-111.57	-108.20	-112.34	-108.95	2341089	569554624.00
2012/10/10	-109.90	-108.39	-111.76	-109.22	1345670	327126304.00
2012/10/11	-110.44	-109.28	-111.44	-110.78	1062599	257483488.00
2012/10/12	-110.21	-108.42	-110.95	-109.48	1174212	285916672.00
2012/10/15	-108.44	-106.39	-108.44	-107.66	1888333	464547296.00
2012/10/16	-108.15	-103.22	-108.15	-104.27	2773791	690466816.00
2012/10/17	-104.27	-103.70	-105.85	-105.12	1598080	397637472.00
2012/10/18	-104.73	-100.39	-104.94	-103.10	2227806	561905408.00
2012/10/19	-103.08	-100.01	-103.08	-101.63	1862954	472389440.00
2012/10/22	-101.90	-101.20	-105.93	-103.67	1911744	478244288.00
2012/10/23	-103.45	-103.45	-108.58	-108.49	1870276	461008032.00
2012/10/24	-108.58	-106.49	-108.99	-107.19	1097208	269652768.00
2012/10/25	-106.59	-105.77	-108.82	-107.36	915980	225725456.00
2012/10/26	-105.17	-104.96	-112.32	-111.48	2455909	596652736.00
2012/10/29	-111.06	-109.40	-113.16	-110.87	1449080	349849280.00
2012/10/30	-110.89	-107.84	-111.38	-108.59	1561011	380664736.00
2012/10/31	-108.64	-105.82	-109.36	-106.31	1584535	390460768.00
2012/11/01	-105.59	-103.41	-107.13	-104.61	1819126	453437152.00
2012/11/02	-104.77	-103.70	-107.19	-105.47	1697481	420531712.00
2012/11/05	-106.60	-106.60	-111.39	-109.96	2266559	552311488.00
2012/11/06	-110.39	-110.39	-116.10	-115.74	4171323	991450624.00
2012/11/07	-116.51	-114.01	-116.51	-114.47	1621759	383915168.00
2012/11/08	-115.69	-114.90	-117.46	-117.25	1626181	382711584.00
2012/11/09	-117.26	-115.85	-117.62	-116.67	1167006	273825056.00
2012/11/12	-116.51	-115.86	-121.56	-119.44	2046433	472928288.00
2012/11/13	-119.82	-119.82	-124.20	-122.25	2044777	465306368.00
2012/11/14	-121.98	-119.82	-123.53	-120.10	1223848	280680256.00
2012/11/15	-121.47	-121.47	-123.67	-122.91	1140061	259657232.00
2012/11/16	-123.29	-123.16	-126.84	-125.27	1967713	441363648.00
2012/11/19	-125.27	-125.27	-138.08	-133.82	7048401	1508795008.00
2012/11/20	-134.82	-130.28	-135.10	-132.25	3807816	820492544.00
2012/11/21	-132.34	-129.07	-135.69	-130.02	3333464	719458112.00
2012/11/22	-139.24	-131.01	-139.82	-131.15	5152080	1093946880.00
2012/11/23	-133.02	-126.43	-133.03	-127.06	2984464	655947648.00
2012/11/26	-127.74	-127.42	-132.63	-131.34	2195475	478884320.00
2012/11/27	-131.34	-128.01	-132.06	-129.10	2045885	447807808.00
2012/11/28	-129.53	-129.53	-131.39	-130.24	1501708	328018464.00
2012/11/29	-130.23	-128.81	-130.44	-129.50	1567574	343521792.00
2012/11/30	-129.57	-129.57	-134.52	-132.20	2137137	459310336.00
2012/12/03	-134.69	-134.69	-146.22	-145.28	7937236	1620343296.00
2012/12/04	-149.56	-145.45	-153.04	-147.96	7870541	1534594304.00
2012/12/05	-150.15	-145.01	-154.83	-148.21	11170381	2172380160.00
2012/12/06	-148.58	-147.91	-158.66	-150.22	11756199	2244829184.00
2012/12/07	-147.92	-143.21	-148.26	-146.44	9950141	1983064704.00
2012/12/11	-146.67	-138.82	-146.67	-143.53	9223260	1869715840.00
2012/12/12	-141.30	-135.53	-143.37	-135.63	6432531	1327462784.00
2012/12/13	-137.26	-133.06	-141.22	-140.72	6199646	1297953920.00
2012/12/14	-142.96	-137.58	-146.67	-138.89	7892633	1609442048.00
2012/12/17	-140.48	-134.15	-143.78	-136.27	7136126	1488539520.00
2012/12/18	-136.17	-131.57	-136.20	-133.43	4694545	1005177408.00
2012/12/19	-134.58	-128.08	-134.68	-129.36	4756978	1039482944.00
2012/12/20	-130.15	-128.58	-132.55	-130.23	3443414	750851776.00
2012/12/21	-130.82	-129.73	-132.35	-131.72	2509281	544719360.00
2012/12/24	-135.51	-135.51	-145.44	-141.65	10005074	2054317696.00
2012/12/25	-143.04	-139.76	-144.43	-141.53	5953352	1218659200.00
2012/12/26	-142.31	-139.82	-143.20	-141.10	4486624	918674048.00
2012/12/27	-141.06	-137.58	-142.34	-139.17	6092624	1259078016.00
2012/12/28	-139.15	-132.56	-139.15	-135.27	5658924	1202787584.00
2012/12/31	-134.44	-133.20	-140.19	-137.98	5191483	1085776128.00
2013/01/04	-135.52	-135.52	-141.30	-139.70	5837034	1205796480.00
2013/01/07	-140.58	-140.58	-143.37	-141.89	4127139	840359808.00
2013/01/08	-142.81	-136.47	-142.81	-136.48	6528698	1362186112.00
2013/01/09	-135.93	-130.85	-135.93	-131.84	5374932	1159330304.00
2013/01/10	-132.56	-131.39	-134.69	-133.45	3052786	656830912.00
2013/01/11	-134.10	-132.91	-137.27	-136.13	3700999	784542976.00
2013/01/14	-138.41	-136.92	-143.11	-137.65	6818358	1410483968.00
2013/01/15	-138.17	-135.44	-139.80	-136.47	5263508	1103130880.00
2013/01/16	-141.30	-139.82	-142.39	-140.48	6950165	1427067136.00
2013/01/17	-141.31	-139.09	-141.70	-141.20	3620185	744614976.00
2013/01/18	-140.35	-140.08	-145.34	-142.33	5531807	1122848384.00
2013/01/21	-143.12	-143.12	-148.49	-147.66	7477928	1482664960.00
2013/01/22	-148.90	-145.66	-154.53	-146.40	7381541	1425054464.00
2013/01/23	-148.74	-145.84	-150.56	-146.28	5101393	1006483584.00
2013/01/24	-147.17	-145.35	-149.73	-148.77	5947438	1171137792.00
2013/01/25	-154.53	-152.21	-156.92	-154.48	8000786	1508197760.00
2013/01/28	-157.01	-155.52	-163.62	-163.20	15829058	2857092864.00
2013/01/29	-165.27	-161.97	-168.58	-163.48	11544787	2034723456.00
2013/01/30	-164.40	-159.91	-164.71	-161.86	7137678	1285436672.00
2013/01/31	-160.97	-160.48	-163.81	-162.87	3781623	678384704.00
2013/02/01	-162.89	-160.50	-163.59	-162.81	4526564	813241664.00
2013/02/04	-161.96	-161.18	-166.92	-165.99	6496402	1142311040.00
2013/02/05	-166.14	-158.25	-167.09	-158.30	8782540	1575281152.00
2013/02/06	-157.85	-157.77	-160.31	-158.72	4619517	849026112.00
2013/02/07	-159.48	-156.55	-160.87	-157.69	4856791	895061568.00
2013/02/08	-157.71	-155.02	-158.41	-155.47	4157253	778273792.00
2013/02/18	-155.10	-155.10	-162.79	-162.22	5656978	1024714880.00
2013/02/19	-162.81	-161.48	-164.61	-163.68	3773753	673362432.00
2013/02/20	-164.44	-161.98	-166.08	-163.70	3658226	650765312.00
2013/02/21	-165.91	-157.67	-166.06	-161.95	5383287	974530688.00
2013/02/22	-161.14	-156.51	-161.14	-157.34	6286418	1163340800.00
2013/02/25	-158.66	-157.54	-161.75	-161.06	3454909	629472576.00
2013/02/26	-161.39	-158.66	-164.17	-164.14	4375479	783158016.00
2013/02/27	-164.77	-163.04	-165.63	-164.63	3415815	602608256.00
2013/02/28	-163.78	-163.78	-168.58	-166.10	5678643	990766784.00
2013/03/01	-166.67	-165.30	-167.76	-167.07	3800345	661720768.00
2013/03/04	-167.15	-164.76	-167.15	-166.33	5207295	912360640.00
2013/03/05	-165.75	-164.89	-167.04	-166.10	3697471	648668800.00
2013/03/06	-165.27	-164.20	-167.21	-164.26	4922726	861725440.00
2013/03/07	-162.48	-154.86	-162.53	-158.77	8519062	1573676032.00
2013/03/08	-157.00	-155.77	-158.93	-158.55	3595978	667118400.00
2013/03/11	-158.82	-157.42	-160.47	-157.67	3496528	642927296.00
2013/03/12	-157.01	-156.92	-161.96	-160.16	2539365	465220576.00
2013/03/13	-159.98	-156.99	-159.98	-158.80	3076990	567812096.00
2013/03/14	-159.90	-158.02	-163.07	-162.84	3512400	635985856.00
2013/03/15	-164.01	-161.39	-166.01	-164.47	3596112	639236992.00
2013/03/18	-164.53	-164.53	-171.72	-170.68	7823153	1336285568.00
2013/03/19	-171.72	-170.38	-174.77	-174.21	6341403	1052322560.00
2013/03/20	-174.15	-169.74	-175.10	-170.30	7189498	1202347904.00
2013/03/21	-170.64	-170.64	-173.70	-172.89	6539272	1091400960.00
2013/03/22	-173.14	-170.31	-173.77	-171.01	4557863	767262016.00
2013/03/25	-171.06	-169.59	-171.80	-171.03	3196646	541959936.00
2013/03/26	-170.97	-169.23	-171.54	-170.33	3248009	551865792.00
2013/03/27	-170.22	-169.90	-174.03	-172.88	4766221	795809856.00
2013/03/28	-173.47	-171.73	-176.58	-172.86	4149090	685703936.00
2013/03/29	-172.50	-170.58	-173.52	-171.17	4771709	802924416.00
2013/04/01	-171.81	-171.50	-174.71	-174.40	2912880	483197216.00
2013/04/02	-174.28	-173.56	-175.79	-175.43	3252490	534554080.00
2013/04/03	-175.45	-174.36	-175.86	-175.31	2199050	360543776.00
2013/04/08	-176.72	-174.36	-178.12	-174.92	3773276	613230400.00
2013/04/09	-175.28	-174.44	-176.26	-175.52	2419465	396645792.00
2013/04/10	-175.19	-169.31	-176.26	-170.26	7085838	1194391168.00
2013/04/11	-170.23	-169.40	-171.63	-171.12	2972952	504695104.00
2013/04/12	-171.12	-166.59	-171.47	-168.39	5980006	1032119616.00
2013/04/15	-168.35	-167.20	-170.21	-167.96	2833673	487286240.00
2013/04/16	-170.23	-165.93	-170.56	-167.62	3913792	676673408.00
2013/04/17	-167.25	-162.98	-167.29	-163.21	4297408	760898368.00
2013/04/18	-164.28	-161.96	-165.26	-162.67	4195684	749007296.00
2013/04/19	-162.46	-162.06	-164.53	-162.60	3923838	701185024.00
2013/04/22	-162.87	-162.87	-167.34	-167.16	4274596	747616512.00
2013/04/23	-167.34	-166.11	-168.82	-168.73	3095262	535923136.00
2013/04/24	-168.39	-166.10	-169.98	-166.20	3040261	525381344.00
2013/04/25	-166.91	-163.98	-167.57	-164.69	2535969	446045088.00
2013/04/26	-164.10	-163.62	-167.74	-166.93	1630764	285787936.00
2013/05/02	-167.75	-167.71	-171.03	-169.31	2858679	489586432.00
2013/05/03	-168.74	-166.91	-169.73	-168.20	2146052	369986944.00
2013/05/06	-167.75	-163.63	-168.59	-163.78	3019639	529181408.00
2013/05/07	-162.77	-155.07	-162.77	-155.61	7102055	1305178752.00
2013/05/08	-155.52	-153.70	-156.90	-154.62	4241606	799534976.00
2013/05/09	-154.31	-147.75	-154.31	-147.77	7013468	1370326144.00
2013/05/10	-147.91	-144.67	-148.73	-147.82	4877659	970169984.00
2013/05/13	-147.82	-144.11	-150.58	-147.35	3257904	645155904.00
2013/05/14	-148.66	-147.83	-153.69	-152.72	3643160	701153984.00
2013/05/15	-152.97	-148.20	-153.10	-149.85	2326440	452499712.00
2013/05/16	-150.39	-145.01	-152.05	-149.69	4546227	893376384.00
2013/05/17	-150.33	-148.37	-151.22	-148.82	3355672	654713536.00
2013/05/20	-148.08	-146.69	-150.02	-149.57	3094406	605798016.00
2013/05/21	-149.67	-148.94	-150.80	-149.55	2310234	449227072.00
2013/05/22	-149.03	-144.94	-149.48	-145.87	4614964	917905216.00
2013/05/23	-145.77	-140.07	-145.77	-143.42	6224745	1272531712.00
2013/05/24	-142.13	-139.51	-145.44	-144.67	4507312	915894080.00
2013/05/27	-143.81	-143.70	-147.09	-144.09	2677812	536544416.00
2013/05/28	-143.88	-142.70	-145.81	-143.67	2367636	477386720.00
2013/05/29	-142.96	-139.76	-144.32	-144.20	3234002	659505344.00
2013/05/30	-144.77	-143.10	-146.25	-145.23	2501942	500916448.00
2013/05/31	-144.63	-144.28	-147.91	-147.83	2459056	490984256.00
2013/06/03	-147.01	-143.33	-147.77	-143.72	4025675	807356544.00
2013/06/04	-143.53	-141.06	-144.07	-144.03	4235692	862313600.00
2013/06/05	-143.79	-143.37	-145.78	-144.47	2372442	476555328.00
2013/06/06	-144.44	-141.47	-144.44	-144.06	3387735	688473472.00
2013/06/07	-144.17	-140.13	-145.49	-143.22	2547838	502253024.00
2013/06/13	-144.16	-141.39	-146.73	-144.50	4499864	876852224.00
2013/06/14	-144.80	-144.26	-148.74	-145.07	3251867	625711424.00
2013/06/17	-144.87	-144.28	-149.05	-148.82	2968927	568914688.00
2013/06/18	-149.09	-146.91	-151.27	-147.03	2737772	516512032.00
2013/06/19	-147.67	-143.85	-149.88	-144.40	2890918	556142144.00
2013/06/20	-144.71	-143.87	-147.89	-146.96	2558681	493350624.00
2013/06/21	-148.36	-143.54	-150.46	-147.43	3965419	762942592.00
2013/06/24	-147.06	-146.74	-152.38	-152.01	4080720	765344896.00
2013/06/25	-152.06	-148.15	-159.94	-148.53	5135249	952843648.00
2013/06/26	-149.64	-148.54	-152.71	-149.45	3290348	613847360.00
2013/06/27	-149.45	-146.45	-149.97	-148.74	3413576	651525184.00
2013/06/28	-149.35	-145.54	-149.35	-146.44	2807002	540002752.00
2013/07/01	-146.72	-144.29	-147.55	-144.85	2582852	498364224.00
2013/07/02	-144.87	-140.96	-146.23	-141.82	3345317	656544896.00
2013/07/03	-141.04	-140.30	-143.33	-141.81	3542464	702154048.00
2013/07/04	-142.55	-140.25	-142.96	-142.92	2421452	480333728.00
2013/07/05	-142.69	-140.65	-142.69	-142.51	1777954	351961184.00
2013/07/08	-142.71	-141.87	-145.92	-144.13	2411390	471887328.00
2013/07/09	-143.19	-143.19	-147.81	-146.70	2023361	390495520.00
2013/07/10	-147.39	-145.01	-149.31	-145.22	3324496	635969728.00
2013/07/11	-144.63	-143.02	-146.72	-143.46	4605661	897968896.00
2013/07/12	-144.17	-142.80	-149.47	-149.38	4299164	823551936.00
2013/07/15	-148.91	-148.31	-152.58	-150.09	3660735	683259584.00
2013/07/16	-149.92	-147.34	-152.11	-147.61	3701140	698456704.00
2013/07/17	-147.98	-147.74	-151.03	-150.94	2738846	517180736.00
2013/07/18	-150.87	-150.50	-153.60	-152.47	2569977	475329696.00
2013/07/19	-152.52	-152.52	-161.18	-159.96	7331922	1309145856.00
2013/07/22	-160.25	-159.06	-162.40	-160.89	2706232	472471712.00
2013/07/23	-160.02	-156.42	-160.81	-157.00	2875611	513622528.00
2013/07/24	-157.16	-157.16	-162.36	-161.11	4406723	772480640.00
2013/07/25	-160.46	-156.82	-161.37	-157.70	3954054	701690240.00
2013/07/26	-159.14	-158.48	-160.87	-160.82	1904567	334279520.00
2013/07/29	-161.39	-161.39	-164.10	-163.83	2688331	462873568.00
2013/07/30	-164.68	-163.87	-168.57	-166.22	4211397	708812288.00
2013/07/31	-165.19	-163.93	-166.82	-166.16	1459004	246901552.00
2013/08/01	-164.94	-162.86	-165.70	-163.36	2485259	426199168.00
2013/08/02	-162.62	-158.18	-162.70	-159.94	2924078	514840320.00
2013/08/05	-159.94	-159.33	-161.70	-160.38	1806507	316638080.00
2013/08/06	-161.68	-160.38	-162.69	-160.60	2656226	462053664.00
2013/08/07	-160.96	-157.77	-161.84	-159.65	2837775	501679200.00
2013/08/08	-159.62	-158.84	-161.29	-160.66	1607673	282184736.00
2013/08/09	-160.42	-159.89	-164.15	-162.58	2288924	396239808.00
2013/08/12	-162.61	-157.96	-162.85	-158.06	3939034	692000832.00
2013/08/13	-158.30	-156.25	-159.55	-156.70	2543583	453549728.00
2013/08/14	-156.75	-154.73	-157.98	-157.74	2172190	392821856.00
2013/08/15	-157.60	-155.67	-158.82	-158.76	1536566	274789280.00
2013/08/16	-158.70	-155.83	-161.58	-161.29	3497393	617783360.00
2013/08/19	-160.46	-160.04	-162.44	-160.65	1935761	337652096.00
2013/08/20	-161.49	-160.79	-162.69	-161.94	3125074	541646656.00
2013/08/21	-160.78	-160.67	-162.94	-161.05	2310320	401820448.00
2013/08/22	-161.12	-159.40	-161.60	-160.73	1550152	272139872.00
2013/08/23	-159.99	-159.98	-163.68	-162.45	1952964	338959488.00
2013/08/26	-162.35	-160.79	-163.27	-161.67	1688531	293255616.00
2013/08/27	-161.81	-161.81	-163.27	-162.32	2443655	422029088.00
2013/08/28	-163.13	-163.13	-165.28	-165.01	3060304	521639360.00
2013/08/29	-164.92	-164.64	-166.49	-166.18	2180402	368545664.00
2013/08/30	-166.18	-165.75	-166.95	-165.93	2586142	435606368.00
2013/09/02	-172.53	-172.53	-179.88	-179.87	22497074	3438418432.00
2013/09/03	-180.63	-179.14	-182.28	-180.08	12321105	1855978624.00
2013/09/04	-179.80	-178.52	-180.13	-179.72	7678998	1171694848.00
2013/09/05	-179.92	-179.14	-182.03	-181.23	7128326	1070129344.00
2013/09/06	-181.37	-180.71	-181.64	-181.22	3778366	567391488.00
2013/09/09	-180.63	-180.20	-181.55	-180.67	6927092	1042258752.00
2013/09/10	-180.79	-179.90	-181.39	-180.11	5409309	816720640.00
2013/09/11	-180.01	-179.16	-181.45	-179.33	6901293	1045733440.00
2013/09/12	-179.28	-178.81	-180.45	-180.02	4772311	725740672.00
2013/09/13	-180.06	-177.75	-180.09	-179.78	6825487	1044001984.00
2013/09/16	-179.29	-179.29	-181.79	-181.74	5887712	889024064.00
2013/09/17	-182.28	-182.11	-189.30	-188.64	10905797	1571781632.00
2013/09/18	-188.89	-187.75	-190.13	-188.15	6731766	949223040.00
2013/09/23	-188.07	-188.06	-189.68	-189.05	6540962	921212160.00
2013/09/24	-188.89	-187.85	-192.44	-192.36	9881915	1371542656.00
2013/09/25	-192.57	-191.78	-195.49	-193.72	6978901	943851520.00
2013/09/26	-194.68	-192.84	-194.68	-193.50	4722783	638421056.00
2013/09/27	-193.44	-192.89	-194.85	-194.63	3463925	465617856.00
2013/09/30	-194.73	-192.77	-195.07	-193.07	5046064	681360320.00
2013/10/08	-193.22	-191.87	-194.52	-192.47	5686725	773294144.00
2013/10/09	-192.53	-191.87	-193.19	-192.20	4081504	557664512.00
2013/10/10	-192.20	-191.88	-192.82	-192.16	2904552	397207808.00
2013/10/11	-193.60	-191.51	-193.60	-191.77	3645556	499830912.00
2013/10/14	-191.41	-189.94	-191.93	-190.01	5527479	767129536.00
2013/10/15	-189.93	-185.75	-190.48	-186.20	6927751	986261696.00
2013/10/16	-184.51	-183.35	-187.98	-186.21	9481320	1382754176.00
2013/10/17	-185.92	-184.92	-186.82	-186.25	4862119	703392000.00
2013/10/18	-186.01	-185.66	-188.06	-187.25	3557495	510349728.00
2013/10/21	-186.82	-185.34	-187.90	-185.51	4702298	677908672.00
2013/10/22	-185.75	-185.75	-187.44	-186.89	2458139	353140640.00
2013/10/23	-187.02	-185.85	-187.89	-186.67	2621511	375070080.00
2013/10/24	-186.99	-186.44	-187.49	-186.65	2625533	376580480.00
2013/10/25	-187.23	-187.23	-193.35	-192.42	5858415	807380224.00
2013/10/28	-193.20	-192.39	-195.29	-194.70	3214102	431472160.00
2013/10/29	-194.55	-194.13	-196.74	-195.67	3518294	468246848.00
2013/10/30	-195.52	-195.25	-196.36	-195.84	2534346	335579616.00
2013/10/31	-195.79	-192.60	-195.92	-193.76	3489343	471033920.00
2013/11/01	-194.40	-193.16	-194.84	-193.70	2215447	299057632.00
2013/11/04	-193.48	-192.22	-193.63	-192.74	1943628	264834000.00
2013/11/05	-193.19	-191.05	-194.10	-191.28	2784307	381603616.00
2013/11/06	-191.14	-188.88	-191.78	-190.01	4444925	619496960.00
2013/11/07	-190.25	-189.82	-192.44	-190.57	2135888	294635360.00
2013/11/08	-190.87	-189.73	-193.01	-192.91	2153743	298492256.00
2013/11/11	-191.37	-188.33	-192.87	-190.09	5232877	729491584.00
2013/11/12	-190.20	-185.30	-190.50	-185.72	6947801	997440448.00
2013/11/13	-186.34	-184.39	-187.16	-185.82	3188146	460888128.00
2013/11/14	-185.58	-185.58	-188.32	-186.35	2404202	344294688.00
2013/11/15	-186.63	-185.90	-187.98	-186.87	3359785	481164992.00
2013/11/18	-186.41	-185.70	-187.40	-186.83	4157171	596980160.00
2013/11/19	-186.82	-186.25	-188.64	-187.39	4116683	588099520.00
2013/11/20	-187.45	-187.30	-188.56	-188.01	2551780	362889664.00
2013/11/21	-188.33	-187.82	-190.92	-190.82	3299198	459524480.00
2013/11/22	-190.82	-190.25	-191.39	-190.98	2811090	389528928.00
2013/11/25	-191.55	-188.18	-191.77	-188.95	2618102	367831840.00
2013/11/26	-188.90	-188.20	-189.90	-189.73	1640604	230259504.00
2013/11/27	-189.73	-188.73	-190.87	-189.76	1567952	219358336.00
2013/11/28	-189.73	-187.53	-189.73	-188.20	2224051	315027616.00
2013/11/29	-188.89	-188.35	-189.78	-188.53	2042378	287184352.00
2013/12/02	-189.71	-189.49	-192.61	-192.38	4289240	591853952.00
2013/12/03	-192.57	-191.44	-193.57	-191.72	3288230	448934464.00
2013/12/04	-191.82	-190.53	-192.55	-190.97	3351042	463071200.00
2013/12/05	-191.01	-191.01	-192.24	-192.20	1932631	265765312.00
2013/12/06	-192.39	-190.46	-193.02	-190.75	2915072	402741312.00
2013/12/09	-190.87	-190.79	-193.02	-191.42	2537190	347999968.00
2013/12/10	-191.77	-191.45	-192.86	-192.24	2539266	347805536.00
2013/12/11	-192.31	-191.70	-192.88	-192.70	1986816	271716032.00
2013/12/12	-192.75	-191.92	-192.86	-192.69	1830695	250384800.00
2013/12/13	-192.83	-191.87	-192.84	-192.69	1926726	263371184.00
2013/12/16	-193.01	-192.68	-195.61	-195.53	3286944	439536256.00
2013/12/17	-195.54	-194.07	-196.00	-195.33	1564120	209082464.00
2013/12/18	-195.51	-195.09	-196.07	-195.92	2010517	266750704.00
2013/12/19	-195.26	-195.17	-197.07	-197.03	1781345	235156560.00
2013/12/20	-196.95	-196.54	-201.29	-200.75	3855601	495862848.00
2013/12/23	-200.93	-199.93	-201.19	-200.87	1922251	243709872.00
2013/12/24	-200.46	-199.88	-200.97	-200.78	2789714	354505536.00
2013/12/25	-200.46	-200.16	-201.38	-201.07	1843945	233016832.00
2013/12/26	-201.29	-201.10	-202.82	-202.33	3415622	427007200.00
2013/12/27	-201.95	-200.27	-202.33	-201.12	2545548	321517728.00
2013/12/30	-200.92	-200.48	-202.95	-202.56	3216672	401569216.00
2013/12/31	-202.94	-198.55	-204.18	-199.32	5754649	730676608.00
2014/01/02	-199.64	-199.64	-201.62	-201.30	2197666	277430208.00
2014/01/03	-201.91	-201.45	-203.58	-202.96	2334165	288934592.00
2014/01/06	-203.87	-202.20	-205.67	-205.64	3022921	367274752.00
2014/01/07	-206.16	-205.13	-206.91	-205.78	1803946	216936560.00
2014/01/08	-205.84	-205.27	-207.89	-206.74	3198959	380752960.00
2014/01/09	-207.07	-204.76	-207.40	-206.79	4788671	575090368.00
2014/01/10	-207.06	-205.89	-207.86	-206.85	2112663	251742736.00
2014/01/13	-206.82	-204.33	-207.01	-206.34	3764646	454274368.00
2014/01/14	-206.08	-204.77	-207.16	-205.16	2347499	282925536.00
2014/01/15	-205.82	-205.30	-207.86	-207.27	1972069	235363888.00
2014/01/16	-207.20	-204.22	-207.29	-204.60	3911963	474484832.00
2014/01/17	-204.76	-204.06	-206.15	-206.00	3236373	393324800.00
2014/01/20	-204.68	-200.21	-205.40	-200.63	6009063	751598272.00
2014/01/21	-201.29	-199.05	-201.82	-200.47	3540462	451224704.00
2014/01/22	-200.48	-194.01	-201.04	-194.54	7366781	975900224.00
2014/01/23	-194.53	-193.52	-196.53	-194.60	4025848	538497408.00
2014/01/24	-195.09	-193.28	-195.91	-193.44	3578070	482834464.00
2014/01/27	-193.94	-186.59	-194.13	-189.10	8351084	1170783872.00
2014/01/28	-189.30	-188.06	-191.78	-190.36	3640115	508739360.00
2014/01/29	-189.90	-188.84	-192.62	-192.19	3152040	434136672.00
2014/01/30	-192.61	-192.24	-197.16	-196.16	3722344	496967648.00
2014/02/07	-196.28	-194.16	-197.11	-194.77	2386561	317924192.00
2014/02/10	-194.68	-194.35	-197.27	-195.62	3625174	479835328.00
2014/02/11	-195.67	-193.37	-196.25	-194.64	4300694	578123072.00
2014/02/12	-194.51	-193.87	-195.25	-194.55	1928348	258332736.00
2014/02/13	-194.65	-191.05	-194.67	-193.30	3856747	528398496.00
2014/02/14	-193.53	-187.24	-193.53	-187.32	6741037	946589760.00
2014/02/17	-186.33	-180.63	-186.33	-181.47	8746517	1301703936.00
2014/02/18	-181.92	-181.92	-184.66	-183.92	3364035	496116928.00
2014/02/19	-183.89	-179.82	-183.89	-181.84	3148266	472702784.00
2014/02/20	-181.87	-180.15	-183.11	-182.29	2318897	346513536.00
2014/02/21	-183.11	-181.33	-183.29	-182.21	3412540	508426624.00
2014/02/24	-182.20	-180.56	-185.08	-183.42	3117865	463140896.00
2014/02/25	-183.11	-182.77	-188.89	-187.76	4627993	662701568.00
2014/02/26	-189.25	-185.60	-190.50	-188.04	2651394	377024800.00
2014/02/27	-187.94	-184.93	-189.70	-185.63	2564611	367761888.00
2014/02/28	-185.58	-180.79	-185.63	-181.44	4192617	626931584.00
2014/03/03	-181.45	-177.33	-182.83	-177.38	4881665	745535040.00
2014/03/04	-179.70	-173.77	-179.80	-178.64	5086676	795956992.00
2014/03/05	-178.12	-173.20	-179.80	-173.32	4721154	741664000.00
2014/03/06	-173.01	-171.29	-175.67	-171.54	4274121	684035136.00
2014/03/07	-171.54	-167.24	-173.16	-168.65	5811048	952251136.00
2014/03/10	-169.22	-168.39	-178.12	-175.72	4998548	797666944.00
2014/03/11	-176.49	-170.21	-177.24	-171.39	3856141	619885248.00
2014/03/12	-172.30	-170.21	-176.68	-174.40	3676392	582653248.00
2014/03/13	-175.17	-168.97	-175.58	-169.16	4263778	695571584.00
2014/03/14	-169.83	-168.23	-171.70	-169.99	2493355	407076128.00
2014/03/17	-169.06	-167.68	-171.53	-167.84	3219888	529609728.00
2014/03/18	-166.33	-159.80	-166.33	-163.83	5947371	1030329344.00
2014/03/19	-165.01	-160.79	-165.75	-161.31	3536579	613576512.00
2014/03/20	-161.37	-161.20	-165.75	-165.60	3389521	579777920.00
2014/03/21	-166.21	-163.29	-168.64	-163.77	4031881	680945728.00
2014/03/24	-164.10	-160.19	-165.01	-163.86	2632092	453477920.00
2014/03/25	-166.25	-166.25	-176.83	-167.56	6240383	1024298880.00
2014/03/26	-168.97	-168.14	-174.54	-174.44	5737639	927285376.00
2014/03/27	-175.12	-172.53	-176.16	-175.12	3804459	603835712.00
2014/03/28	-174.99	-174.02	-180.62	-179.27	4827296	740132800.00
2014/03/31	-179.79	-175.35	-179.80	-177.57	3058360	473939136.00
2014/04/01	-177.56	-171.08	-177.82	-171.13	3404689	544622720.00
2014/04/02	-170.92	-165.20	-172.34	-168.53	4669833	777378688.00
2014/04/03	-166.94	-166.83	-170.30	-168.80	2691848	444348448.00
2014/04/04	-169.35	-168.81	-172.36	-169.83	2320651	377896960.00
2014/04/08	-169.95	-168.71	-172.35	-169.44	2592749	423934496.00
2014/04/09	-169.04	-167.71	-171.43	-170.42	2161889	354031808.00
2014/04/10	-170.49	-164.08	-173.60	-165.33	5417787	897611264.00
2014/04/11	-163.27	-156.99	-163.27	-159.90	9022579	1593651840.00
2014/04/14	-161.04	-158.88	-162.44	-161.32	2682436	469646912.00
2014/04/15	-162.28	-160.07	-162.28	-161.21	2588021	452432800.00
2014/04/16	-161.87	-161.16	-164.77	-164.08	2204062	379301952.00
2014/04/17	-164.26	-159.96	-164.75	-160.63	2974441	517914688.00
2014/04/18	-160.79	-158.50	-162.20	-160.54	1960146	344825504.00
2014/04/21	-161.61	-159.98	-163.27	-163.23	1833379	318935968.00
2014/04/22	-163.27	-160.68	-163.67	-163.16	2234496	387206400.00
2014/04/23	-163.20	-159.56	-163.25	-159.92	3375573	592119552.00
2014/04/24	-159.84	-159.38	-161.87	-160.16	1258135	220213008.00
2014/04/25	-166.59	-166.58	-171.71	-169.31	9587743	1581409280.00
2014/04/28	-171.47	-169.42	-173.35	-170.88	3302860	535511104.00
2014/04/29	-170.87	-168.66	-171.15	-170.22	2799649	459181216.00
2014/04/30	-169.92	-169.64	-171.10	-169.98	1922066	314017280.00
2014/05/05	-170.30	-170.30	-175.60	-172.98	3674347	585326656.00
2014/05/06	-173.19	-170.96	-173.19	-172.54	1362295	219512512.00
2014/05/07	-171.86	-171.86	-173.52	-172.64	1196073	192090272.00
2014/05/08	-172.53	-171.13	-172.84	-172.63	1469786	237490048.00
2014/05/09	-172.64	-171.29	-172.94	-172.68	1672145	269803744.00
2014/05/12	-171.30	-171.29	-173.60	-172.44	2619478	420667488.00
2014/05/13	-172.55	-171.86	-173.55	-172.58	1593936	256197648.00
2014/05/14	-173.20	-172.42	-178.14	-177.10	3401655	534826240.00
2014/05/15	-177.34	-175.60	-177.73	-176.37	1698338	264995344.00
2014/05/16	-176.37	-175.58	-177.59	-177.19	1846730	286938912.00
2014/05/19	-179.39	-178.97	-183.16	-183.12	5625009	838456320.00
2014/05/20	-183.02	-181.92	-186.74	-185.60	4688591	682615744.00
2014/05/21	-186.33	-180.08	-186.45	-180.63	3873787	575063808.00
2014/05/22	-180.71	-178.48	-181.74	-181.41	1867894	281907872.00
2014/05/23	-181.45	-179.16	-181.47	-179.55	1400963	212338048.00
2014/05/26	-177.40	-177.40	-179.10	-178.50	891056	137024224.00
2014/05/27	-178.97	-176.70	-179.09	-178.81	1303507	201097680.00
2014/05/28	-179.06	-177.32	-179.14	-178.20	1250197	192903904.00
2014/05/29	-178.37	-176.55	-178.59	-177.91	1010682	156525424.00
2014/05/30	-177.94	-177.09	-178.96	-178.79	921765	141927536.00
2014/06/03	-178.97	-177.73	-179.59	-179.16	1304848	199563920.00
2014/06/04	-178.98	-178.66	-181.44	-180.50	1049431	158992000.00
2014/06/05	-180.53	-177.32	-182.01	-177.51	2067863	314507712.00
2014/06/06	-177.58	-176.78	-179.56	-178.49	947745	145936336.00
2014/06/09	-179.55	-177.82	-179.55	-178.78	1003481	154198992.00
2014/06/10	-178.77	-177.08	-178.77	-177.49	1930551	298186720.00
2014/06/11	-177.53	-177.01	-178.80	-178.20	1078145	166086240.00
2014/06/12	-178.09	-178.09	-179.70	-179.28	1149960	175855792.00
2014/06/13	-179.23	-178.29	-180.49	-179.13	1697046	259337712.00
2014/06/16	-179.06	-177.50	-179.47	-177.80	1623790	249568880.00
2014/06/17	-177.90	-177.90	-179.63	-178.82	1636486	250297888.00
2014/06/18	-178.31	-177.77	-178.64	-178.49	1402456	215965712.00
2014/06/19	-178.51	-177.98	-179.39	-179.20	1155144	176868336.00
2014/06/20	-179.22	-178.48	-179.54	-178.82	1201940	183993520.00
2014/06/23	-178.56	-176.18	-178.68	-176.24	2898385	449611776.00
2014/06/24	-175.98	-170.05	-176.04	-170.24	3853263	621636096.00
2014/06/25	-169.69	-169.69	-173.17	-172.50	3817111	546556416.00
2014/06/26	-172.50	-171.82	-173.25	-173.04	3634851	515915136.00
2014/06/27	-173.24	-173.24	-175.24	-174.19	2647792	371027136.00
2014/06/30	-173.46	-171.90	-174.17	-172.73	2439950	345880000.00
2014/07/01	-172.18	-172.18	-173.80	-172.92	1194668	168987424.00
2014/07/02	-172.69	-172.40	-173.62	-172.64	1206848	171127808.00
2014/07/03	-172.52	-171.44	-173.26	-171.57	1933167	275808352.00
2014/07/04	-171.44	-170.73	-172.06	-171.51	1540280	220860912.00
2014/07/07	-171.99	-170.64	-172.52	-170.75	2287987	327900736.00
2014/07/08	-170.80	-170.74	-173.60	-172.55	2109160	299615520.00
2014/07/09	-172.71	-171.92	-173.60	-173.40	1432860	203120912.00
2014/07/10	-173.51	-172.87	-173.99	-173.59	1215988	171762384.00
2014/07/11	-173.20	-171.72	-173.51	-172.83	1843286	262292688.00
2014/07/14	-172.83	-164.63	-173.17	-165.65	4653481	684819840.00
2014/07/15	-166.25	-158.17	-166.25	-161.98	5878798	913284352.00
2014/07/16	-161.94	-159.28	-161.94	-161.29	2445933	379071456.00
2014/07/17	-161.72	-160.40	-163.62	-162.03	2019117	309501856.00
2014/07/18	-162.18	-151.80	-162.99	-155.46	7489691	1200093440.00
2014/07/21	-156.00	-153.73	-157.63	-155.46	3014322	485174688.00
2014/07/22	-156.71	-152.71	-156.71	-153.44	2982062	483906528.00
2014/07/23	-154.53	-151.80	-154.90	-152.81	2783633	455655808.00
2014/07/24	-152.93	-148.08	-154.26	-153.14	3568240	595593152.00
2014/07/25	-152.71	-150.85	-155.39	-152.82	2783358	454235008.00
2014/07/28	-152.50	-149.09	-153.70	-152.49	4296899	706875712.00
2014/07/29	-152.44	-152.44	-156.11	-155.39	3601700	580708800.00
2014/07/30	-155.68	-155.68	-159.53	-157.70	5487629	865210176.00
2014/07/31	-157.90	-156.00	-159.11	-156.10	2520631	400860672.00
2014/08/01	-156.20	-152.44	-156.70	-153.64	4325999	704961984.00
2014/08/04	-153.62	-151.24	-154.27	-152.35	3884820	637175424.00
2014/08/05	-152.71	-150.30	-154.83	-150.67	3835797	627210368.00
2014/08/06	-151.99	-151.10	-154.53	-153.33	2031723	332041728.00
2014/08/07	-153.53	-152.36	-155.90	-155.80	2539649	411237184.00
2014/08/08	-154.57	-153.32	-156.53	-154.40	2381942	384676128.00
2014/08/11	-154.10	-153.44	-154.98	-153.56	2007072	326555328.00
2014/08/12	-154.70	-153.85	-156.21	-154.50	1960436	316255840.00
2014/08/13	-154.50	-152.00	-155.62	-154.09	3445403	560675712.00
2014/08/14	-154.51	-153.22	-155.19	-155.02	2295894	373085472.00
2014/08/15	-154.35	-154.09	-155.32	-154.95	2180268	352476096.00
2014/08/18	-154.53	-154.26	-157.17	-156.58	4169827	667452096.00
2014/08/19	-156.58	-156.58	-157.76	-157.55	3209577	509709632.00
2014/08/20	-157.50	-154.48	-157.71	-154.53	3708495	596509504.00
2014/08/21	-154.53	-154.24	-157.26	-156.38	1887273	301791008.00
2014/08/22	-156.35	-156.00	-157.49	-157.01	1863671	297023424.00
2014/08/25	-157.01	-156.21	-157.90	-157.49	1537672	244745472.00
2014/08/26	-157.71	-156.88	-159.11	-158.42	1658960	261850704.00
2014/08/27	-158.42	-158.37	-159.82	-159.65	1382867	216703376.00
2014/08/28	-159.99	-157.84	-159.99	-159.97	1761803	276811136.00
2014/08/29	-159.99	-157.63	-160.90	-157.96	2383883	375517440.00
2014/09/01	-157.99	-156.80	-158.43	-157.76	1645024	260760128.00
2014/09/02	-157.43	-153.95	-158.14	-154.02	4124613	664712704.00
2014/09/03	-154.00	-149.60	-154.02	-151.97	4204225	695551808.00
2014/09/04	-152.08	-150.95	-153.00	-151.75	2397587	395280320.00
2014/09/05	-151.17	-148.93	-151.61	-149.52	3473195	579714752.00
2014/09/09	-149.40	-149.10	-152.71	-152.64	2056281	339388096.00
2014/09/10	-152.99	-151.80	-153.61	-152.80	1786772	293245984.00
2014/09/11	-152.83	-151.97	-155.00	-154.55	3187554	519406656.00
2014/09/12	-155.00	-153.94	-156.06	-154.12	1735601	280548672.00
2014/09/15	-154.62	-154.61	-157.44	-156.89	3254386	519621408.00
2014/09/16	-155.90	-155.80	-159.06	-158.66	3482315	551314368.00
2014/09/17	-157.74	-156.77	-158.77	-157.96	2584128	408684992.00
2014/09/18	-158.15	-156.91	-159.00	-157.03	2648204	418432000.00
2014/09/19	-157.03	-155.46	-157.71	-155.58	2266599	362408992.00
2014/09/22	-155.70	-155.70	-159.22	-159.13	3719154	586709120.00
2014/09/23	-159.35	-158.62	-159.66	-158.64	3454611	541705792.00
2014/09/24	-159.54	-155.90	-160.35	-156.18	4344896	687426560.00
2014/09/25	-155.51	-152.73	-155.53	-154.36	5685144	924878336.00
2014/09/26	-154.99	-153.51	-157.08	-154.25	2271665	366907296.00
2014/09/29	-154.23	-153.44	-155.09	-154.10	2348859	381683072.00
2014/09/30	-153.86	-153.63	-155.26	-154.41	2157419	349657792.00
2014/10/08	-155.44	-155.35	-158.35	-155.69	4565282	725030208.00
2014/10/09	-156.47	-156.12	-157.64	-156.34	3624491	578151808.00
2014/10/10	-157.24	-156.53	-158.44	-157.24	4314771	684789376.00
2014/10/13	-158.34	-158.28	-162.10	-159.90	5317638	826349760.00
2014/10/14	-160.90	-159.09	-161.40	-160.98	2889594	449942592.00
2014/10/15	-161.12	-158.55	-161.16	-158.79	2223805	348033856.00
2014/10/16	-159.90	-158.00	-159.90	-158.79	2394969	377655680.00
2014/10/17	-158.17	-157.21	-159.17	-157.82	3097659	489885664.00
2014/10/20	-157.82	-157.71	-159.62	-159.15	3291008	517853728.00
2014/10/21	-159.08	-156.95	-159.44	-157.75	3991128	632422400.00
2014/10/22	-157.77	-156.84	-158.62	-157.19	2283641	363211424.00
2014/10/23	-157.65	-156.10	-158.27	-157.21	3191734	508245984.00
2014/10/24	-157.30	-156.45	-158.45	-157.37	1998007	317073600.00
2014/10/27	-159.10	-157.17	-161.00	-158.62	2797069	439570880.00
2014/10/28	-158.79	-157.17	-158.91	-157.50	2054841	325762176.00
2014/10/29	-157.44	-156.75	-158.64	-157.90	2142344	339064768.00
2014/10/30	-158.17	-158.17	-160.80	-160.51	4908702	764742336.00
2014/10/31	-160.47	-159.17	-161.49	-159.37	3642170	567067456.00
2014/11/03	-159.30	-159.19	-160.49	-160.37	2467006	384677504.00
2014/11/04	-160.45	-160.45	-164.53	-164.18	5594390	854409088.00
2014/11/05	-164.49	-164.49	-169.53	-168.94	7671979	1131348480.00
2014/11/06	-168.94	-167.72	-169.07	-168.03	3636297	533913216.00
2014/11/07	-168.01	-166.99	-168.07	-167.22	4150731	613638080.00
2014/11/10	-165.44	-162.00	-166.35	-162.01	6232521	945032832.00
2014/11/11	-161.53	-160.71	-163.61	-162.40	4770689	733026112.00
2014/11/12	-162.73	-162.18	-165.26	-162.81	3082375	467531840.00
2014/11/13	-162.97	-162.96	-165.73	-164.00	4915556	739602880.00
2014/11/14	-164.02	-158.50	-164.61	-158.81	7522508	1168803328.00
2014/11/17	-149.08	-149.08	-156.35	-156.30	15041623	2451673856.00
2014/11/18	-155.44	-154.70	-160.90	-160.30	6349780	1001883712.00
2014/11/19	-160.38	-160.30	-163.07	-162.65	4629074	710715264.00
2014/11/20	-162.82	-162.79	-165.00	-164.82	4625841	698848960.00
2014/11/21	-164.93	-162.53	-165.26	-162.60	4199078	638007360.00
2014/11/24	-161.91	-160.90	-163.62	-161.85	5387899	828662528.00
2014/11/25	-162.33	-161.03	-162.90	-161.22	5323130	816840960.00
2014/11/26	-161.26	-159.66	-161.90	-160.03	6385897	990302208.00
2014/11/27	-160.90	-158.88	-161.80	-159.37	9655151	1508603264.00
2014/11/28	-159.47	-159.47	-162.56	-160.13	8828818	1363855104.00
2014/12/01	-159.47	-155.44	-159.99	-156.30	12174001	1932844672.00
2014/12/02	-157.21	-155.26	-157.94	-155.31	9926819	1588412416.00
2014/12/03	-154.13	-148.80	-154.20	-151.96	11732264	1936848384.00
2014/12/04	-150.44	-143.17	-150.44	-143.50	11778143	2020248704.00
2014/12/05	-140.00	-139.11	-148.53	-146.42	11290144	1943937536.00
2014/12/08	-148.31	-141.36	-149.80	-144.56	10089431	1731248512.00
2014/12/09	-145.44	-132.15	-145.90	-144.66	15189028	2713372416.00
2014/12/10	-142.71	-134.99	-142.71	-138.24	10665611	1919193472.00
2014/12/11	-138.17	-136.40	-142.45	-141.90	5488215	975885696.00
2014/12/12	-141.10	-137.27	-141.80	-141.27	5105516	911591104.00
2014/12/15	-141.26	-134.44	-142.32	-134.50	7096432	1281924224.00
2014/12/16	-134.80	-134.80	-139.89	-137.60	5112944	918180160.00
2014/12/17	-138.18	-136.85	-140.17	-139.01	6002047	1071735168.00
2014/12/18	-138.45	-136.17	-139.08	-138.77	3856750	695500800.00
2014/12/19	-139.02	-136.37	-139.99	-137.42	4963106	892730624.00
2014/12/22	-138.49	-134.27	-141.91	-134.44	7362381	1327712512.00
2014/12/23	-134.73	-125.90	-136.34	-130.11	8565082	1611272960.00
2014/12/24	-130.90	-127.44	-137.55	-135.39	6355459	1187206272.00
2014/12/25	-135.30	-132.71	-137.25	-132.87	4407168	806958784.00
2014/12/26	-133.54	-129.99	-135.44	-131.29	4267749	793340608.00
2014/12/29	-130.80	-129.08	-136.35	-135.00	8983865	1678243840.00
2014/12/30	-135.44	-130.91	-135.91	-131.95	5617110	1043215616.00
2014/12/31	-133.08	-129.08	-133.62	-129.42	4626936	871581696.00
2015/01/05	-129.42	-116.13	-130.27	-117.70	9451517	1875063168.00
2015/01/06	-119.99	-117.66	-123.60	-121.96	5502001	1094977408.00
2015/01/07	-123.59	-120.44	-129.09	-126.40	5479784	1063925632.00
2015/01/08	-125.44	-124.97	-128.95	-127.48	4052530	777874688.00
2015/01/09	-128.71	-123.83	-128.98	-128.80	5398220	1039955136.00
2015/01/12	-129.08	-126.72	-134.11	-132.32	4991459	934643392.00
2015/01/13	-131.80	-130.40	-133.99	-133.73	3670808	683429632.00
2015/01/14	-133.62	-132.26	-137.37	-135.28	5240344	965036160.00
2015/01/15	-134.63	-132.35	-135.91	-132.65	4858552	895503104.00
2015/01/16	-132.53	-130.90	-132.73	-132.61	3997806	746304320.00
2015/01/19	-137.26	-135.26	-145.92	-142.28	6467937	1151544320.00
2015/01/20	-141.79	-137.71	-144.53	-139.91	6102274	1086018432.00
2015/01/21	-139.74	-135.53	-140.71	-136.02	5267474	950750400.00
2015/01/22	-136.01	-134.20	-138.17	-137.05	3825481	696541248.00
2015/01/23	-138.06	-135.19	-138.07	-137.24	3308455	600627328.00
2015/01/26	-136.62	-134.99	-137.21	-135.62	3564906	650642112.00
2015/01/27	-135.60	-135.60	-139.99	-138.07	4188362	755025856.00
2015/01/28	-139.08	-137.80	-140.62	-140.47	3068066	547979136.00
2015/01/29	-141.62	-139.99	-142.71	-141.67	3249254	571553408.00
2015/01/30	-140.90	-137.26	-141.35	-140.73	4750834	848744512.00
2015/02/02	-142.25	-141.44	-144.08	-142.88	3398336	593379648.00
2015/02/03	-140.46	-139.40	-141.62	-139.65	2779280	493512576.00
2015/02/04	-138.94	-136.28	-140.90	-140.67	3529371	634135296.00
2015/02/05	-139.10	-137.35	-143.62	-143.58	4123962	735861120.00
2015/02/06	-143.04	-141.35	-143.99	-143.08	3710238	648205632.00
2015/02/09	-142.01	-133.53	-142.71	-134.26	8729358	1584342272.00
2015/02/10	-133.80	-133.44	-136.85	-135.55	5363887	984795840.00
2015/02/11	-135.99	-134.30	-136.28	-135.30	2289479	420358848.00
2015/02/12	-134.54	-134.09	-136.34	-134.92	2505098	458818624.00
2015/02/13	-134.43	-134.08	-136.90	-135.90	4012705	734977408.00
2015/02/16	-135.86	-134.87	-137.06	-135.16	3952108	722512128.00
2015/02/17	-134.94	-134.63	-136.43	-136.15	3417255	624854080.00
2015/02/25	-135.44	-132.99	-137.16	-134.57	5993512	1104113280.00
2015/02/26	-134.71	-130.54	-134.94	-132.13	6229772	1163369600.00
2015/02/27	-131.90	-124.99	-131.99	-128.12	6337094	1217723136.00
2015/03/02	-128.35	-125.62	-129.99	-128.41	3109870	592027072.00
2015/03/03	-129.71	-127.26	-133.48	-132.76	4299960	812905792.00
2015/03/04	-131.81	-130.89	-133.99	-131.63	4066223	757815040.00
2015/03/05	-133.61	-131.78	-134.49	-133.15	3620624	670609792.00
2015/03/06	-133.30	-132.28	-135.20	-134.88	2547066	471454752.00
2015/03/09	-132.90	-126.36	-134.71	-127.66	4348603	815432192.00
2015/03/10	-128.22	-127.71	-131.55	-131.05	2963706	561292480.00
2015/03/11	-131.05	-126.35	-131.08	-127.28	4058339	778418688.00
2015/03/12	-126.35	-123.63	-127.80	-126.58	3849640	747203136.00
2015/03/13	-126.62	-125.53	-130.37	-129.16	2547927	486997376.00
2015/03/16	-129.02	-124.99	-131.80	-125.66	3116097	597313664.00
2015/03/17	-124.54	-121.18	-124.63	-122.92	4590408	903712768.00
2015/03/18	-122.90	-120.00	-124.06	-120.49	3930446	778884992.00
2015/03/19	-121.31	-120.90	-125.39	-124.28	3353977	658535488.00
2015/03/20	-125.26	-124.54	-128.28	-126.21	5137371	991294912.00
2015/03/23	-124.83	-122.94	-126.17	-124.46	4097901	799009920.00
2015/03/24	-124.26	-122.31	-127.17	-123.90	6007944	1172628480.00
2015/03/25	-126.35	-124.44	-127.20	-126.55	4224030	815963264.00
2015/03/26	-125.85	-120.08	-127.26	-121.30	6710525	1315872128.00
2015/03/27	-121.80	-121.30	-126.40	-124.94	4014459	784086656.00
2015/03/30	-124.82	-120.94	-126.26	-122.92	6345139	1237889280.00
2015/03/31	-123.00	-119.29	-125.42	-123.66	8813097	1746870272.00
2015/04/01	-123.60	-122.20	-125.00	-124.22	7687523	1504959744.00
2015/04/02	-123.66	-122.17	-126.46	-124.91	6298161	1228604416.00
2015/04/03	-125.44	-122.70	-126.55	-122.89	5121088	996536064.00
2015/04/07	-122.85	-119.00	-123.80	-119.38	5982433	1189027072.00
2015/04/08	-117.71	-110.28	-118.54	-115.90	13585716	2798381824.00
2015/04/09	-115.91	-114.64	-120.85	-119.99	6239973	1255308032.00
2015/04/10	-120.00	-117.27	-120.34	-119.79	10201946	2048914304.00
2015/04/13	-118.58	-115.90	-120.95	-116.44	9135609	1840018432.00
2015/04/14	-116.35	-111.55	-116.39	-114.53	8190313	1691094272.00
2015/04/15	-111.71	-111.10	-116.20	-114.80	5500520	1135635968.00
2015/04/16	-112.21	-96.10	-112.87	-96.10	8601417	1877332352.00
2015/04/17	-84.62	-75.71	-94.28	-90.39	19209491	4577503744.00
2015/04/20	-92.71	-78.44	-93.62	-89.05	13058871	3118764544.00
2015/04/21	-83.62	-67.78	-83.62	-67.78	12240188	3039244032.00
2015/04/22	-57.44	-57.26	-68.07	-61.90	13463506	3543576832.00
2015/04/23	-61.80	-61.65	-71.82	-69.04	8603012	2214737664.00
2015/04/24	-72.82	-65.73	-79.07	-66.81	10053123	2547399936.00
2015/04/27	-67.64	-58.35	-71.81	-69.27	7897335	2050832384.00
2015/04/28	-70.90	-66.71	-77.21	-76.45	8729177	2187970816.00
2015/04/29	-78.08	-71.80	-78.08	-74.73	5930057	1477767680.00
2015/04/30	-73.49	-70.08	-76.58	-72.50	6406407	1610937984.00
2015/05/04	-72.11	-66.35	-74.51	-70.01	5473902	1398337280.00
2015/05/05	-72.71	-72.71	-83.73	-82.76	7370003	1801146752.00
2015/05/06	-80.00	-77.27	-83.61	-81.19	6032432	1472597504.00
2015/05/07	-79.08	-72.82	-81.30	-79.14	6810290	1693825920.00
2015/05/08	-78.06	-70.10	-78.26	-70.74	5780559	1447670272.00
2015/05/11	-73.17	-67.27	-74.53	-67.77	6134570	1552417920.00
2015/05/12	-67.99	-67.99	-72.71	-70.51	4703129	1193035136.00
2015/05/13	-71.08	-62.74	-72.26	-68.71	5891341	1520374528.00
2015/05/14	-68.85	-65.90	-73.42	-73.25	4185329	1062504704.00
2015/05/15	-73.25	-71.36	-82.16	-78.92	5418507	1333031168.00
2015/05/18	-79.08	-79.08	-83.53	-82.59	3536324	856505088.00
2015/05/19	-82.67	-74.33	-83.44	-74.50	4763777	1174434432.00
2015/05/20	-72.71	-65.44	-75.17	-70.94	6377150	1631009408.00
2015/05/21	-69.08	-64.26	-70.89	-66.72	4766913	1230234880.00
2015/05/22	-65.73	-50.17	-65.81	-51.02	6664906	1779754368.00
2015/05/25	-56.35	-39.54	-57.26	-41.05	6747362	1868570240.00
2015/05/26	-41.26	-38.17	-43.66	-42.22	6091468	1746031104.00
2015/05/27	-42.24	-38.79	-53.62	-50.08	4693479	1309260032.00
2015/05/28	-51.58	-46.35	-65.35	-64.43	6088499	1650995584.00
2015/05/29	-65.43	-57.26	-65.54	-61.96	5778309	1531805568.00
2015/06/01	-61.86	-53.64	-65.62	-55.02	6581670	1747123712.00
2015/06/02	-55.90	-55.90	-64.84	-59.42	6463560	1708951680.00
2015/06/03	-60.73	-59.42	-65.43	-62.90	4642403	1218378752.00
2015/06/04	-62.73	-60.90	-83.62	-67.07	9236273	2332785408.00
2015/06/05	-67.16	-63.53	-78.17	-71.04	8573823	2188974592.00
2015/06/08	-73.16	-58.59	-74.71	-61.22	9600797	2462736640.00
2015/06/09	-60.90	-56.53	-68.62	-66.32	7785186	2045525376.00
2015/06/10	-69.40	-59.19	-71.08	-64.49	8046208	2096832896.00
2015/06/11	-65.44	-61.35	-67.47	-65.39	5295454	1378413696.00
2015/06/12	-63.51	-53.62	-64.53	-59.99	9090952	2438986496.00
2015/06/15	-59.10	-54.53	-65.37	-64.63	10001422	2664672512.00
2015/06/16	-66.35	-60.17	-72.26	-70.94	6930384	1789696000.00
2015/06/17	-70.93	-67.48	-75.44	-69.90	5838881	1478407040.00
2015/06/18	-71.79	-70.17	-83.08	-80.01	6150650	1530836096.00
2015/06/19	-78.29	-75.90	-89.06	-87.89	6760866	1646002816.00
2015/06/23	-83.80	-69.21	-88.96	-72.49	8124734	1989068160.00
2015/06/24	-74.53	-60.71	-76.67	-64.34	9570694	2463553792.00
2015/06/25	-64.08	-63.60	-74.34	-72.90	6652166	1707385600.00
2015/06/26	-74.51	-69.30	-87.90	-81.40	9933201	2451381504.00
2015/06/29	-76.01	-68.62	-94.71	-77.59	16507167	4057069824.00
2015/06/30	-77.59	-65.60	-78.17	-67.58	12629819	3205285632.00
2015/07/01	-69.99	-57.71	-73.64	-67.72	10332654	2696026112.00
2015/07/02	-69.71	-44.90	-79.07	-65.17	11845972	3011363584.00
2015/07/03	-69.99	-64.99	-81.62	-74.70	10960531	2772183040.00
2015/07/06	-58.21	-58.18	-84.08	-70.86	27279966	7012491264.00
2015/07/07	-74.53	-68.55	-84.08	-79.82	16756224	4121731584.00
2015/07/08	-93.62	-79.09	-102.02	-86.48	28914054	6738026496.00
2015/07/09	-86.48	-65.07	-89.99	-67.31	13820334	3409950464.00
2015/07/10	-68.17	-44.53	-72.75	-60.36	25614930	6888908288.00
2015/07/13	-67.26	-60.37	-73.62	-67.49	14892616	3838169344.00
2015/07/14	-69.99	-69.82	-77.08	-75.40	9676830	2425239296.00
2015/07/15	-76.80	-72.08	-80.64	-73.39	10407746	2585923328.00
2015/07/16	-73.39	-70.73	-76.11	-73.09	7281433	1826618368.00
2015/07/17	-68.83	-67.84	-73.09	-69.54	5641853	1284361216.00
2015/07/20	-70.68	-69.93	-75.33	-72.72	6793355	1531275648.00
2015/07/21	-76.08	-73.63	-77.83	-76.17	5178996	1148423296.00
2015/07/22	-77.83	-75.83	-81.25	-80.70	7085510	1552554880.00
2015/07/23	-79.84	-77.23	-82.06	-78.29	6474810	1411411712.00
2015/07/24	-77.33	-74.14	-79.08	-78.62	5739009	1271122176.00
2015/07/27	-80.83	-76.53	-96.83	-96.31	7694415	1628465536.00
2015/07/28	-97.97	-88.39	-100.35	-92.00	8670357	1766521472.00
2015/07/29	-90.05	-87.83	-95.70	-90.09	6650743	1364157568.00
2015/07/30	-89.00	-89.00	-92.73	-91.87	4113400	853284352.00
2015/07/31	-91.13	-90.90	-94.83	-91.00	4073664	835374144.00
2015/08/03	-92.83	-87.84	-94.83	-88.27	5455303	1117796096.00
2015/08/04	-88.57	-83.85	-88.57	-85.86	5953396	1260302976.00
2015/08/05	-84.90	-83.98	-90.89	-90.64	4314385	907597376.00
2015/08/06	-91.60	-90.33	-94.83	-92.87	3924980	805358592.00
2015/08/07	-90.34	-89.23	-92.23	-90.90	3952134	819022592.00
2015/08/10	-90.82	-84.83	-92.70	-85.53	5649643	1182083584.00
2015/08/11	-85.53	-85.42	-87.82	-87.08	5089705	1076261248.00
2015/08/12	-87.84	-83.54	-89.08	-88.36	4582434	968610624.00
2015/08/13	-86.33	-86.33	-91.83	-88.32	3518025	733202176.00
2015/08/14	-87.33	-86.43	-88.58	-87.85	3066690	645849792.00
2015/08/17	-89.81	-89.01	-93.83	-91.61	5385832	1108212096.00
2015/08/18	-90.85	-90.33	-97.48	-96.77	5128552	1047896512.00
2015/08/19	-98.08	-95.67	-99.65	-96.21	5026180	1004394368.00
2015/08/20	-97.00	-96.83	-102.93	-102.76	3964503	788892224.00
2015/08/21	-106.31	-102.97	-111.71	-111.50	7562061	1433277952.00
2015/08/24	-116.83	-116.33	-129.63	-128.19	8981284	1559048832.00
2015/08/25	-130.37	-115.32	-131.63	-121.24	12308058	2165823488.00
2015/08/26	-121.07	-109.33	-122.83	-113.95	9157253	1663612800.00
2015/08/27	-107.83	-97.93	-112.94	-100.76	8705201	1663248896.00
2015/08/28	-102.83	-102.54	-110.70	-105.18	8992583	1720106880.00
2015/08/31	-108.49	-102.33	-112.65	-102.46	6273019	1198184960.00
2015/09/01	-106.01	-102.83	-109.83	-103.46	8743269	1688392960.00
2015/09/02	-107.72	-102.83	-108.63	-103.22	10694546	2052413312.00
2015/09/07	-105.23	-103.83	-109.18	-109.12	3221642	615819776.00
2015/09/08	-109.37	-107.36	-112.83	-108.51	3309858	621914368.00
2015/09/09	-107.69	-103.96	-107.69	-105.97	3521516	676337472.00
2015/09/10	-107.45	-104.53	-108.69	-104.62	2685248	514766400.00
2015/09/11	-105.95	-103.73	-106.78	-104.92	1693214	326277632.00
2015/09/14	-105.40	-95.03	-109.93	-95.30	8617555	1678995840.00
2015/09/15	-99.82	-95.81	-102.71	-95.83	5188434	1035493504.00
2015/09/16	-97.82	-88.29	-100.10	-93.28	3719802	753188800.00
2015/09/17	-95.23	-92.03	-100.22	-99.83	2642300	533638528.00
2015/09/18	-99.23	-96.94	-99.83	-98.40	1564276	312040960.00
2015/09/21	-99.82	-97.13	-99.83	-98.53	1652767	329196736.00
2015/09/22	-97.06	-96.65	-98.85	-98.56	1645740	329161952.00
2015/09/23	-100.68	-98.84	-103.73	-103.11	2234432	438412352.00
2015/09/24	-102.03	-101.55	-105.03	-103.83	1388674	269653184.00
2015/09/25	-103.84	-102.93	-108.33	-104.37	2445597	470411104.00
2015/09/28	-106.35	-105.53	-108.60	-106.45	1234110	235369408.00
2015/09/29	-108.28	-106.46	-109.53	-107.66	1840982	348759200.00
2015/09/30	-107.60	-106.35	-107.66	-107.52	1163463	222178048.00
2015/10/08	-99.05	-96.25	-100.83	-100.31	3439179	684138048.00
2015/10/09	-99.05	-98.93	-101.33	-100.88	1572174	310187712.00
2015/10/12	-98.83	-93.34	-99.98	-99.74	4903000	982174144.00
2015/10/13	-99.74	-97.74	-99.74	-99.09	1575113	313495456.00
2015/10/14	-98.85	-98.33	-100.82	-100.00	1521339	301666752.00
2015/10/15	-99.67	-97.46	-100.27	-97.84	1655013	329836768.00
2015/10/16	-96.61	-95.43	-98.42	-97.09	1923843	386383072.00
2015/10/19	-92.89	-92.89	-95.93	-95.11	2612145	531101856.00
2015/10/20	-95.81	-94.95	-96.65	-95.86	1478429	298284288.00
2015/10/21	-95.75	-95.28	-100.82	-97.52	2234914	447195040.00
2015/10/22	-97.59	-95.10	-98.40	-95.30	2372030	478632736.00
2015/10/23	-92.03	-80.23	-92.28	-86.85	5627734	1189746944.00
2015/10/26	-85.83	-79.53	-89.83	-80.10	4334626	932490816.00
2015/10/27	-80.73	-80.15	-85.25	-82.58	2257279	484596992.00
2015/10/28	-82.84	-82.84	-85.93	-85.39	1655922	353020512.00
2015/10/29	-85.83	-83.04	-85.83	-84.83	1345435	287688320.00
2015/10/30	-84.88	-82.03	-85.71	-83.97	1225791	263117280.00
2015/11/02	-83.23	-81.97	-85.33	-85.27	1529820	328246688.00
2015/11/03	-84.91	-82.07	-89.43	-88.12	2317329	493565248.00
2015/11/04	-87.25	-81.83	-87.72	-82.85	3080972	659118976.00
2015/11/05	-83.23	-74.55	-84.33	-81.27	4998258	1087812224.00
2015/11/06	-80.48	-79.23	-82.27	-79.41	2169571	471929408.00
2015/11/09	-75.83	-73.17	-78.83	-77.00	4052729	900398656.00
2015/11/10	-77.83	-73.71	-78.67	-75.45	2872976	639416128.00
2015/11/11	-75.82	-74.83	-79.23	-77.68	2381550	524296320.00
2015/11/12	-77.60	-74.83	-78.45	-77.82	1618085	357408928.00
2015/11/13	-79.73	-78.33	-83.00	-82.72	2839718	614644800.00
2015/11/16	-85.33	-81.33	-85.83	-84.05	2391670	511461312.00
2015/11/17	-83.11	-80.33	-84.69	-83.47	2198635	473813952.00
2015/11/18	-84.24	-81.83	-84.24	-83.17	1972554	423815328.00
2015/11/19	-83.83	-81.83	-83.93	-82.80	1526276	327777824.00
2015/11/20	-82.69	-82.05	-84.73	-84.11	2227423	476413664.00
2015/11/23	-84.83	-83.99	-85.32	-85.21	2099473	446996448.00
2015/11/24	-85.44	-84.55	-87.83	-86.14	2046902	431548224.00
2015/11/25	-86.13	-84.83	-87.43	-84.85	2424981	512351424.00
2015/11/26	-84.34	-84.04	-86.00	-84.99	1880453	400523680.00
2015/11/27	-85.34	-85.29	-91.20	-90.09	1622072	339061440.00
2015/11/30	-89.79	-83.05	-90.04	-83.52	3344003	702029952.00
2015/12/01	-84.83	-83.88	-86.83	-84.03	1887754	400895904.00
2015/12/02	-83.35	-70.83	-85.83	-76.25	4789145	1055325952.00
2015/12/03	-78.83	-76.43	-81.13	-77.63	2238683	489928576.00
2015/12/04	-77.87	-77.87	-82.82	-82.52	2084871	452200736.00
2015/12/07	-82.83	-80.85	-84.63	-83.32	1925509	413697600.00
2015/12/08	-83.28	-83.28	-86.37	-85.89	1739368	370510944.00
2015/12/09	-86.25	-82.78	-86.33	-83.36	1411977	302039616.00
2015/12/10	-82.83	-81.63	-85.84	-84.87	1378671	295297568.00
2015/12/11	-85.33	-85.33	-87.33	-86.42	1303548	275655744.00
2015/12/14	-87.64	-82.95	-88.83	-83.73	2070134	439584128.00
2015/12/15	-84.03	-83.24	-85.75	-83.32	1508839	321828832.00
2015/12/16	-83.42	-83.19	-85.24	-83.92	2014480	430371552.00
2015/12/17	-83.44	-80.95	-83.83	-81.97	2425321	523818368.00
2015/12/18	-82.33	-78.68	-82.72	-80.95	2846020	618897536.00
2015/12/21	-79.83	-68.65	-79.83	-70.80	5939189	1341466624.00
2015/12/22	-71.03	-71.03	-74.55	-72.80	2840245	638684800.00
2015/12/23	-72.38	-71.14	-75.13	-74.83	2237497	501438272.00
2015/12/24	-73.85	-72.15	-74.63	-73.05	1557788	350137312.00
2015/12/25	-72.83	-72.17	-74.95	-73.33	1154295	258870000.00
2015/12/28	-72.35	-71.83	-78.83	-78.71	2559452	569404096.00
2015/12/29	-79.21	-77.39	-79.32	-78.00	1577433	345982464.00
2015/12/30	-77.65	-77.17	-80.31	-78.97	2014766	440489184.00
2015/12/31	-79.61	-78.33	-80.01	-79.64	1967387	429872160.00
2016/01/04	-79.83	-79.83	-87.84	-87.81	1734969	371909824.00
2016/01/05	-87.83	-83.86	-90.32	-85.01	3190891	672596352.00
2016/01/06	-85.05	-84.17	-88.53	-85.65	2376090	502483552.00
2016/01/07	-88.84	-88.84	-97.80	-95.60	814868	167829920.00
2016/01/08	-93.66	-89.83	-97.83	-93.20	4451009	911812864.00
2016/01/11	-94.67	-94.04	-98.43	-97.97	2970258	596838976.00
2016/01/12	-96.73	-95.73	-101.83	-101.04	4028723	801495552.00
2016/01/13	-98.73	-91.83	-99.23	-98.05	2920198	592420608.00
2016/01/14	-100.72	-91.85	-102.32	-93.01	3477606	699341440.00
2016/01/15	-93.08	-91.65	-99.83	-98.83	2668119	537750016.00
2016/01/18	-99.83	-95.43	-100.63	-98.40	2737123	548614400.00
2016/01/19	-96.83	-87.50	-97.82	-87.59	5911022	1224859264.00
2016/01/20	-90.83	-87.67	-96.82	-95.51	4096866	835946944.00
2016/01/21	-96.57	-93.24	-97.93	-97.57	2183229	439737664.00
2016/01/22	-94.72	-94.43	-99.02	-95.09	2273348	456952032.00
2016/01/25	-94.83	-94.34	-96.33	-95.06	1375045	278273536.00
2016/01/26	-96.84	-93.36	-99.33	-98.82	2228092	448487456.00
2016/01/27	-97.85	-96.94	-102.13	-97.90	2984041	589842560.00
2016/01/28	-98.08	-98.08	-102.21	-101.19	1790300	353744032.00
2016/01/29	-100.35	-95.33	-100.83	-97.18	2309024	461975264.00
2016/02/01	-95.73	-95.03	-97.94	-96.54	1917802	386028352.00
2016/02/02	-95.83	-93.03	-97.19	-93.28	1784208	362596992.00
2016/02/03	-95.25	-93.27	-96.33	-94.17	1515699	307933696.00
2016/02/04	-93.03	-91.95	-94.29	-92.84	1662475	340315136.00
2016/02/05	-92.84	-92.65	-95.30	-93.96	1422767	290691680.00
2016/02/15	-97.83	-94.83	-98.23	-97.42	1947018	390748384.00
2016/02/16	-97.27	-89.83	-97.27	-93.91	1922316	393326272.00
2016/02/17	-94.09	-92.91	-97.32	-95.53	2034911	411126976.00
2016/02/18	-94.63	-94.23	-96.73	-96.12	1889256	381696256.00
2016/02/19	-96.21	-94.65	-96.70	-94.72	1423846	287755552.00
2016/02/22	-91.83	-89.51	-91.83	-90.03	2775986	574540608.00
2016/02/23	-90.06	-82.85	-90.81	-85.42	3746089	795824512.00
2016/02/24	-85.63	-79.80	-86.82	-80.09	3312902	717612352.00
2016/02/25	-79.03	-77.35	-85.70	-85.42	3948065	855036800.00
2016/02/26	-84.73	-78.58	-86.57	-80.99	2833271	609924288.00
2016/02/29	-78.84	-76.95	-91.03	-82.92	4771246	1022532352.00
2016/03/01	-81.87	-77.53	-87.43	-79.41	3400459	736088832.00
2016/03/02	-78.83	-72.33	-79.16	-73.61	4794266	1073462784.00
2016/03/03	-72.83	-65.85	-76.17	-70.02	4019328	914557312.00
2016/03/04	-70.95	-57.67	-72.82	-59.05	8583869	2007278336.00
2016/03/07	-59.72	-57.83	-66.78	-64.19	3934555	924016256.00
2016/03/08	-64.53	-64.53	-70.83	-68.62	2614722	600938816.00
2016/03/09	-70.83	-65.18	-71.73	-70.39	1640260	375804064.00
2016/03/10	-68.84	-64.13	-69.83	-69.77	2572746	593953280.00
2016/03/11	-71.29	-65.95	-72.33	-69.78	1632008	373343712.00
2016/03/14	-67.07	-64.33	-75.63	-73.26	4527783	1029457856.00
2016/03/15	-73.03	-63.44	-73.49	-65.91	3635633	832373568.00
2016/03/16	-67.61	-65.33	-72.83	-69.22	2425097	555358080.00
2016/03/17	-67.83	-63.73	-69.53	-68.27	2882095	665454464.00
2016/03/18	-65.83	-65.57	-72.05	-71.83	7056894	1613934080.00
2016/03/21	-71.17	-65.81	-71.18	-65.85	3854745	885665728.00
2016/03/22	-65.57	-59.65	-66.33	-63.34	4176661	981582400.00
2016/03/23	-62.63	-60.83	-65.15	-62.86	2141206	503035648.00
2016/03/24	-62.83	-52.43	-66.53	-55.17	6206802	1487290880.00
2016/03/25	-55.33	-48.04	-56.81	-52.85	4475616	1100326144.00
2016/03/28	-52.85	-44.45	-52.85	-48.25	4833765	1207751680.00
2016/03/29	-48.23	-46.83	-53.39	-49.72	3668805	911523008.00
2016/03/30	-48.83	-47.43	-52.35	-49.17	2778260	688591424.00
2016/03/31	-47.99	-47.53	-50.84	-50.19	1945734	483196896.00
2016/04/01	-48.88	-47.34	-53.29	-52.74	2514607	620149504.00
2016/04/05	-54.83	-50.33	-54.83	-52.31	2504785	615354304.00
2016/04/06	-52.03	-40.23	-52.03	-40.62	4842492	1225137024.00
2016/04/07	-40.94	-40.35	-45.21	-43.72	2553639	650128768.00
2016/04/08	-45.83	-41.94	-49.63	-47.97	2315602	583704000.00
2016/04/11	-47.33	-42.65	-54.33	-54.11	11928468	2930751232.00
2016/04/12	-54.13	-52.83	-55.73	-52.91	2333909	568663744.00
2016/04/13	-52.43	-49.20	-56.13	-55.59	5427425	1328412416.00
2016/04/14	-55.45	-53.00	-56.83	-55.07	2866437	696651904.00
2016/04/15	-55.19	-52.85	-56.63	-52.93	1902926	463404864.00
2016/04/18	-55.03	-51.83	-55.33	-54.15	1859304	453989120.00
2016/04/19	-53.24	-52.64	-56.38	-54.65	1423668	345816832.00
2016/04/20	-54.64	-53.43	-62.03	-59.39	3370850	808354304.00
2016/04/21	-57.33	-55.53	-59.53	-57.46	2967222	713190656.00
2016/04/22	-56.83	-49.95	-57.46	-50.43	3545938	869560448.00
2016/04/25	-50.71	-49.73	-54.53	-53.31	2499028	614481792.00
2016/04/26	-52.88	-50.95	-54.83	-53.97	1515668	370224928.00
2016/04/27	-53.33	-52.35	-54.34	-52.95	1391510	340092448.00
2016/04/28	-52.00	-51.09	-53.83	-51.39	1715655	421012800.00
2016/04/29	-50.44	-45.40	-50.44	-46.63	4607949	1155915392.00
2016/05/03	-47.28	-35.55	-47.28	-37.83	5647486	1463972608.00
2016/05/04	-37.83	-35.44	-41.84	-41.62	2863626	743425152.00
2016/05/05	-41.33	-39.68	-42.33	-40.06	1351789	347050368.00
2016/05/06	-40.52	-39.31	-46.71	-45.61	2717369	689911424.00
2016/05/09	-47.70	-45.03	-48.82	-47.01	2779918	696784512.00
2016/05/10	-48.33	-43.83	-48.72	-45.75	3350589	843441792.00
2016/05/11	-45.48	-37.35	-45.48	-40.96	4927713	1268594560.00
2016/05/12	-43.81	-41.27	-45.83	-41.87	1889411	480711456.00
2016/05/13	-41.85	-38.93	-47.33	-46.87	2814561	714915392.00
2016/05/16	-46.97	-46.03	-50.53	-46.20	2220273	553627520.00
2016/05/17	-46.82	-45.43	-48.00	-47.80	1178569	295828000.00
2016/05/18	-48.75	-45.98	-54.73	-53.39	2838034	700172096.00
2016/05/19	-52.67	-49.33	-53.33	-52.06	2088943	514050848.00
2016/05/20	-50.99	-45.65	-53.51	-46.57	2550157	638079232.00
2016/05/23	-48.11	-42.84	-48.11	-43.63	1870618	474832800.00
2016/05/24	-43.42	-42.62	-47.73	-45.89	1167440	294383648.00
2016/05/25	-43.35	-42.89	-46.82	-45.97	1778534	450815936.00
2016/05/26	-45.84	-44.03	-48.63	-45.12	1812026	454859072.00
2016/05/27	-45.11	-43.14	-46.45	-45.39	1323044	334258016.00
2016/05/30	-46.33	-41.33	-47.83	-41.70	2980692	756013056.00
2016/05/31	-41.83	-31.21	-42.63	-33.36	5394965	1418668288.00
2016/06/01	-32.43	-32.33	-34.83	-34.04	2187669	578184000.00
2016/06/02	-34.82	-29.15	-34.82	-30.09	2476076	660335552.00
2016/06/03	-30.83	-11.09	-31.43	-13.94	6479813	1806172800.00
2016/06/06	-15.83	-14.83	-22.83	-21.78	3726166	1034692864.00
2016/06/07	-21.33	-19.34	-22.82	-19.98	1875353	518246016.00
2016/06/08	-21.43	-19.97	-24.33	-23.55	2388209	656530752.00
2016/06/13	-24.48	-21.17	-31.58	-30.77	3777506	1030012800.00
2016/06/14	-30.12	-24.03	-30.12	-25.08	2558729	696446720.00
2016/06/15	-27.12	-20.03	-27.62	-21.34	2732201	752172224.00
2016/06/16	-22.97	-20.03	-24.05	-23.81	1964357	540824576.00
2016/06/17	-24.23	-15.34	-24.23	-19.57	2470518	689165056.00
2016/06/20	-18.06	-17.97	-23.83	-21.72	1901926	523759584.00
2016/06/21	-20.79	-19.89	-24.83	-24.02	1674933	460067360.00
2016/06/22	-24.06	-18.47	-25.06	-19.39	2088448	577353664.00
2016/06/23	-17.86	-17.86	-22.95	-21.39	1398451	386801280.00
2016/06/24	-22.55	-20.83	-30.63	-24.06	2012951	550877440.00
2016/06/27	-22.83	-5.53	-22.83	-10.15	6364269	1823624064.00
2016/06/28	-10.81	-8.17	-11.51	-9.62	2428223	699351488.00
2016/06/29	-10.28	-8.38	-13.63	-9.65	2814760	805690496.00
2016/06/30	-7.81	0.37	-7.81	-5.91	3802240	1116195968.00
2016/07/01	-4.46	0.22	-7.66	-5.49	2601495	746622848.00
2016/07/04	-4.66	3.74	-5.66	2.24	2948864	859625088.00
2016/07/05	3.37	11.44	3.37	8.92	4170773	1252985728.00
2016/07/06	8.14	26.34	7.35	25.53	4734770	1463885952.00
2016/07/07	24.14	35.14	20.42	25.25	5072520	1619384192.00
2016/07/08	21.87	23.84	14.50	18.25	4554563	1412963968.00
2016/07/11	17.37	32.34	17.37	23.48	5748167	1825388160.00
2016/07/12	24.10	34.94	23.34	33.07	5311945	1712151168.00
2016/07/13	31.37	33.07	23.39	25.53	5344828	1697002624.00
2016/07/14	24.43	29.14	23.54	25.43	2923085	928017856.00
2016/07/15	25.46	26.37	23.40	25.86	2681101	848676224.00
2016/07/18	25.84	27.84	24.00	24.55	2335289	741065216.00
2016/07/19	23.84	24.64	13.89	16.45	4143166	1282256512.00
2016/07/20	16.96	19.21	15.84	16.90	1773384	548187904.00
2016/07/21	18.49	25.94	17.34	22.72	3300949	1041004800.00
2016/07/22	21.24	23.54	15.72	16.26	2887145	893047936.00
2016/07/25	15.94	22.53	15.34	19.60	2362353	736751808.00
2016/07/26	17.35	27.84	16.84	27.38	3555567	1121135488.00
2016/07/27	28.19	28.94	16.64	22.35	3922806	1235833216.00
2016/07/28	20.34	27.64	19.84	24.39	3964399	1254912000.00
2016/07/29	23.42	27.22	21.34	21.49	2900737	913987200.00
2016/08/01	21.34	22.29	13.34	15.30	3170185	980681856.00
2016/08/02	15.59	18.84	11.19	14.55	2654142	812078464.00
2016/08/03	15.34	16.24	12.49	15.16	2403907	735080448.00
2016/08/04	15.19	16.67	12.56	14.64	2179364	666165440.00
2016/08/05	14.83	16.71	13.37	14.27	2030848	622324416.00
2016/08/08	14.49	16.64	11.40	16.44	2200740	672724160.00
2016/08/09	16.51	26.01	14.76	24.09	3928967	1230572032.00
2016/08/10	23.39	24.84	21.67	22.15	2094471	659451008.00
2016/08/11	22.72	29.91	22.35	25.11	3193972	1016399232.00
2016/08/12	25.74	25.74	22.35	25.31	2335283	737487488.00
2016/08/15	24.14	30.03	22.49	27.12	3411013	1084418432.00
2016/08/16	30.34	30.82	16.34	17.86	8837869	2755749632.00
2016/08/17	17.94	19.31	14.84	16.50	4375406	1347397760.00
2016/08/18	16.29	17.99	13.47	14.77	3100599	951674752.00
2016/08/19	14.14	15.79	13.14	14.82	1914091	585467712.00
2016/08/22	14.47	17.92	14.34	15.66	2081270	640455232.00
2016/08/23	15.67	17.38	14.14	15.22	1991426	612752832.00
2016/08/24	15.36	15.83	12.17	13.62	2277942	695005312.00
2016/08/25	13.54	13.72	8.41	11.35	2536258	766099072.00
2016/08/26	11.48	12.89	8.74	9.79	2143645	648346752.00
2016/08/29	16.34	17.14	13.54	15.87	3805557	1169052416.00
2016/08/30	15.34	16.84	13.01	14.20	2117052	649198656.00
2016/08/31	15.04	19.10	13.88	18.53	4040144	1250762240.00
2016/09/01	18.04	20.34	16.59	17.05	1718597	532785280.00
2016/09/02	16.34	17.79	13.22	14.12	1857224	570909568.00
2016/09/05	14.54	17.34	14.15	16.84	1913870	589626240.00
2016/09/06	16.84	18.70	16.69	18.28	2062583	638681600.00
2016/09/07	18.02	18.02	13.84	14.94	2964515	908976256.00
2016/09/08	13.55	14.84	12.75	14.16	1670578	509979648.00
2016/09/09	14.99	15.20	12.34	12.97	1622251	494663712.00
2016/09/12	10.34	12.34	6.11	6.40	3823881	1148690176.00
2016/09/13	8.29	9.31	7.64	8.77	1625588	488095072.00
2016/09/14	8.44	10.54	6.35	7.91	1852765	556106048.00
2016/09/19	8.39	9.91	8.22	8.47	1285210	385804384.00
2016/09/20	9.12	9.14	2.34	3.30	3489260	1031649920.00
2016/09/21	3.40	3.73	-2.55	2.39	3903723	1139374208.00
2016/09/22	2.64	8.32	2.35	5.32	2960617	879666048.00
2016/09/23	5.36	7.29	3.74	6.02	1267190	376554080.00
2016/09/26	5.34	5.35	-3.11	-2.93	3717608	1080278272.00
2016/09/27	-2.78	0.32	-2.90	-0.49	1791582	520513696.00
2016/09/28	0.13	0.13	-4.10	-3.25	2236001	648736320.00
2016/09/29	-3.81	1.34	-3.81	-0.68	2370569	688873472.00
2016/09/30	-1.66	7.97	-1.66	6.25	2960350	880477824.00
2016/10/10	6.85	12.20	6.85	11.30	2110362	637178880.00
2016/10/11	12.34	17.34	11.34	17.26	4173675	1279755392.00
2016/10/12	16.84	16.84	13.24	14.16	1928602	590793792.00
2016/10/13	15.14	15.28	11.85	12.23	1614398	491591616.00
2016/10/14	11.81	14.34	11.54	13.94	1269092	386317920.00
2016/10/17	13.79	13.84	9.84	10.79	1895703	574503360.00
2016/10/18	10.84	16.84	10.34	15.50	3038931	932443520.00
2016/10/19	16.84	17.09	13.44	14.79	1412328	433658688.00
2016/10/20	15.73	15.73	13.14	13.82	1407992	429896192.00
2016/10/21	13.42	13.82	10.93	12.53	1148332	349209696.00
2016/10/24	10.94	15.34	10.94	15.27	2624652	802002368.00
2016/10/25	15.73	21.34	15.73	21.28	4376239	1363211008.00
2016/10/26	21.34	26.65	19.99	22.02	4681307	1475976832.00
2016/10/27	21.33	26.56	19.35	25.21	3295162	1039017344.00
2016/10/28	25.84	26.77	22.34	25.39	2013733	637478016.00
2016/10/31	27.34	31.14	25.14	26.29	4359610	1394967936.00
2016/11/01	26.29	27.34	23.89	25.02	1951239	617880128.00
2016/11/02	24.43	25.50	22.02	23.52	2063642	650629056.00
2016/11/03	23.34	24.80	22.49	24.20	1869081	589861376.00
2016/11/04	24.33	26.59	22.32	23.16	2061927	650489984.00
2016/11/07	23.34	25.34	21.54	23.67	1604780	505304896.00
2016/11/08	24.84	30.52	24.02	28.34	3419383	1093003648.00
2016/11/09	28.34	30.31	22.14	25.15	3000449	951077184.00
2016/11/10	27.44	29.34	26.07	27.47	1780496	568571584.00
2016/11/11	26.33	26.64	23.14	23.42	3590265	1133744256.00
2016/11/14	23.89	24.21	18.33	19.33	3992049	1246340864.00
2016/11/15	18.37	23.99	18.37	22.35	2447055	766112512.00
2016/11/16	22.15	23.74	20.34	21.49	1339981	419672480.00
2016/11/17	20.42	21.34	18.87	19.38	1833776	570642112.00
2016/11/18	19.50	20.14	18.22	18.34	1937769	601883520.00
2016/11/21	19.36	20.00	16.71	17.84	2608384	807014528.00
2016/11/22	18.64	18.79	16.71	17.21	2642427	816561728.00
2016/11/23	19.34	21.34	17.45	21.29	3401504	1058266304.00
2016/11/24	21.54	25.34	19.76	25.27	3907870	1227937664.00
2016/11/25	25.38	26.34	21.76	25.23	2236967	706042496.00
2016/11/28	25.89	28.52	24.94	27.84	4925301	1568882944.00
2016/11/29	29.04	38.79	27.75	32.30	5883062	1911874432.00
2016/11/30	29.56	31.64	26.79	27.42	2675237	855564608.00
2016/12/01	28.34	32.93	27.02	29.36	2794182	896065024.00
2016/12/02	29.34	31.54	27.34	30.11	3062833	984836864.00
2016/12/05	27.54	32.88	24.16	24.27	4206081	1342647424.00
2016/12/06	24.57	34.92	24.57	34.76	3892309	1251764480.00
2016/12/07	35.46	36.84	32.31	35.79	2527174	825849280.00
2016/12/08	36.35	48.34	35.34	46.05	5447578	1825332480.00
2016/12/09	45.54	47.76	42.36	46.10	3449559	1162079744.00
2016/12/12	46.04	48.34	34.04	35.20	5033244	1667556992.00
2016/12/13	35.18	43.34	33.84	41.35	4178000	1384533760.00
2016/12/14	41.34	42.41	36.84	40.61	3202902	1062697152.00
2016/12/15	40.80	41.33	33.92	36.39	3920275	1285279872.00
2016/12/16	35.34	38.22	31.92	35.92	2505126	818412416.00
2016/12/19	34.34	42.71	33.95	34.30	3047187	1002365440.00
2016/12/20	34.38	35.34	30.15	34.82	3083159	1001345152.00
2016/12/21	35.24	37.63	31.90	37.00	2471124	807548096.00
2016/12/22	36.34	36.80	33.22	33.54	1467813	478750720.00
2016/12/23	31.89	32.84	27.47	28.37	3109555	1001068096.00
2016/12/26	27.37	33.33	24.54	32.82	2600143	835811072.00
2016/12/27	32.85	37.14	31.84	34.50	2006229	655887936.00
2016/12/28	35.33	36.34	31.67	32.06	1787811	581648960.00
2016/12/29	32.34	36.21	31.34	35.65	2122512	690986048.00
2016/12/30	34.95	43.63	34.95	42.49	3468767	1152982272.00
2017/01/03	42.62	45.34	41.15	42.90	2076389	695005312.00
2017/01/04	42.96	60.51	42.94	60.25	6525738	2245051904.00
2017/01/05	58.34	59.79	53.78	55.08	4170448	1449077632.00
2017/01/06	54.98	68.12	54.44	59.10	6809562	2402546176.00
2017/01/09	56.14	61.22	54.88	56.85	3540500	1233977984.00
2017/01/10	56.79	60.34	54.94	57.34	3172764	1108100864.00
2017/01/11	56.34	56.34	51.84	53.79	2359851	814074624.00
2017/01/12	54.89	55.74	52.85	55.39	1777940	614822080.00
2017/01/13	55.32	55.73	52.22	53.21	1828248	631734912.00
2017/01/16	52.47	53.14	47.14	49.81	3685545	1259384832.00
2017/01/17	50.94	59.84	50.34	57.47	3518838	1223967872.00
2017/01/18	57.22	65.11	55.55	63.42	4600570	1622110976.00
2017/01/19	63.34	66.82	60.04	63.06	2852392	1011320064.00
2017/01/20	63.24	65.74	61.37	63.33	2134417	758416000.00
2017/01/23	65.22	68.14	57.80	59.56	3258118	1151869312.00
2017/01/24	59.61	61.14	55.09	58.65	2691458	939129472.00
2017/01/25	58.32	58.32	54.54	55.97	2299036	799259968.00
2017/01/26	56.48	57.14	49.64	52.76	3782617	1303262208.00
2017/02/03	54.34	57.52	53.34	55.19	2093643	727140800.00
2017/02/06	56.83	57.23	53.30	55.19	1568079	543401920.00
2017/02/07	55.18	55.74	51.48	51.92	2051983	707114112.00
2017/02/08	52.10	53.84	51.01	52.55	1908854	656786304.00
2017/02/09	53.34	57.13	52.95	55.95	2332438	808958208.00
2017/02/10	56.96	58.16	53.34	53.42	2405659	835679296.00
2017/02/13	52.34	60.24	50.26	58.09	5358790	1869148416.00
2017/02/14	57.88	60.94	57.44	58.55	2655868	931733760.00
2017/02/15	59.84	60.78	55.54	56.87	2625696	917475840.00
2017/02/16	56.84	56.96	53.85	56.43	1764230	612607296.00
2017/02/17	57.24	62.78	55.84	58.90	2910234	1022648000.00
2017/02/20	58.75	70.66	58.35	69.63	6185340	2215563520.00
2017/02/21	70.22	70.77	65.52	67.08	2770577	994112896.00
2017/02/22	68.95	74.86	68.34	70.23	3713031	1347469056.00
2017/02/23	69.31	73.82	68.10	70.04	2332806	844123200.00
2017/02/24	70.34	71.23	68.39	70.96	1769278	639123200.00
2017/02/27	70.83	71.19	65.14	65.54	2540046	912927168.00
2017/02/28	65.34	67.54	61.92	63.00	2747351	975788672.00
2017/03/01	63.44	66.54	63.34	64.95	2194420	782348992.00
2017/03/02	65.05	65.34	62.87	65.16	2210362	785560448.00
2017/03/03	63.34	66.56	63.34	64.88	1415355	505108544.00
2017/03/06	66.00	67.88	64.89	67.30	2281884	818625856.00
2017/03/07	66.37	77.22	66.37	75.54	4628698	1694198528.00
2017/03/08	75.52	76.83	73.84	75.62	1603770	588667648.00
2017/03/09	75.34	78.32	73.90	78.24	2340606	860084032.00
2017/03/10	78.26	85.34	76.70	78.19	4095105	1524343040.00
2017/03/13	78.39	82.67	75.87	79.89	2767432	1027592832.00
2017/03/14	79.89	82.19	76.68	77.84	2041649	756359616.00
2017/03/15	77.84	83.49	77.35	83.02	2515526	935994816.00
2017/03/16	84.90	86.64	81.14	83.11	2502260	938231424.00
2017/03/17	81.44	92.79	81.44	86.82	3470026	1315336832.00
2017/03/20	88.84	95.05	87.22	94.75	3154594	1209603968.00
2017/03/21	94.89	104.84	94.84	102.35	4846096	1901883776.00
2017/03/22	98.87	102.94	93.34	102.82	4553271	1775217792.00
2017/03/23	100.37	102.33	94.94	98.13	3450481	1345058816.00
2017/03/24	100.66	101.56	93.34	95.16	3328772	1292313344.00
2017/03/27	94.37	97.60	86.73	87.16	5369028	2054743040.00
2017/03/28	88.29	89.49	85.00	88.60	4118717	1558258560.00
2017/03/29	89.35	94.14	88.24	91.99	3729967	1429611008.00
2017/03/30	91.34	95.23	90.94	94.48	3161299	1216016512.00
2017/03/31	94.54	96.34	92.52	94.70	2447422	945503296.00
2017/04/05	94.00	103.33	93.34	98.00	4078998	1594997376.00
2017/04/06	97.35	101.34	94.97	100.25	2885720	1125204224.00
2017/04/07	101.33	102.34	97.94	101.21	2409723	945589184.00
2017/04/10	102.34	102.34	96.34	97.54	2886948	1126296320.00
2017/04/11	96.39	99.04	88.94	93.63	4353072	1679537536.00
2017/04/12	93.63	99.34	93.14	98.57	2700291	1049245568.00
2017/04/13	99.12	106.93	98.85	106.73	4564835	1805008896.00
2017/04/14	107.77	108.22	103.34	103.79	2364656	938379008.00
2017/04/17	99.34	106.62	96.89	104.13	2879371	1136763648.00
2017/04/18	102.94	114.89	102.94	112.99	4958100	1987661312.00
2017/04/19	111.34	117.44	111.20	114.08	3755011	1521983616.00
2017/04/20	114.43	128.77	114.43	123.65	5045768	2091241472.00
2017/04/21	123.34	123.94	108.34	108.87	4933292	2015062656.00
2017/04/24	108.96	113.34	97.34	106.89	5003797	1986424960.00
2017/04/25	113.14	128.51	113.14	127.23	7619271	3143136256.00
2017/04/26	127.19	137.02	121.35	126.30	5662412	2384125184.00
2017/04/27	123.87	130.31	118.77	129.78	2824071	1180494848.00
2017/04/28	130.33	131.34	118.24	121.82	4950587	2052093824.00
2017/05/02	119.94	123.34	117.52	120.42	2329168	960137216.00
2017/05/03	119.34	126.00	119.34	125.95	2026791	842560384.00
2017/05/04	122.97	126.82	122.97	124.34	2670915	1111200128.00
2017/05/05	124.54	131.12	123.44	124.53	3743711	1566063360.00
2017/05/08	124.52	125.34	113.06	113.82	4072165	1671035520.00
2017/05/09	112.78	118.22	106.34	117.10	5280192	2126236544.00
2017/05/10	116.74	122.78	115.36	118.43	2603938	1070652736.00
2017/05/11	116.74	123.04	114.85	120.50	3046764	1254052992.00
2017/05/12	121.93	123.64	118.35	121.81	2233742	921621376.00
2017/05/15	121.46	128.69	121.46	127.89	3344735	1398908160.00
2017/05/16	127.94	139.56	126.60	138.46	5016490	2145037952.00
2017/05/17	137.34	138.53	133.22	134.94	2751521	1174696192.00
2017/05/18	133.39	139.04	133.35	137.88	2430080	1040535488.00
2017/05/19	137.91	150.14	137.91	149.16	3831083	1672948480.00
2017/05/22	147.38	154.35	144.54	150.12	3532149	1560087936.00
2017/05/23	150.59	162.81	150.59	162.54	4845439	2178737920.00
2017/05/24	161.24	164.82	154.34	158.66	4022618	1812513024.00
2017/05/25	157.05	161.30	155.84	158.94	2889842	1299628544.00
2017/05/26	159.16	163.94	156.34	160.26	2738664	1237323136.00
2017/05/31	158.34	158.84	148.45	151.28	4431225	1968887168.00
2017/06/01	150.84	158.29	149.35	157.62	4060478	1808305664.00
2017/06/02	158.34	159.29	153.94	155.65	2178526	974893312.00
2017/06/05	156.38	157.34	150.69	152.75	1924120	854876928.00
2017/06/06	153.31	157.34	152.54	157.16	2040244	912438720.00
2017/06/07	157.46	168.34	157.46	167.71	3883430	1774212480.00
2017/06/08	169.66	172.74	166.84	172.65	2895111	1338443392.00
2017/06/09	172.58	179.14	171.34	174.08	3143076	1467836800.00
2017/06/12	175.34	183.78	173.34	181.22	3510916	1654502016.00
2017/06/13	181.39	182.84	175.34	181.38	2423798	1141536384.00
2017/06/14	181.13	185.84	178.82	182.73	3376863	1600846592.00
2017/06/15	183.34	183.82	172.34	172.64	5020280	2347172352.00
2017/06/16	169.84	175.83	169.60	170.97	3333180	1544955904.00
2017/06/19	170.30	178.73	170.30	178.51	3853668	1803585280.00
2017/06/20	181.34	183.22	174.00	174.64	3450539	1614858112.00
2017/06/21	177.89	181.34	174.37	181.05	4203854	1974672896.00
2017/06/22	181.36	186.27	179.54	181.09	3824234	1815684352.00
2017/06/23	181.20	183.22	176.67	181.07	3130362	1473803776.00
2017/06/26	181.35	193.34	180.34	193.02	5293257	2536430592.00
2017/06/27	191.16	193.34	189.19	192.44	2798078	1350476800.00
2017/06/28	192.43	192.43	181.34	183.64	3772874	1799676800.00
2017/06/29	184.64	185.69	178.34	181.35	3509272	1657994368.00
2017/06/30	179.85	182.50	176.14	180.19	2242717	1056424768.00
2017/07/03	182.54	182.54	166.24	168.71	4962853	2298656512.00
2017/07/04	167.30	168.34	157.34	160.26	5648895	2563886336.00
2017/07/05	161.35	168.67	161.35	168.47	3754032	1718844544.00
2017/07/06	166.45	168.54	158.94	164.32	4204439	1913037568.00
2017/07/07	166.18	166.23	156.33	161.10	3779647	1681450752.00
2017/07/10	162.01	170.03	158.10	169.60	3662409	1648443648.00
2017/07/11	169.63	179.71	169.13	178.26	4460182	2054854528.00
2017/07/12	180.93	181.12	170.13	172.60	2895072	1330327936.00
2017/07/13	170.48	177.04	168.81	171.29	2595135	1183440512.00
2017/07/14	171.38	173.89	168.18	171.54	1772657	806510272.00
2017/07/17	172.17	173.17	161.41	165.20	3526368	1595292928.00
2017/07/18	167.12	169.12	163.13	167.68	3068449	1384468224.00
2017/07/19	169.13	178.75	167.93	171.99	5625994	2574934528.00
2017/07/20	170.99	182.02	170.99	181.60	4663487	2160731648.00
2017/07/21	182.09	190.14	178.79	188.33	4679241	2207195648.00
2017/07/24	190.01	200.48	190.01	192.93	4271643	2052709760.00
2017/07/25	197.33	197.93	191.23	193.09	2192999	1051446080.00
2017/07/26	193.18	196.76	181.69	186.76	3147018	1487729152.00
2017/07/27	186.76	190.98	186.23	189.00	1959503	928077248.00
2017/07/28	186.13	199.20	182.84	199.05	4661877	2235811584.00
2017/07/31	199.13	203.09	196.13	196.35	3841218	1861154816.00
2017/08/01	196.13	198.13	192.53	195.37	2750154	1318453632.00
2017/08/02	195.17	200.01	193.64	197.97	2677422	1289564032.00
2017/08/03	198.81	201.98	190.76	192.35	3176839	1522998144.00
2017/08/04	192.13	194.11	187.73	188.77	1868114	887074176.00
2017/08/07	187.63	197.53	186.26	196.69	2309937	1104715392.00
2017/08/08	197.13	199.35	194.63	197.71	1605158	773408192.00
2017/08/09	199.97	208.11	197.16	205.98	4179447	2045888000.00
2017/08/10	206.22	214.73	204.13	206.76	3536438	1747693696.00
2017/08/11	204.13	211.68	198.61	199.19	3657257	1785149184.00
2017/08/14	200.34	215.23	200.34	214.96	3933147	1952353920.00
2017/08/15	215.24	216.23	210.14	211.10	2716322	1350104704.00
2017/08/16	213.13	213.93	208.13	211.62	1858722	921412992.00
2017/08/17	212.73	212.73	204.93	207.82	2584673	1272341248.00
2017/08/18	207.93	209.57	203.13	204.78	2385775	1169732736.00
2017/08/21	203.13	209.53	202.07	204.86	2354662	1153168768.00
2017/08/22	202.53	204.61	191.13	202.35	4245703	2051271296.00
2017/08/23	200.58	209.76	199.45	209.14	2721499	1337347584.00
2017/08/24	209.12	211.53	207.15	207.94	1815678	896861696.00
2017/08/25	208.58	209.38	204.45	208.12	1729788	850598720.00
2017/08/28	208.13	212.42	206.16	207.17	2902107	1432545536.00
2017/08/29	208.15	210.01	203.14	204.57	2517662	1234431744.00
2017/08/30	204.83	208.88	204.29	208.10	1850364	910133952.00
2017/08/31	209.17	210.01	204.93	206.28	1873686	921659712.00
2017/09/01	205.33	211.41	205.16	210.31	3145100	1554634624.00
2017/09/04	210.31	211.79	206.40	207.55	1893162	932954816.00
2017/09/05	208.01	209.12	204.63	205.12	2262215	1112006400.00
2017/09/06	205.13	207.90	199.97	200.11	3300650	1608066048.00
2017/09/07	200.44	202.03	195.19	196.40	3332016	1605408512.00
2017/09/08	193.38	195.63	189.13	189.50	4117327	1962989440.00
2017/09/11	186.22	197.35	185.11	193.45	4537440	2161657344.00
2017/09/12	194.63	201.13	193.53	200.04	3434163	1661294208.00
2017/09/13	200.13	207.33	196.51	206.76	3307570	1618956544.00
2017/09/14	208.12	209.16	204.12	205.84	1939949	953145152.00
2017/09/15	207.63	207.63	203.13	204.97	1603946	786562176.00
2017/09/18	205.27	215.63	205.27	214.10	4220681	2101680384.00
2017/09/19	215.43	217.63	211.14	212.08	2305481	1151152896.00
2017/09/20	212.03	215.15	211.13	211.33	1731816	862024960.00
2017/09/21	211.07	215.71	208.01	213.90	1940268	963615296.00
2017/09/22	212.03	215.31	210.93	215.06	1634353	815718848.00
2017/09/25	215.44	223.33	215.43	222.37	3269756	1649582976.00
2017/09/26	221.82	225.13	218.73	224.42	2547049	1292872576.00
2017/09/27	224.05	226.16	221.20	223.34	1667111	847627328.00
2017/09/28	222.33	235.33	222.28	233.59	2596985	1340236032.00
2017/09/29	231.13	241.01	230.63	232.77	2243622	1166403072.00
2017/10/09	239.67	250.68	235.23	242.90	3489129	1844481536.00
2017/10/10	242.18	255.62	242.14	255.19	3100644	1662690432.00
2017/10/11	253.23	266.38	253.23	260.67	3340643	1824898688.00
2017/10/12	260.13	262.63	255.31	259.22	1964622	1067464512.00
2017/10/13	260.13	271.73	257.14	271.28	2785842	1534212864.00
2017/10/16	275.12	281.79	271.00	275.82	2990901	1676809984.00
2017/10/17	276.10	276.10	269.13	271.86	2097712	1168943232.00
2017/10/18	269.33	277.72	269.33	275.85	1917865	1072237504.00
2017/10/19	276.13	300.28	275.85	297.73	4065882	2338901760.00
2017/10/20	296.13	296.13	286.89	289.46	3153433	1812957184.00
2017/10/23	290.05	295.63	283.13	288.54	2377182	1362900352.00
2017/10/24	287.13	288.93	278.74	282.46	3127428	1775645952.00
2017/10/25	284.88	286.81	277.19	280.80	2507600	1418395264.00
2017/10/26	320.13	328.13	307.04	320.22	11543497	6957625344.00
2017/10/27	317.24	370.13	315.16	364.76	8438379	5284485632.00
2017/10/30	358.18	359.13	336.13	337.21	8100786	5099041792.00
2017/10/31	337.14	342.73	327.01	333.16	5187568	3206280704.00
2017/11/01	336.01	346.67	334.35	338.14	4343525	2712016896.00
2017/11/02	342.08	344.91	336.13	342.05	3424973	2144672000.00
2017/11/03	343.78	358.57	343.78	354.30	4818897	3075651072.00
2017/11/06	356.63	372.75	355.33	368.19	4851398	3153638656.00
2017/11/07	365.71	372.28	353.31	357.20	5556485	3592238336.00
2017/11/08	357.46	369.63	357.46	365.51	4395194	2855374080.00
2017/11/09	363.13	369.28	359.74	365.20	3364113	2183815424.00
2017/11/10	365.56	398.53	365.56	393.08	7407860	4967970816.00
2017/11/13	395.13	407.91	390.93	403.01	4986984	3402793984.00
2017/11/14	402.27	402.35	392.48	393.88	4636671	3159112704.00
2017/11/15	393.88	405.12	389.13	403.21	4503633	3074244096.00
2017/11/16	401.14	435.09	401.14	434.24	6071632	4299282944.00
2017/11/17	411.13	424.13	392.90	405.38	12386124	8548747776.00
2017/11/20	391.93	400.73	375.13	394.28	8830582	5954131968.00
2017/11/21	384.13	403.93	377.15	392.38	9601651	6491134464.00
2017/11/22	392.13	403.13	365.13	365.65	12849826	8528143360.00
2017/11/23	357.13	361.13	345.35	348.86	10959913	6984097280.00
2017/11/24	351.03	357.63	337.36	345.17	7654194	4835808768.00
2017/11/27	349.13	351.46	328.14	336.42	6354846	3975261952.00
2017/11/28	340.19	364.01	339.13	363.36	7029183	4491543552.00
2017/11/29	365.07	367.10	349.14	353.25	4676372	3005733376.00
2017/11/30	350.64	363.61	341.13	346.13	3801962	2419959808.00
2017/12/01	353.14	354.12	335.26	337.48	4719274	2959771904.00
2017/12/04	339.08	359.23	331.85	352.92	5426771	3436687360.00
2017/12/05	349.13	362.53	345.26	348.09	4746576	3026076416.00
2017/12/06	346.63	359.23	335.13	340.14	5817409	3657236480.00
2017/12/07	340.08	340.12	330.39	331.82	5103262	3155212032.00
2017/12/08	330.55	343.98	330.55	342.41	4550339	2842464512.00
2017/12/11	346.13	367.08	346.13	366.12	7284917	4702239232.00
2017/12/12	373.83	373.90	366.15	366.45	4788931	3138650368.00
2017/12/13	370.12	385.13	365.85	383.34	4850248	3197981952.00
2017/12/14	385.11	386.43	375.63	379.68	3196794	2126665856.00
2017/12/15	379.13	383.08	365.91	368.92	3225595	2126579456.00
2017/12/18	375.13	384.93	373.71	380.90	3916228	2599749888.00
2017/12/19	378.13	387.57	376.13	382.22	4407221	2944470784.00
2017/12/20	385.03	401.99	379.16	400.04	6360131	4321305600.00
2017/12/21	398.13	402.55	390.63	396.87	4668038	3178595840.00
2017/12/22	395.13	401.03	392.14	398.05	2831701	1930315520.00
2017/12/25	401.13	411.43	398.85	403.25	3621428	2497654016.00
2017/12/26	403.31	408.12	391.63	395.94	3186766	2174103296.00
2017/12/27	399.99	399.99	377.63	379.31	3772205	2539720704.00
2017/12/28	402.13	435.03	386.45	433.82	12414107	8656875520.00
2017/12/29	433.13	441.63	406.73	412.62	7603887	5372514816.00
2018/01/02	415.13	425.29	405.02	418.98	4961248	3482407680.00
2018/01/03	416.63	436.53	414.87	430.99	5201941	3713523712.00
2018/01/04	436.53	458.63	434.46	452.20	7220508	5309890048.00
2018/01/05	456.13	461.16	443.35	453.49	3998907	2946492928.00
2018/01/08	450.15	471.63	450.15	467.26	5220456	3899951616.00
2018/01/09	467.34	498.13	467.34	497.65	6459195	5001164288.00
2018/01/10	500.13	504.01	488.61	500.84	4771424	3731993088.00
2018/01/11	502.13	503.13	487.13	489.94	5065607	3942075904.00
2018/01/12	488.90	503.93	482.15	503.55	4598824	3577281792.00
2018/01/15	508.59	514.19	494.15	500.50	5247313	4136645376.00
2018/01/16	495.61	503.74	483.13	488.07	6542833	5084965888.00
2018/01/17	485.13	489.13	453.64	463.06	9070954	6835580416.00
2018/01/18	463.06	480.13	459.22	465.87	5897851	4443031040.00
2018/01/19	468.03	474.03	454.15	465.31	5092556	3818021888.00
2018/01/22	466.94	489.13	466.94	488.77	6712675	5129674752.00
2018/01/23	492.94	495.13	483.73	488.91	4954918	3836387584.00
2018/01/24	491.57	491.59	473.73	479.59	4329881	3311348736.00
2018/01/25	476.13	491.13	466.13	484.29	5004072	3821874944.00
2018/01/26	482.37	492.53	479.13	492.35	4397833	3389953792.00
2018/01/29	493.89	494.80	450.13	451.45	7453551	5637042176.00
2018/01/30	451.13	463.90	445.15	457.21	5191103	3852705024.00
2018/01/31	454.13	486.84	454.13	479.67	6040241	4601994752.00
2018/02/01	482.13	482.43	468.05	472.86	5058261	3846421504.00
2018/02/02	467.35	468.36	440.13	455.53	7542082	5583742976.00
2018/02/05	442.35	445.09	420.73	433.36	9899585	7104095744.00
2018/02/06	418.13	437.73	418.13	423.99	8816871	6270888448.00
2018/02/07	435.13	439.01	397.14	398.56	8828998	6231140864.00
2018/02/08	397.33	433.13	397.33	416.12	8340943	5860233728.00
2018/02/09	395.13	405.02	373.13	398.56	10557826	7160206336.00
2018/02/12	406.13	420.63	400.33	412.61	6417955	4466343424.00
2018/02/13	420.15	429.95	419.63	427.11	5338918	3793782272.00
2018/02/14	435.13	435.13	427.35	433.58	3065260	2198728704.00
2018/02/22	442.43	459.13	438.37	457.58	5076469	3717469184.00
2018/02/23	462.13	471.69	452.13	457.61	3815877	2844936704.00
2018/02/26	462.01	467.18	448.15	458.64	4365824	3243216384.00
2018/02/27	464.13	471.13	452.35	453.11	4260154	3181778944.00
2018/02/28	447.13	457.43	434.13	440.75	4833067	3522004736.00
2018/03/01	443.13	461.98	438.90	457.10	4479465	3303604224.00
2018/03/02	453.13	458.69	445.13	451.54	2599190	1912613888.00
2018/03/05	453.31	457.13	432.16	435.24	3723470	2703927040.00
2018/03/06	440.13	442.73	412.26	433.39	6457036	4581658624.00
2018/03/07	430.13	439.13	424.12	425.17	3459594	2480929024.00
2018/03/08	429.13	439.13	423.13	437.89	3534930	2540452096.00
2018/03/09	442.68	447.70	438.63	443.33	3017100	2199081728.00
2018/03/12	444.68	449.05	437.90	439.08	3988841	2900950528.00
2018/03/13	438.13	441.73	425.13	425.48	3857709	2764427008.00
2018/03/14	424.80	443.21	422.35	442.01	3735576	2683830016.00
2018/03/15	443.15	462.13	443.15	461.60	5614879	4161645824.00
2018/03/16	462.73	469.11	454.01	454.98	3585552	2676682496.00
2018/03/19	459.10	469.12	454.13	468.61	3866658	2897348608.00
2018/03/20	465.13	467.13	455.13	462.86	2887720	2154897920.00
2018/03/21	465.24	468.24	455.13	457.13	2674271	1996584320.00
2018/03/22	459.13	463.13	439.14	441.21	3748697	2748721664.00
2018/03/23	416.13	438.62	415.21	426.19	5254677	3727044864.00
2018/03/26	423.13	430.19	417.01	428.62	4625611	3276880128.00
2018/03/27	438.13	441.01	419.13	429.87	4754844	3399900160.00
2018/03/28	415.10	418.13	384.13	397.18	11353972	7786098176.00
2018/03/29	397.33	412.98	373.54	404.23	7908196	5362890240.00
2018/03/30	401.13	408.63	395.01	398.75	3654028	2502696448.00
2018/04/02	395.13	406.13	389.24	395.19	3203908	2185060864.00
2018/04/03	393.13	402.13	390.52	393.04	4023558	2737509376.00
2018/04/04	397.13	415.56	395.51	409.14	5689131	3948712704.00
2018/04/09	412.23	420.56	405.28	413.43	3083305	2149178880.00
2018/04/10	419.93	423.63	413.59	423.15	3204325	2252069632.00
2018/04/11	425.13	429.91	418.15	420.49	2572318	1822237824.00
2018/04/12	419.13	422.01	407.35	409.33	3071361	2139139456.00
2018/04/13	413.63	416.13	400.21	401.99	2754952	1904051072.00
2018/04/16	395.71	401.98	392.13	396.51	3293967	2241463040.00
2018/04/17	400.13	400.51	380.73	381.33	3517276	2377407744.00
2018/04/18	386.13	386.13	360.13	370.77	6261660	4104175872.00
2018/04/19	374.98	395.13	371.79	395.09	4420757	2976468480.00
2018/04/20	396.13	409.13	383.36	385.39	4151168	2831559680.00
2018/04/23	381.14	395.46	381.14	389.14	3265920	2196761088.00
2018/04/24	391.13	408.63	390.13	405.01	4728256	3252281088.00
2018/04/25	404.13	407.13	398.15	406.10	2525222	1738767104.00
2018/04/26	407.13	407.41	388.13	393.36	3504790	2378744576.00
2018/04/27	400.38	403.49	370.13	377.66	5791521	3866680320.00
2018/05/02	375.13	384.12	360.19	382.96	7025911	4589885440.00
2018/05/03	381.13	388.81	373.13	386.01	3632653	2426248192.00
2018/05/04	386.11	389.96	375.70	378.00	3737584	2492610304.00
2018/05/07	375.08	417.01	372.90	413.30	8559143	5858519040.00
2018/05/08	413.16	427.26	413.16	423.96	6249783	4414038016.00
2018/05/09	424.21	427.43	412.25	417.08	3233106	2267879936.00
2018/05/10	418.63	431.13	418.63	429.32	3929380	2794919680.00
2018/05/11	433.82	445.63	430.83	433.15	3914165	2826877184.00
2018/05/14	439.13	458.13	439.13	457.54	5101471	3753818112.00
2018/05/15	461.13	461.57	449.13	458.19	3805580	2811622656.00
2018/05/16	455.13	460.79	448.41	449.65	3079520	2275092480.00
2018/05/17	450.25	452.63	439.13	442.51	2851793	2077476608.00
2018/05/18	439.12	456.13	436.32	454.45	2925517	2140724096.00
2018/05/21	459.13	462.43	447.61	449.95	2905958	2150582016.00
2018/05/22	450.35	454.97	445.15	454.70	1699896	1250693888.00
2018/05/23	455.13	455.13	438.71	438.91	2826871	2061375232.00
2018/05/24	435.13	443.79	428.13	430.53	3041634	2191695872.00
2018/05/25	427.13	442.13	427.13	431.99	2651146	1908701184.00
2018/05/28	433.13	455.79	430.25	455.53	4280523	3129960192.00
2018/05/29	453.93	465.13	446.41	446.56	4082027	3029700864.00
2018/05/30	442.35	452.43	435.18	441.00	3714710	2706486784.00
2018/05/31	445.38	466.75	445.37	466.26	7185287	5356222464.00
2018/06/01	466.26	470.11	453.89	460.24	3617763	2694415104.00
2018/06/04	467.48	498.03	461.01	497.10	7380597	5697540608.00
2018/06/05	501.63	509.83	492.36	503.18	5262967	4136578560.00
2018/06/06	503.13	516.08	497.43	500.88	4896948	3870616832.00
2018/06/07	505.11	510.68	494.03	496.10	3916778	3078137344.00
2018/06/08	495.13	501.03	485.13	493.08	3495846	2712363776.00
2018/06/11	491.18	501.13	483.46	490.86	3654755	2837403904.00
2018/06/12	493.13	518.63	491.63	514.32	5528708	4385043456.00
2018/06/13	515.13	517.75	504.01	505.46	3524437	2803441664.00
2018/06/14	505.13	508.93	490.31	501.26	3615961	2830514176.00
2018/06/15	499.33	504.71	495.23	499.46	3170773	2455441920.00
2018/06/19	495.13	495.13	463.13	464.13	6019587	4535664128.00
2018/06/20	467.13	491.13	467.13	489.72	4583802	3454583808.00
2018/06/21	491.35	505.02	484.90	485.45	3918255	3013867520.00
2018/06/22	480.13	493.13	476.13	492.66	2885481	2190055936.00
2018/06/25	492.13	505.10	491.03	491.69	3293416	2543272192.00
2018/06/26	491.44	496.01	473.13	480.93	4657798	3516945408.00
2018/06/27	478.13	483.13	447.13	448.57	5729801	4194739200.00
2018/06/28	440.13	445.13	423.13	437.06	5083394	3610842624.00
2018/06/29	438.43	458.43	431.13	457.59	3292927	2378884096.00
2018/07/02	460.65	465.46	429.13	437.68	3755811	2709882112.00
2018/07/03	435.89	441.91	404.36	421.05	8283710	5743330304.00
2018/07/04	418.13	426.13	414.13	417.04	3799075	2637494784.00
2018/07/05	426.13	442.33	426.13	428.52	4712380	3333680128.00
2018/07/06	433.13	447.06	425.39	440.25	4415661	3140922368.00
2018/07/09	446.16	455.99	445.86	453.37	4057266	2944655360.00
2018/07/10	455.13	457.63	439.46	451.89	2901047	2096683520.00
2018/07/11	436.13	450.13	428.35	445.71	2427845	1736876032.00
2018/07/12	444.13	467.30	444.13	463.67	4017004	2947129088.00
2018/07/13	468.43	474.23	461.25	473.12	2890704	2152944640.00
2018/07/16	478.43	490.24	477.16	480.81	3247487	2454501632.00
2018/07/17	483.13	483.13	462.15	468.56	2780603	2064190592.00
2018/07/18	468.56	475.82	461.13	463.57	2452171	1818760448.00
2018/07/19	465.13	470.08	461.15	467.08	1807850	1337080064.00
2018/07/20	467.63	469.26	454.13	467.26	3054850	2249792256.00
2018/07/23	462.13	467.28	446.14	458.20	3596989	2621763840.00
2018/07/24	458.81	473.43	449.13	471.53	4180860	3091209216.00
2018/07/25	473.08	476.01	466.14	469.94	2174388	1618737664.00
2018/07/26	475.03	475.03	460.36	461.75	2306726	1707662592.00
2018/07/27	462.13	470.43	456.13	464.69	2091360	1546655232.00
2018/07/30	465.03	466.79	441.13	445.34	4217166	3058614528.00
2018/07/31	446.43	454.01	445.34	452.57	2068346	1499353472.00
2018/08/01	457.53	458.43	440.24	441.07	2523788	1821933696.00
2018/08/02	442.10	442.10	414.01	421.97	5500143	3840134400.00
2018/08/03	421.13	421.13	402.33	405.12	4733699	3230238976.00
2018/08/06	403.13	410.13	388.38	395.81	4524812	3039091200.00
2018/08/07	398.43	413.96	388.15	412.41	3908559	2645263360.00
2018/08/08	413.15	415.13	398.00	402.35	2968544	2016438656.00
2018/08/09	397.13	420.63	396.25	418.01	3448575	2368461312.00
2018/08/10	418.01	420.90	410.33	413.31	2381767	1643993600.00
2018/08/13	409.13	409.13	392.81	405.35	3457041	2329262080.00
2018/08/14	405.35	410.63	399.64	406.26	2169683	1474124288.00
2018/08/15	405.93	406.13	387.13	388.93	3499709	2336994816.00
2018/08/16	378.13	394.63	366.13	374.57	5993985	3908421632.00
2018/08/17	383.63	383.63	356.14	360.99	4657457	3001465856.00
2018/08/20	358.58	371.68	342.99	370.92	4885234	3081035776.00
2018/08/21	373.13	398.43	373.13	397.62	5224902	3460898048.00
2018/08/22	397.13	399.33	389.13	393.83	2067551	1381418368.00
2018/08/23	397.83	404.63	391.31	396.34	2735727	1836880256.00
2018/08/24	395.13	395.13	382.59	386.43	2609026	1725516288.00
2018/08/27	388.13	413.43	388.13	413.43	4801692	3261484032.00
2018/08/28	419.13	419.91	404.68	407.13	3248890	2222697984.00
2018/08/29	408.13	415.01	405.23	411.98	2740403	1877474432.00
2018/08/30	414.34	418.73	405.14	406.53	3378833	2312993280.00
2018/08/31	402.38	403.13	382.63	385.32	5898093	3911486208.00
2018/09/03	378.13	393.80	376.93	392.34	3017984	1992654976.00
2018/09/04	392.93	402.13	387.73	401.17	2154048	1441658240.00
2018/09/05	401.13	403.12	383.13	383.92	2898342	1927600128.00
2018/09/06	378.13	385.39	366.13	370.13	4237058	2744204032.00
2018/09/07	371.63	384.16	371.27	377.10	2924006	1903829760.00
2018/09/10	378.33	379.94	366.83	370.93	2120220	1369296384.00
2018/09/11	371.70	377.10	366.76	372.13	1949687	1258466304.00
2018/09/12	369.13	371.00	354.14	356.13	4115737	2612359936.00
2018/09/13	364.13	368.13	346.13	358.11	4771316	3004019200.00
2018/09/14	360.11	375.91	354.66	369.03	4090019	2617626880.00
2018/09/17	371.13	379.09	367.19	371.94	2911295	1884188544.00
2018/09/18	369.13	394.13	368.35	392.83	3785868	2480477440.00
2018/09/19	392.71	412.13	392.13	407.55	4822184	3277470720.00
2018/09/20	411.33	413.03	403.49	404.68	2751948	1878075392.00
2018/09/21	408.13	426.14	406.14	426.14	4261720	2945196288.00
2018/09/25	421.13	431.90	419.39	423.15	3063991	2142679168.00
2018/09/26	428.23	458.81	428.12	451.06	7228777	5200777216.00
2018/09/27	453.63	454.13	441.53	450.13	4050853	2918964992.00
2018/09/28	452.83	459.33	445.01	456.13	3508980	2551115776.00
2018/10/08	441.54	445.13	412.28	412.28	8274502	5798721536.00
2018/10/09	413.03	424.84	412.03	421.13	4022283	2785527040.00
2018/10/10	423.39	424.13	395.82	397.05	6309820	4288785920.00
2018/10/11	361.14	395.07	361.14	371.12	9158196	5953168896.00
2018/10/12	377.13	398.81	376.71	394.13	5447256	3599837184.00
2018/10/15	395.62	398.08	386.16	393.03	3560730	2372056576.00
2018/10/16	392.11	405.66	388.14	393.27	2639360	1766613760.00
2018/10/17	401.13	403.43	376.03	391.85	4307707	2846536960.00
2018/10/18	386.13	386.13	371.10	372.07	5215607	3394332672.00
2018/10/19	364.13	401.13	361.21	396.13	7619938	4973381120.00
2018/10/22	401.13	428.15	401.13	419.13	7310857	5036971520.00
2018/10/23	415.13	415.13	361.13	367.87	12311273	8076618752.00
2018/10/24	354.24	376.13	346.13	363.12	7611282	4818473472.00
2018/10/25	346.13	348.63	334.71	345.13	7556838	4657018880.00
2018/10/26	345.13	351.13	334.11	336.23	5532738	3388947712.00
2018/10/29	275.22	275.22	275.22	275.22	4907600	2694714112.00
2018/10/30	236.13	269.13	235.15	250.13	20439667	10663392256.00
2018/10/31	253.13	281.13	248.13	275.03	9688482	5239853056.00
2018/11/01	281.13	311.63	277.38	289.13	9810672	5581027328.00
2018/11/02	311.13	326.13	298.37	326.03	8915696	5227695104.00
2018/11/05	319.13	319.13	297.90	301.93	7551708	4373993984.00
2018/11/06	300.13	300.29	284.14	292.13	4556614	2572068864.00
2018/11/07	295.13	301.08	288.14	292.53	3810778	2165679616.00
2018/11/08	300.13	303.13	294.13	296.47	3376374	1933595008.00
2018/11/09	293.35	295.13	288.13	288.13	2433682	1374731648.00
2018/11/12	279.13	280.33	262.93	278.13	6782422	3709848832.00
2018/11/13	272.25	296.13	269.13	296.13	6642905	3695849984.00
2018/11/14	296.09	296.09	278.68	281.23	4176683	2332000000.00
2018/11/15	284.93	290.93	281.63	285.83	3083340	1728199040.00
2018/11/16	287.13	292.13	284.16	286.13	2893879	1625453568.00
2018/11/19	286.43	298.13	285.24	295.15	3617925	2052509568.00
2018/11/20	291.13	294.13	286.13	287.73	2694326	1514353152.00
2018/11/21	280.13	295.03	279.81	290.83	2710730	1527915008.00
2018/11/22	291.28	293.46	284.13	290.63	2121333	1193347584.00
2018/11/23	290.13	293.43	283.03	283.03	2012621	1126652928.00
2018/11/26	284.13	286.33	278.13	278.24	1912019	1063536960.00
2018/11/27	278.13	281.12	272.63	274.23	2023382	1112920576.00
2018/11/28	276.98	285.32	271.63	283.13	2773793	1535544320.00
2018/11/29	292.16	295.93	275.14	277.73	4506945	2524752384.00
2018/11/30	283.13	295.02	279.13	291.13	4901046	2762808320.00
2018/12/03	315.13	331.13	310.90	327.33	8341468	4964130304.00
2018/12/04	329.12	330.39	321.13	328.36	3147388	1888148736.00
2018/12/05	323.63	342.63	321.13	336.23	4158819	2523641856.00
2018/12/06	326.13	332.11	316.49	317.93	3775807	2250440704.00
2018/12/07	321.73	324.99	310.83	313.13	2684167	1583970304.00
2018/12/10	302.13	313.63	300.31	303.36	2464068	1427993216.00
2018/12/11	303.13	312.68	303.13	309.12	1631660	949962176.00
2018/12/12	314.92	315.33	308.93	315.13	1992154	1168089472.00
2018/12/13	316.13	333.01	315.73	327.88	4039941	2427823104.00
2018/12/14	324.14	325.93	318.13	319.09	2455448	1461585152.00
2018/12/17	318.70	322.10	311.14	316.65	2489585	1466942976.00
2018/12/18	312.01	317.67	311.13	317.07	1922218	1130221312.00
2018/12/19	315.13	317.12	302.16	303.93	2571596	1501321344.00
2018/12/20	302.35	307.63	295.02	300.63	2694098	1549600768.00
2018/12/21	297.13	299.58	288.34	293.54	3064043	1736537216.00
2018/12/24	289.63	297.04	284.13	294.13	1910986	1080787456.00
2018/12/25	288.35	293.63	279.74	291.92	2659286	1490157568.00
2018/12/26	289.94	294.53	284.13	286.21	1786620	1005617664.00
2018/12/27	296.13	297.98	288.35	289.13	2949357	1670211328.00
2018/12/28	289.43	322.53	286.13	316.14	6367837	3705150464.00
2019/01/02	336.11	338.13	321.14	325.11	6228649	3754387968.00
2019/01/03	326.10	327.79	311.93	316.13	3097735	1838179200.00
2019/01/04	313.41	333.80	308.15	328.13	3768347	2258501376.00
2019/01/07	334.13	338.13	328.35	331.62	3475013	2105981440.00
2019/01/08	331.63	338.13	326.41	330.92	2883813	1750413184.00
2019/01/09	336.12	352.29	335.17	342.25	4989227	3084214784.00
2019/01/10	343.26	351.01	336.38	344.90	2904390	1797683072.00
2019/01/11	351.13	363.13	344.88	362.01	3888421	2445929472.00
2019/01/14	359.13	362.02	347.68	350.73	2564890	1606308096.00
2019/01/15	353.99	387.63	351.13	386.11	5576485	3613918976.00
2019/01/16	384.13	391.78	379.73	387.23	4208364	2775104000.00
2019/01/17	389.13	395.83	381.93	385.38	3028476	2004454144.00
2019/01/18	391.13	416.33	387.63	409.74	6860918	4647515648.00
2019/01/21	416.13	425.01	408.01	413.11	4705193	3242615808.00
2019/01/22	412.13	412.13	391.35	397.13	4212221	2834735104.00
2019/01/23	393.35	400.63	389.26	391.79	3362481	2247371264.00
2019/01/24	396.43	403.96	390.81	398.63	2915527	1960227072.00
2019/01/25	402.01	411.03	396.06	405.83	2898635	1966232064.00
2019/01/28	410.13	420.11	402.16	403.13	3610287	2476278016.00
2019/01/29	403.63	414.13	394.13	411.13	3034259	2069407488.00
2019/01/30	411.12	412.35	402.13	402.13	2269996	1545353600.00
2019/01/31	406.13	415.73	403.69	415.73	3669657	2515374848.00
2019/02/01	423.17	425.13	415.74	418.80	3052062	2121326080.00
2019/02/11	421.13	455.63	414.31	451.43	5814075	4143849728.00
2019/02/12	449.13	451.62	441.33	444.05	3509143	2521840128.00
2019/02/13	449.13	462.29	443.35	461.38	3567706	2589623552.00
2019/02/14	457.33	469.79	456.27	463.29	3225813	2375987200.00
2019/02/15	461.01	461.01	449.15	450.91	2323798	1691515520.00
2019/02/18	457.13	471.08	457.13	466.13	3774589	2787523072.00
2019/02/19	467.09	468.63	452.79	456.89	2950150	2164408832.00
2019/02/20	461.13	461.13	442.19	448.13	3788237	2742919680.00
2019/02/21	446.13	456.61	443.13	446.38	2985040	2163554304.00
2019/02/22	443.13	454.62	440.23	452.14	2590877	1867253888.00
2019/02/25	456.88	470.57	444.12	468.46	8262259	6034261504.00
2019/02/26	473.93	475.31	452.13	453.48	5796466	4265279232.00
2019/02/27	459.13	484.15	457.13	466.83	6594227	4908445184.00
2019/02/28	464.03	489.55	463.08	481.14	5698625	4289145344.00
2019/03/01	487.63	516.13	487.13	515.43	6384023	4952508928.00
2019/03/04	521.13	524.46	503.35	507.99	8458596	6661386752.00
2019/03/05	511.13	515.68	502.01	505.91	4483056	3501155840.00
2019/03/06	501.13	505.63	492.01	494.13	4673137	3602140416.00
2019/03/07	488.35	488.35	471.69	474.73	6018053	4526351872.00
2019/03/08	464.03	472.96	459.78	463.63	5227525	3868415488.00
2019/03/11	466.17	493.08	466.17	484.67	5305724	4001728768.00
2019/03/12	489.95	489.96	465.13	471.14	5251001	3946382080.00
2019/03/13	471.63	486.88	471.63	480.13	4056136	3058081024.00
2019/03/14	483.13	511.13	480.13	504.13	6217256	4808607744.00
2019/03/15	502.13	513.63	490.98	503.43	5240071	4084798208.00
2019/03/18	504.93	540.66	503.13	536.22	8131880	6499567104.00
2019/03/19	529.13	534.05	518.43	518.74	4063493	3244967424.00
2019/03/20	516.13	528.43	511.13	518.93	3111752	2470811136.00
2019/03/21	514.13	518.93	507.63	511.88	3257328	2558222848.00
2019/03/22	514.35	526.11	511.13	520.13	3051750	2420497920.00
2019/03/25	512.13	514.13	499.43	501.73	3727046	2903744256.00
2019/03/26	506.13	512.07	490.23	499.13	3759569	2914113024.00
2019/03/27	507.13	520.01	501.13	514.63	4280739	3366132224.00
2019/03/28	519.56	540.61	511.81	532.93	5756676	4615969792.00
2019/03/29	561.13	592.81	556.30	580.12	9093396	7702154752.00
2019/04/01	586.13	595.08	577.13	585.13	6093461	5228521984.00
2019/04/02	586.12	586.12	562.19	576.13	5322705	4496538624.00
2019/04/03	566.25	577.87	560.34	570.63	4305680	3629854208.00
2019/04/04	566.13	591.93	562.33	591.13	5577236	4763897856.00
2019/04/08	626.13	634.13	616.25	626.33	6625193	5944780800.00
2019/04/09	629.13	634.33	618.64	631.13	4798980	4308645888.00
2019/04/10	629.13	678.03	626.13	674.12	6781438	6331858944.00
2019/04/11	674.13	676.13	631.68	651.33	6110254	5643817472.00
2019/04/12	635.13	646.12	626.14	640.13	4861217	4419350016.00
2019/04/15	657.13	665.13	633.13	633.13	4552264	4205548288.00
2019/04/16	631.03	666.03	627.35	666.03	4642344	4297385472.00
2019/04/17	664.13	681.64	651.13	678.13	4076102	3848216576.00
2019/04/18	671.54	680.81	662.35	671.63	1959852	1853076096.00
2019/04/19	670.09	687.08	657.44	678.69	3237978	3064971008.00
2019/04/22	685.63	705.02	666.74	675.33	4062796	3897168640.00
2019/04/23	677.13	707.35	675.33	701.08	4885205	4725480448.00
2019/04/24	706.01	716.13	677.35	696.13	4522700	4383873024.00
2019/04/25	694.92	700.12	677.35	678.50	3980134	3822767616.00
2019/04/26	672.43	686.01	671.13	671.13	4327768	4119727360.00
2019/04/29	671.13	715.13	661.13	698.10	5257230	5086408704.00
2019/04/30	694.13	711.09	689.24	700.13	3594318	3503937536.00
2019/05/06	651.63	661.13	619.13	632.13	13509968	12299396096.00
2019/05/07	619.41	640.07	596.35	616.13	10083726	9045117952.00
2019/05/08	586.13	627.93	586.13	610.53	8188298	7217709568.00
2019/05/09	601.13	606.00	568.63	584.94	9154515	7863311872.00
2019/05/10	601.79	636.91	594.32	633.25	7990738	7121198592.00
2019/05/13	624.99	637.11	610.13	618.13	4663718	4179329536.00
2019/05/14	611.13	632.13	599.13	612.70	5998312	5349455872.00
2019/05/15	616.37	659.13	616.37	653.13	6312425	5778791936.00
2019/05/16	645.13	658.13	631.13	656.04	4454012	4108281856.00
2019/05/17	653.15	658.43	626.23	632.92	4984161	4551116800.00
2019/05/20	626.13	626.13	597.13	611.09	4440799	3931645952.00
2019/05/21	611.13	636.13	598.15	621.13	4238565	3791406080.00
2019/05/22	621.11	630.13	606.13	614.13	3204158	2853872896.00
2019/05/23	607.13	610.11	582.35	587.13	5805863	5062812160.00
2019/05/24	591.13	611.13	590.57	604.63	4403409	3858962176.00
2019/05/27	605.23	609.12	586.18	605.13	3916191	3417213696.00
2019/05/28	604.12	633.62	601.15	614.13	7477277	6670856192.00
2019/05/29	614.14	651.08	614.14	638.04	6564696	5963755520.00
2019/05/30	636.13	646.12	617.35	631.43	4024720	3634187776.00
2019/05/31	626.66	633.12	616.13	616.13	3579380	3211384832.00
2019/06/03	618.13	627.48	612.41	618.13	3447924	3076922368.00
2019/06/04	621.13	621.56	597.13	601.43	3968948	3481384192.00
2019/06/05	610.13	612.39	596.13	597.73	3406736	2988114688.00
2019/06/06	601.75	601.90	584.13	588.26	3478685	3009567744.00
2019/06/10	584.11	605.08	566.13	597.21	5550246	4790052352.00
2019/06/11	602.13	641.74	601.13	637.02	8010644	7209086976.00
2019/06/12	632.35	637.12	620.13	632.83	3774740	3420899328.00
2019/06/13	636.13	638.43	623.13	636.13	3291742	2984741632.00
2019/06/14	637.13	658.43	636.15	639.13	4245504	3905679104.00
2019/06/17	633.13	653.07	632.15	637.73	3276903	3001512192.00
2019/06/18	643.13	646.13	628.73	643.13	2944138	2687680000.00
2019/06/19	666.13	672.83	658.14	658.14	5372640	5051192832.00
2019/06/20	658.63	701.63	658.33	701.13	6727197	6468665856.00
2019/06/21	696.10	710.62	690.63	702.43	4592675	4482726912.00
2019/06/24	704.43	725.82	701.13	713.23	4577920	4532527104.00
2019/06/25	718.13	725.13	693.13	709.11	5129595	5035624448.00
2019/06/26	711.13	711.13	697.35	705.99	2958818	2896585472.00
2019/06/27	711.13	727.13	707.25	722.48	4797845	4772724224.00
2019/06/28	726.66	729.55	712.00	724.67	3108840	3050739200.00
2019/07/01	745.19	776.27	740.89	772.53	5233723	5325575680.00
2019/07/02	765.67	770.17	756.67	765.67	3906109	3989722112.00
2019/07/03	760.67	763.67	722.17	728.57	6713932	6717755904.00
2019/07/04	726.47	731.47	711.89	721.87	4621668	4531685888.00
2019/07/05	726.67	746.67	716.97	740.49	5003271	4968920576.00
2019/07/08	735.72	738.57	715.67	725.53	3361352	3313713152.00
2019/07/09	719.97	729.67	709.02	716.73	3172332	3103986432.00
2019/07/10	721.60	731.25	717.67	723.19	2816670	2774054656.00
2019/07/11	730.63	739.05	716.67	722.17	3051419	3011117056.00
2019/07/12	721.97	732.17	720.68	726.76	2817385	2778937856.00
2019/07/15	708.47	720.77	691.80	716.60	5987040	5785726464.00
2019/07/16	716.12	722.97	705.67	708.67	3324524	3226755584.00
2019/07/17	708.67	713.66	702.80	704.17	2546887	2459954432.00
2019/07/18	702.17	703.67	687.85	688.17	3925295	3748507392.00
2019/07/19	695.67	701.47	688.67	696.54	2801481	2679887360.00
2019/07/22	700.67	704.67	690.92	697.69	2812549	2695084032.00
2019/07/23	702.97	703.26	684.53	694.65	3248395	3087319296.00
2019/07/24	698.98	700.57	685.36	687.03	4677120	4450509824.00
2019/07/25	686.64	704.03	678.82	703.67	3825570	3633246208.00
2019/07/26	702.64	711.67	699.22	705.70	2646759	2556208896.00
2019/07/29	702.70	720.17	700.68	717.08	2698133	2626793472.00
2019/07/30	717.17	723.67	711.67	719.60	1953797	1911965184.00
2019/07/31	715.67	722.44	707.26	713.27	2252620	2191909888.00
2019/08/01	717.18	717.67	693.69	699.97	3508952	3385045760.00
2019/08/02	684.67	698.65	683.67	695.12	3971940	3772328960.00
2019/08/05	685.67	694.67	680.67	683.10	3677431	3473341440.00
2019/08/06	671.67	688.67	664.47	686.97	4399116	4121445120.00
2019/08/07	690.17	696.20	685.67	685.67	2686998	2553463296.00
2019/08/08	694.17	714.67	692.67	712.35	3880813	3755087104.00
2019/08/09	719.17	721.62	699.66	702.70	2846170	2760764416.00
2019/08/12	750.98	760.77	735.68	759.30	8149895	8208540672.00
2019/08/13	756.83	766.67	751.35	758.62	3032970	3088013824.00
2019/08/14	770.69	792.57	770.69	784.00	4141095	4327071232.00
2019/08/15	768.67	787.15	768.67	785.57	2723739	2821331200.00
2019/08/16	790.51	816.25	781.67	795.27	3608673	3822488320.00
2019/08/19	801.67	810.65	789.72	796.55	3286758	3471558144.00
2019/08/20	795.67	814.35	790.67	810.67	2860213	3038219264.00
2019/08/21	810.77	817.64	802.33	806.67	2506662	2678841856.00
2019/08/22	813.66	844.67	810.67	844.67	3759078	4099045120.00
2019/08/23	845.67	874.23	836.29	870.77	4019230	4495782912.00
2019/08/26	853.67	868.67	837.35	843.62	4849789	5382792192.00
2019/08/27	857.67	871.98	849.67	849.67	5216421	5830618112.00
2019/08/28	849.67	863.86	823.68	840.78	4700967	5169779200.00
2019/08/29	845.67	858.85	833.17	853.77	2933042	3247704320.00
2019/08/30	865.67	886.67	863.67	882.67	4489077	5093877248.00
2019/09/02	880.66	885.65	869.67	879.43	2823433	3210850560.00
2019/09/03	880.67	891.69	869.23	880.67	2948509	3358578432.00
2019/09/04	881.47	883.58	860.78	865.68	3360022	3785904640.00
2019/09/05	869.67	885.57	868.67	884.67	3293084	3746608128.00
2019/09/06	885.17	886.82	871.67	883.16	2617659	2978155776.00
2019/09/09	885.67	888.67	875.67	877.19	2937934	3346080768.00
2019/09/10	874.97	875.67	860.68	864.52	2622707	2952753664.00
2019/09/11	859.89	860.64	808.67	810.19	8171654	8904690688.00
2019/09/12	806.67	850.65	806.67	839.67	4121133	4498210304.00
2019/09/16	823.67	844.62	823.67	839.67	3137180	3432292096.00
2019/09/17	834.67	847.33	827.67	834.68	2519693	2767385856.00
2019/09/18	849.17	890.67	848.85	889.57	6931447	7899560448.00
2019/09/19	888.67	890.67	877.77	885.67	2447980	2800064512.00
2019/09/20	891.67	900.67	888.26	898.09	3762666	4346138112.00
2019/09/23	897.67	897.67	871.67	889.67	3002633	3431058944.00
2019/09/24	895.67	925.57	892.67	924.67	3626913	4259834112.00
2019/09/25	920.67	929.54	911.17	914.67	2402458	2832308480.00
2019/09/26	915.61	924.02	899.48	907.67	2608194	3050478336.00
2019/09/27	904.67	923.67	893.67	915.42	2282661	2671754240.00
2019/09/30	903.67	910.10	890.67	890.67	3082514	3565988608.00
2019/10/08	893.67	920.67	892.68	907.77	3104527	3631091456.00
2019/10/09	906.87	906.87	875.72	887.48	3578857	4105282304.00
2019/10/10	867.67	899.60	849.69	895.67	4117370	4685560320.00
2019/10/11	897.67	915.67	892.88	915.27	2868925	3343559936.00
2019/10/14	926.67	928.33	910.67	920.67	2718751	3209362944.00
2019/10/15	920.67	956.35	917.70	951.67	4003473	4806856192.00
2019/10/16	908.67	928.17	900.67	910.67	5915059	6935972864.00
2019/10/17	916.67	927.33	903.17	924.00	3050870	3578144000.00
2019/10/18	919.67	930.66	912.36	916.46	2829161	3335011072.00
2019/10/21	912.53	919.57	903.97	909.17	2527467	2955023872.00
2019/10/22	918.67	922.17	904.56	911.47	1930943	2262188288.00
2019/10/23	908.67	918.67	896.78	899.58	2308021	2684922112.00
2019/10/24	905.62	906.67	887.83	890.94	2617844	3025245696.00
2019/10/25	893.97	913.17	883.70	912.02	2599845	3015929088.00
2019/10/28	906.68	921.68	905.67	918.96	2248599	2644562944.00
2019/10/29	921.78	940.63	918.44	933.67	2780371	3314271744.00
2019/10/30	930.67	933.37	916.67	924.47	2125475	2516524288.00
2019/10/31	936.67	938.67	916.82	920.68	2590927	3068884992.00
2019/11/01	921.67	932.62	913.17	925.67	2281196	2697638400.00
2019/11/04	930.67	950.66	929.67	940.26	2673798	3209264128.00
2019/11/05	940.17	945.67	932.67	939.67	2225472	2667596032.00
2019/11/06	937.67	944.67	929.55	933.67	1973751	2362005504.00
2019/11/07	937.18	942.55	929.67	942.04	1616788	1933203840.00
2019/11/08	945.67	956.32	942.18	945.67	2451211	2964133888.00
2019/11/11	942.17	946.87	934.18	939.67	1734246	2082060800.00
2019/11/12	944.67	950.27	938.88	942.27	1915055	2303205632.00
2019/11/13	947.67	968.47	940.67	964.67	3197704	3890666496.00
2019/11/14	967.67	980.67	962.67	970.67	2352112	2898399744.00
2019/11/15	970.67	973.58	962.17	965.57	1634072	2003665280.00
2019/11/18	965.79	970.12	958.67	967.95	1803766	2204546048.00
2019/11/19	968.67	982.28	965.69	972.99	2062375	2542105856.00
2019/11/20	970.67	980.18	968.73	974.42	1528053	1884957312.00
2019/11/21	971.67	976.18	961.73	971.97	1918739	2356277760.00
2019/11/22	963.67	969.67	925.67	934.67	4705428	5677646336.00
2019/11/25	928.72	934.67	912.73	922.73	3828175	4518778880.00
2019/11/26	927.35	939.27	923.67	925.67	4023961	4794180096.00
2019/11/27	933.47	937.29	925.18	930.62	1984881	2363839744.00
2019/11/28	935.64	938.18	909.69	916.47	2884499	3405325568.00
2019/11/29	906.17	906.17	853.56	869.67	8239732	9338327040.00
2019/12/02	858.87	880.69	858.87	873.67	3078441	3479717376.00
2019/12/03	873.67	873.67	858.41	858.67	2734093	3066695680.00
2019/12/04	880.67	885.33	858.67	863.00	3528308	3980510976.00
2019/12/05	865.67	872.68	858.67	870.47	2133879	2402503424.00
2019/12/06	876.64	910.67	870.77	910.67	3950626	4565643776.00
2019/12/09	915.67	916.67	896.77	899.37	2182412	2543532544.00
2019/12/10	900.27	905.67	891.67	905.07	1508658	1749356288.00
2019/12/11	908.67	911.42	896.22	899.65	1456799	1689987712.00
2019/12/12	896.67	900.61	870.75	877.67	2940916	3362699776.00
2019/12/13	886.67	905.67	886.67	903.67	3000059	3473927936.00
2019/12/16	903.67	903.67	878.61	888.59	3093642	3554133760.00
2019/12/17	890.37	914.27	883.70	910.65	4261696	4937041920.00
2019/12/18	914.67	915.87	904.67	908.67	1964009	2295963904.00
2019/12/19	903.67	903.67	892.67	898.07	1955230	2262598656.00
2019/12/20	902.85	902.85	882.17	886.97	2356384	2703612416.00
2019/12/23	879.67	903.17	876.67	889.97	2591918	2981937664.00
2019/12/24	893.67	895.67	885.67	888.67	1182310	1358536192.00
2019/12/25	883.67	883.67	870.68	874.37	2430597	2755735040.00
2019/12/26	872.67	882.65	860.66	875.77	2287727	2585996544.00
2019/12/27	890.67	912.67	890.67	903.67	4706628	5486452736.00
2019/12/30	910.87	936.17	910.87	926.47	4076066	4827682304.00
2019/12/31	923.67	928.67	917.18	923.67	2258881	2666705152.00
2020/01/02	868.67	885.73	856.67	870.67	14809916	16696837120.00
2020/01/03	857.67	857.67	817.57	819.23	13031878	14266380288.00
2020/01/06	811.53	833.57	807.97	818.66	6341478	6853917696.00
2020/01/07	818.17	839.67	817.07	835.20	4785359	5220697088.00
2020/01/08	825.72	836.17	823.25	828.81	2500825	2720371968.00
2020/01/09	834.67	846.06	830.67	843.37	3740587	4110949888.00
2020/01/10	849.67	856.66	843.17	853.17	3597587	3993457152.00
2020/01/13	853.17	869.87	852.67	864.94	3851575	4325687808.00
2020/01/14	864.87	865.56	843.67	848.07	3514465	3916300800.00
2020/01/15	849.68	862.27	845.67	852.80	2602911	2895603712.00
2020/01/16	859.54	859.54	843.25	847.67	2319165	2571593216.00
2020/01/17	850.67	853.45	841.68	848.17	2347275	2599645184.00
2020/01/20	852.53	852.53	822.67	831.67	3539130	3858246912.00
2020/01/21	821.67	827.67	812.97	815.97	3287405	3542441216.00
2020/01/22	810.67	824.67	796.05	816.18	3620004	3875275008.00
2020/01/23	816.67	816.67	777.67	793.47	5346843	5638945792.00
2020/02/03	725.67	751.35	720.67	744.59	12344288	12314991616.00
2020/02/04	755.67	797.67	751.68	778.68	6262418	6490468864.00
2020/02/05	790.67	794.67	773.70	790.66	4741824	4956355072.00
2020/02/06	800.10	815.67	792.69	811.67	4717121	5011246592.00
2020/02/07	810.68	817.67	801.69	816.67	3127871	3348894464.00
2020/02/10	802.67	815.27	797.87	807.16	3053342	3251908608.00
2020/02/11	803.67	840.35	803.47	838.67	4791793	5222919168.00
2020/02/12	829.67	839.46	826.55	837.94	2812543	3072293888.00
2020/02/13	838.67	854.56	828.68	831.67	3035736	3335277312.00
2020/02/14	831.12	834.18	823.78	828.67	2328760	2534568448.00
2020/02/17	823.17	836.86	823.07	834.49	2702822	2946182656.00
2020/02/18	830.68	837.55	823.67	824.67	2666496	2897729792.00
2020/02/19	825.67	842.17	818.67	837.17	3705147	4052365568.00
2020/02/20	837.37	864.67	836.08	858.67	4680262	5220660736.00
2020/02/21	852.13	864.21	850.68	853.55	2894008	3225337088.00
2020/02/24	846.17	850.67	826.17	827.85	3865036	4221857536.00
2020/02/25	818.67	822.76	808.55	815.48	3838562	4127432192.00
2020/02/26	802.67	824.67	795.67	814.37	4356097	4663278592.00
2020/02/27	816.67	835.66	816.67	828.06	3449829	3758783744.00
2020/02/28	810.97	822.67	790.64	797.67	4994657	5307929088.00
2020/03/02	790.78	837.22	790.68	826.68	4766304	5154329088.00
2020/03/03	838.67	859.55	838.67	853.67	5025015	5585227776.00
2020/03/04	865.67	879.67	856.91	869.59	5379299	6080148992.00
2020/03/05	876.98	915.66	871.23	911.67	6242645	7210485248.00
2020/03/06	903.67	916.67	892.65	896.17	3064100	3553622272.00
2020/03/09	875.67	875.67	851.98	854.68	4340409	4865288704.00
2020/03/10	853.67	908.67	853.67	896.67	5806293	6635936256.00
2020/03/11	896.17	910.25	881.67	899.19	3554757	4124608000.00
2020/03/12	881.89	893.67	865.77	879.17	3663063	4172606208.00
2020/03/13	830.67	869.65	820.67	852.70	7588531	8348496384.00
2020/03/16	844.65	848.62	802.67	807.67	5123254	5548946944.00
2020/03/17	795.67	818.67	751.79	785.77	7935912	8277472768.00
2020/03/18	780.67	800.67	748.66	748.66	7345988	7582762496.00
2020/03/19	734.66	755.67	700.77	736.67	10226507	10075880448.00
2020/03/20	751.67	783.67	751.67	775.95	6013919	6169094656.00
2020/03/23	740.67	775.95	732.19	759.67	4847210	4918121984.00
2020/03/24	783.67	799.55	775.67	796.67	4665096	4900364288.00
2020/03/25	828.65	832.03	814.87	820.77	3704866	4015061248.00
2020/03/26	814.00	831.87	802.67	805.59	3004856	3231754240.00
2020/03/27	825.67	832.67	815.68	816.17	3626112	3931759360.00
2020/03/30	800.92	817.67	797.67	812.67	3068741	3279823104.00
2020/03/31	822.67	855.67	822.47	851.67	4798437	5293170688.00
2020/04/01	857.67	869.67	843.67	843.67	3320535	3700184320.00
2020/04/02	844.67	885.67	844.55	885.67	4520561	5095167488.00
2020/04/03	879.70	888.63	872.65	880.46	2761761	3148421888.00
2020/04/07	902.62	907.17	889.56	900.62	4348800	5041525248.00
2020/04/08	892.67	906.98	892.67	900.43	2422442	2809422080.00
2020/04/09	906.67	909.67	888.63	899.17	2281697	2640230400.00
2020/04/10	898.55	922.17	894.17	905.67	2780434	3252600576.00
2020/04/13	905.67	910.65	889.17	902.97	1598147	1854563712.00
2020/04/14	916.67	932.22	906.67	925.77	3679955	4340858880.00
2020/04/15	932.67	944.66	927.77	930.27	2933229	3501318144.00
2020/04/16	933.64	937.77	924.77	937.77	2172774	2588431872.00
2020/04/17	950.67	975.23	945.68	966.67	3824569	4676618240.00
2020/04/20	961.67	972.17	957.47	967.97	2423864	2963483392.00
2020/04/21	961.69	964.66	933.67	940.67	2922422	3517018368.00
2020/04/22	946.67	990.17	942.89	985.17	4403473	5430377472.00
2020/04/23	990.67	1006.35	988.44	992.93	2689851	3377042432.00
2020/04/24	988.67	1000.56	975.85	991.23	1912240	2390444032.00
2020/04/27	997.67	1018.84	991.63	1016.67	2590391	3284513280.00
2020/04/28	1025.98	1040.61	1012.55	1019.80	3466190	4458549248.00
2020/04/29	1018.47	1028.77	998.67	1015.57	2344406	2976724992.00
2020/04/30	1011.67	1025.68	999.55	1006.37	2466087	3134408960.00
2020/05/06	991.67	1040.67	990.67	1040.67	3583481	4598589952.00
2020/05/07	1040.07	1055.66	1033.67	1052.67	2793474	3647628288.00
2020/05/08	1057.67	1078.67	1049.18	1055.28	2907868	3839217920.00
2020/05/11	1060.67	1075.67	1054.34	1063.68	2367119	3135991040.00
2020/05/12	1058.67	1075.66	1056.67	1073.67	1972181	2621824768.00
2020/05/13	1073.67	1078.66	1063.55	1076.62	2201431	2931464960.00
2020/05/14	1070.67	1075.55	1065.78	1067.26	1857492	2467976448.00
2020/05/15	1069.67	1074.17	1042.55	1053.67	2639808	3469736704.00
2020/05/18	1046.67	1092.17	1045.80	1086.88	3436211	4587989504.00
2020/05/19	1104.67	1104.67	1078.67	1086.78	2478746	3342210560.00
2020/05/20	1086.78	1099.85	1077.48	1091.67	2118340	2859455232.00
2020/05/21	1095.67	1112.63	1093.53	1106.77	2305158	3147105536.00
2020/05/22	1106.67	1106.77	1063.55	1068.87	3442746	4608696320.00
2020/05/25	1070.67	1107.25	1061.67	1103.57	3156100	4260387584.00
2020/05/26	1110.55	1110.62	1095.67	1098.67	2247019	3056188416.00
2020/05/27	1099.67	1100.67	1073.67	1078.67	2677741	3596654336.00
2020/05/28	1078.64	1087.61	1061.80	1084.67	2648591	3536546816.00
2020/05/29	1072.77	1110.65	1072.77	1107.27	3044435	4144247296.00
2020/06/01	1121.67	1160.77	1121.67	1160.17	3547976	4986179072.00
2020/06/02	1156.68	1168.57	1147.33	1151.38	2596010	3679210496.00
2020/06/03	1155.67	1158.17	1136.44	1139.97	2355736	3308382720.00
2020/06/04	1136.67	1151.67	1136.67	1148.66	1803741	2534459648.00
2020/06/05	1145.92	1169.55	1141.75	1165.67	1834706	2597524736.00
2020/06/08	1165.67	1175.67	1142.68	1146.77	2930045	4145298432.00
2020/06/09	1148.67	1165.67	1141.35	1157.22	2261191	3199849728.00
2020/06/10	1165.67	1174.00	1157.67	1164.33	2270074	3234843904.00
2020/06/11	1151.68	1158.66	1137.66	1141.13	3071171	4314846208.00
2020/06/12	1127.84	1157.04	1123.98	1157.04	2842742	3992323328.00
2020/06/15	1142.67	1152.27	1121.67	1123.67	3461541	4819512320.00
2020/06/16	1139.17	1154.67	1133.80	1144.55	2920664	4099718912.00
2020/06/17	1152.53	1152.57	1135.69	1145.67	1945307	2730097152.00
2020/06/18	1145.57	1153.87	1140.77	1153.67	2101041	2956800000.00
2020/06/19	1160.67	1185.87	1155.77	1180.51	3895833	5603232768.00
2020/06/22	1175.77	1184.56	1173.87	1179.67	2324700	3343536640.00
2020/06/23	1175.67	1222.67	1174.19	1215.17	3393426	4963194880.00
2020/06/24	1221.29	1223.40	1202.69	1217.70	2513899	3663537152.00
2020/06/29	1205.69	1223.69	1194.70	1220.86	2808061	4064048128.00
2020/06/30	1220.81	1226.67	1212.81	1220.57	2244614	3281641216.00
2020/07/01	1225.69	1263.79	1221.71	1251.96	3868249	5759640064.00
2020/07/02	1256.69	1308.59	1252.69	1301.69	4588372	7014289408.00
2020/07/03	1307.69	1310.19	1274.57	1299.48	3512581	5395637248.00
2020/07/06	1295.69	1373.69	1289.50	1357.69	5182196	8228068864.00
2020/07/07	1360.78	1502.51	1358.69	1445.69	6666393	11219852288.00
2020/07/08	1437.69	1476.69	1417.69	1439.03	5316998	8963188736.00
2020/07/09	1448.69	1469.69	1439.69	1463.69	3503324	5951732736.00
2020/07/10	1446.69	1494.29	1446.63	1471.54	3710044	6352507392.00
2020/07/13	1472.37	1544.69	1472.37	1539.68	6072716	10679459840.00
2020/07/14	1539.68	1539.72	1506.09	1519.69	4609351	8135835136.00
2020/07/15	1502.57	1540.29	1502.40	1510.22	4071294	7176560640.00
2020/07/16	1487.60	1487.60	1357.69	1371.69	10224219	16901372928.00
2020/07/17	1377.69	1430.28	1377.69	1405.74	6590206	10863420416.00
2020/07/20	1410.19	1421.68	1346.57	1394.65	4528033	7363823104.00
2020/07/21	1404.33	1460.49	1388.68	1425.69	4196950	7026353152.00
2020/07/22	1415.69	1467.69	1415.69	1435.77	3920121	6637265408.00
2020/07/23	1429.69	1448.69	1407.69	1433.69	3432052	5739050496.00
2020/07/24	1412.54	1423.69	1342.69	1352.99	7875201	12705941504.00
2020/07/27	1373.70	1387.49	1357.69	1380.24	3878817	6279664640.00
2020/07/28	1387.69	1437.69	1387.69	1427.69	5491152	9133721600.00
2020/07/29	1447.69	1447.69	1390.69	1429.69	5074843	8411789824.00
2020/07/30	1428.89	1458.28	1428.19	1437.69	3837304	6486855680.00
2020/07/31	1442.69	1462.69	1403.69	1435.87	4068474	6846747136.00
2020/08/03	1444.57	1454.27	1417.69	1425.69	3466114	5790041600.00
2020/08/04	1432.69	1440.68	1417.69	1427.68	3194051	5337185792.00
2020/08/05	1419.78	1430.78	1401.00	1425.69	2552169	4236612352.00
2020/08/06	1427.69	1431.72	1387.69	1395.65	3264878	5372942848.00
2020/08/07	1402.46	1407.36	1356.19	1388.69	3424205	5560065536.00
2020/08/10	1385.66	1402.65	1365.80	1391.68	2362354	3857721088.00
2020/08/11	1397.69	1424.12	1397.69	1400.20	3581818	5936904704.00
2020/08/12	1390.69	1398.69	1362.94	1384.64	2793392	4529267712.00
2020/08/13	1387.69	1396.57	1366.69	1392.69	2054134	3341652224.00
2020/08/14	1397.59	1423.39	1388.69	1418.69	3765318	6230475264.00
2020/08/17	1431.69	1462.04	1427.69	1447.69	4357201	7363610624.00
2020/08/18	1455.07	1477.69	1448.69	1462.69	3042281	5192751616.00
2020/08/19	1457.69	1474.69	1440.68	1444.69	2691498	4578143744.00
2020/08/20	1431.69	1436.69	1413.69	1421.69	2238233	3727183872.00
2020/08/21	1430.69	1455.69	1428.69	1433.69	2508241	4217048320.00
2020/08/24	1457.69	1465.69	1448.70	1454.04	3093344	5260286464.00
2020/08/25	1462.49	1504.47	1456.32	1484.69	4187249	7227309568.00
2020/08/26	1491.69	1502.69	1472.71	1484.69	2621573	4530374144.00
2020/08/27	1489.68	1491.67	1462.69	1488.69	2263553	3896759552.00
2020/08/28	1488.69	1521.69	1479.19	1514.69	4229962	7389242368.00
2020/08/31	1528.27	1573.69	1528.27	1544.19	4781036	8608932864.00
2020/09/01	1549.69	1559.69	1532.70	1559.67	3163992	5661594112.00
2020/09/02	1582.69	1585.69	1527.69	1552.69	3200929	5746352128.00
2020/09/03	1552.69	1569.69	1537.39	1550.69	3043735	5471333888.00
2020/09/04	1523.69	1534.68	1503.69	1527.69	3085796	5433479168.00
2020/09/07	1517.69	1535.68	1461.66	1481.19	3111202	5446354432.00
2020/09/08	1489.69	1495.49	1434.76	1469.09	3447238	5865962496.00
2020/09/09	1457.36	1468.69	1437.73	1445.69	2596355	4401806336.00
2020/09/10	1461.43	1477.69	1457.69	1463.49	2477833	4236694528.00
2020/09/11	1445.69	1493.69	1445.69	1490.69	3108800	5339883520.00
2020/09/14	1502.69	1526.69	1488.27	1523.69	3105601	5448188928.00
2020/09/15	1527.68	1527.68	1505.44	1517.69	2082087	3654872064.00
2020/09/16	1517.69	1522.50	1476.69	1482.79	2251598	3916457728.00
2020/09/17	1457.69	1457.69	1415.69	1428.21	6367985	10683350016.00
2020/09/18	1422.69	1452.69	1392.70	1452.69	4720140	7853673472.00
2020/09/21	1450.45	1450.45	1424.35	1424.49	2244407	3756765184.00
2020/09/22	1407.69	1444.67	1407.69	1423.38	2326547	3890070272.00
2020/09/23	1392.69	1423.70	1378.71	1407.67	3572552	5878690816.00
2020/09/24	1393.66	1416.57	1384.49	1387.01	3005078	4915392512.00
2020/09/25	1387.69	1407.69	1382.69	1392.80	2258296	3700843520.00
2020/09/28	1392.88	1426.19	1392.88	1418.69	2423222	4019640064.00
2020/09/29	1427.02	1427.09	1409.99	1409.99	1743078	2895081472.00
2020/09/30	1417.69	1449.59	1417.69	1426.19	2708781	4536012288.00
2020/10/09	1449.69	1464.11	1445.69	1453.69	3423988	5817280512.00
2020/10/12	1457.69	1508.30	1457.69	1508.30	4372904	7597987840.00
2020/10/13	1508.31	1508.31	1492.69	1496.69	2294389	3995560448.00
2020/10/14	1497.69	1504.67	1483.69	1486.69	2048139	3554316544.00
2020/10/15	1478.82	1492.69	1478.69	1482.69	1620436	2801250560.00
2020/10/16	1482.69	1492.27	1460.69	1469.69	1737738	2991246848.00
2020/10/19	1482.69	1491.67	1449.59	1456.69	1922632	3284383488.00
2020/10/20	1457.68	1492.66	1452.69	1491.69	2773493	4787807744.00
2020/10/21	1491.79	1499.84	1480.69	1491.02	1890137	3275357440.00
2020/10/22	1487.69	1502.69	1473.20	1500.19	2248087	3897729792.00
2020/10/23	1498.47	1505.28	1471.69	1473.02	1929169	3339987456.00
2020/10/26	1376.69	1420.61	1357.69	1400.69	6601529	10821908480.00
2020/10/27	1400.69	1401.69	1373.81	1382.69	4394440	7156688384.00
2020/10/28	1383.69	1434.69	1382.77	1422.50	3463653	5739452416.00
2020/10/29	1412.53	1465.69	1404.69	1433.69	3937376	6633168384.00
2020/10/30	1435.69	1453.69	1422.69	1427.71	2605545	4379601920.00
2020/11/02	1432.69	1452.69	1429.69	1431.70	2106643	3544422144.00
2020/11/03	1442.68	1463.59	1433.19	1452.69	2349749	3976621312.00
2020/11/04	1457.69	1461.69	1442.69	1457.27	1644371	2788396288.00
2020/11/05	1474.69	1490.17	1469.79	1479.59	2352414	4053043200.00
2020/11/06	1488.24	1489.28	1447.69	1458.31	2305153	3932702464.00
2020/11/09	1459.07	1508.37	1458.31	1500.26	4146970	7198679552.00
2020/11/10	1510.61	1522.17	1493.69	1502.69	3018944	5287968256.00
2020/11/11	1502.69	1535.19	1488.69	1489.04	3485073	6122365440.00
2020/11/12	1487.70	1507.69	1479.96	1492.48	2347309	4071729664.00
2020/11/13	1481.69	1486.57	1448.69	1462.69	2815548	4791276544.00
2020/11/16	1468.69	1487.74	1454.95	1487.74	3061349	5247897088.00
2020/11/17	1497.69	1500.04	1458.76	1473.49	2522403	4355288064.00
2020/11/18	1472.69	1478.22	1440.85	1451.34	3517895	5973146624.00
2020/11/19	1442.19	1482.69	1438.29	1477.88	2781576	4767508992.00
2020/11/20	1477.69	1493.69	1470.34	1477.65	2187466	3771894784.00
2020/11/23	1528.70	1567.59	1528.70	1547.90	6663724	11926871040.00
2020/11/24	1527.68	1540.19	1509.16	1521.19	3246536	5736960000.00
2020/11/25	1519.19	1526.57	1481.69	1484.57	2822632	4910540800.00
2020/11/26	1483.69	1497.68	1482.87	1492.08	2322830	4027749376.00
2020/11/27	1490.35	1497.72	1475.69	1495.59	2156861	3737698048.00
2020/11/30	1492.69	1496.59	1471.60	1471.60	3194007	5520322048.00
2020/12/01	1483.69	1496.68	1477.70	1494.69	2819620	4891829248.00
2020/12/02	1503.69	1506.69	1488.69	1495.70	2357169	4101369344.00
2020/12/03	1495.70	1513.35	1489.79	1506.69	2950578	5147357696.00
2020/12/04	1509.69	1557.79	1509.69	1550.80	6249119	11176048640.00
2020/12/07	1560.39	1598.08	1558.24	1570.09	5833133	10617305088.00
2020/12/08	1572.69	1632.69	1570.69	1607.69	6145400	11333352448.00
2020/12/09	1623.64	1623.69	1596.69	1597.69	3115212	5766037504.00
2020/12/10	1597.69	1607.46	1585.69	1590.59	3265354	6009240064.00
2020/12/11	1592.47	1595.01	1562.50	1577.69	3077579	5595359744.00
2020/12/14	1585.46	1587.67	1572.69	1586.69	3305200	6026813440.00
2020/12/15	1591.19	1594.91	1562.69	1573.70	2960497	5383582208.00
2020/12/16	1588.19	1603.36	1577.90	1597.69	3215016	5901298176.00
2020/12/17	1603.19	1625.69	1597.69	1623.20	3603064	6683421696.00
2020/12/18	1609.50	1626.70	1598.77	1602.69	2707698	5020968960.00
2020/12/21	1597.69	1608.92	1595.29	1600.19	3069672	5663526912.00
2020/12/22	1607.66	1656.68	1600.20	1638.69	4065060	7618583552.00
2020/12/23	1655.68	1663.89	1578.71	1599.34	4770609	8901002240.00
2020/12/24	1575.69	1616.57	1552.71	1588.03	3785714	6921989120.00
2020/12/25	1560.68	1604.69	1557.69	1587.69	2308805	4218997760.00
2020/12/28	1584.29	1646.49	1583.74	1630.69	3008037	5616528896.00
2020/12/29	1630.69	1644.49	1612.69	1624.69	2286759	4275994880.00
2020/12/30	1627.69	1690.69	1627.68	1690.69	3445210	6604461568.00
2020/12/31	1698.69	1756.67	1696.69	1755.69	3886007	7682300928.00
2021/01/04	1757.67	1762.68	1741.50	1754.69	4351400	8686920704.00
2021/01/05	1747.69	1817.14	1740.15	1817.14	5211605	10592557056.00
2021/01/06	1822.49	1882.69	1793.72	1857.69	4741020	9882594304.00
2021/01/07	1854.69	1897.69	1832.69	1897.69	3793139	7991178752.00
2021/01/08	1899.69	1908.57	1820.71	1847.69	5386164	11345203200.00
2021/01/11	1847.69	1908.19	1816.29	1857.42	5107990	10768565248.00
2021/01/12	1845.69	1918.59	1842.69	1918.59	4105859	8800558080.00
2021/01/13	1921.69	1931.02	1892.69	1921.69	3438993	7418330624.00
2021/01/14	1913.69	1920.69	1873.80	1891.69	3615220	7722089472.00
2021/01/15	1872.69	1892.04	1786.69	1839.69	5950939	12372103168.00
2021/01/18	1818.75	1849.17	1797.96	1820.69	3914404	8076716032.00
2021/01/19	1830.80	1853.99	1764.54	1767.10	4634519	9479278592.00
2021/01/20	1765.69	1813.18	1740.19	1798.32	4508242	9126453248.00
2021/01/21	1805.69	1847.71	1798.69	1827.69	3831017	7953456128.00
2021/01/22	1826.69	1857.69	1817.79	1837.64	2924761	6090260480.00
2021/01/25	1840.69	1937.19	1840.69	1932.69	5595716	12029474816.00
2021/01/26	1942.69	1944.69	1882.80	1899.58	3174746	6820173312.00
2021/01/27	1899.58	1899.58	1842.69	1846.69	3712017	7809446400.00
2021/01/28	1837.69	1867.35	1817.71	1845.69	3512864	7337084416.00
2021/01/29	1858.88	1907.17	1847.91	1873.87	3370133	7166179328.00
2021/02/01	1887.69	1917.69	1852.69	1867.01	2934059	6219639296.00
2021/02/02	1869.91	1907.68	1859.79	1902.69	3458225	7372233728.00
2021/02/03	1907.69	1955.96	1897.69	1947.60	3871415	8384049152.00
2021/02/04	1948.69	2087.69	1948.69	2078.54	6385101	14596930560.00
2021/02/05	2082.69	2122.29	2048.69	2070.69	3972906	9253566464.00
2021/02/08	2094.69	2136.57	2070.69	2126.49	3578573	8420758528.00
2021/02/09	2126.49	2214.12	2107.69	2214.12	3329655	7972930048.00
2021/02/10	2242.69	2358.89	2242.69	2358.69	6137057	15675929600.00
2021/02/18	2345.67	2385.57	2222.69	2228.69	6591232	16704135168.00
2021/02/19	2208.85	2254.35	2139.29	2217.69	5938546	14525164544.00
2021/02/22	2212.69	2212.69	2035.91	2045.71	7893547	18498777088.00
2021/02/23	2022.83	2102.58	2022.69	2064.69	5745460	13316110336.00
2021/02/24	2065.68	2075.69	1918.19	1946.69	8211578	18195034112.00
2021/02/25	1966.69	1982.19	1878.90	1907.69	5972643	12982146048.00
2021/02/26	1857.69	1937.64	1824.99	1880.47	6652506	14097015808.00
2021/03/01	1936.69	1936.69	1877.69	1915.69	4491626	9686945792.00
2021/03/02	1937.69	1937.69	1790.69	1815.69	7076450	14796698624.00
2021/03/03	1797.69	1907.46	1790.69	1897.69	5421546	11366685696.00
2021/03/04	1852.69	1853.69	1767.79	1790.69	6508829	13297304576.00
2021/03/05	1757.69	1852.69	1745.69	1817.80	6377920	13100315648.00
2021/03/08	1832.65	1842.69	1717.69	1717.69	6309959	12724245504.00
2021/03/09	1712.69	1757.69	1657.87	1694.68	8226581	16100769792.00
2021/03/10	1734.69	1757.56	1724.69	1727.70	5117174	10136909824.00
2021/03/11	1732.69	1837.68	1719.17	1805.69	5676897	11521736704.00
2021/03/12	1827.69	1834.69	1759.70	1783.69	4032251	8181594624.00
2021/03/15	1807.69	1827.49	1708.84	1733.14	6248487	12459956224.00
2021/03/16	1732.62	1777.68	1722.69	1768.19	3464850	6918600704.00
2021/03/17	1757.69	1807.69	1733.70	1788.05	3137491	6352656384.00
2021/03/18	1792.69	1844.05	1792.69	1827.39	3386488	6997030400.00
2021/03/19	1792.69	1800.69	1749.92	1767.69	3578077	7211522048.00
2021/03/22	1757.79	1783.78	1713.24	1747.68	3691407	7323391488.00
2021/03/23	1756.57	1766.49	1727.69	1753.69	2744619	5459520512.00
2021/03/24	1738.69	1770.69	1738.69	1746.69	2935739	5857848320.00
2021/03/25	1727.70	1746.57	1704.49	1728.69	3157523	6216733184.00
2021/03/26	1742.69	1779.69	1715.69	1770.69	5001642	9987629056.00
2021/03/29	1800.89	1854.04	1783.84	1791.79	5699220	11740129280.00
2021/03/30	1797.69	1843.69	1792.77	1813.74	3262697	6717493248.00
2021/03/31	1802.79	1803.71	1757.69	1766.69	3715441	7489086464.00
2021/04/01	1778.69	1804.49	1758.91	1802.19	2658763	5379776000.00
2021/04/02	1813.69	1922.69	1813.69	1919.69	5202757	10981752832.00
2021/04/06	1918.69	1919.67	1859.99	1883.72	3274177	6967524864.00
2021/04/07	1861.75	1874.99	1807.69	1818.69	4020097	8317799936.00
2021/04/08	1804.72	1836.69	1801.69	1827.69	2854762	5893307392.00
2021/04/09	1799.69	1811.69	1762.70	1777.69	2880886	5832453632.00
2021/04/12	1768.69	1787.69	1749.39	1766.58	3194307	6409917440.00
2021/04/13	1777.69	1807.49	1766.69	1778.69	2899215	5883787264.00
2021/04/14	1792.69	1805.69	1773.69	1804.69	2411465	4908790272.00
2021/04/15	1788.59	1804.59	1747.69	1773.29	3436621	6903769600.00
2021/04/16	1782.77	1825.69	1769.69	1812.67	3029370	6183895040.00
2021/04/19	1812.69	1856.05	1790.69	1845.69	3175391	6610577920.00
2021/04/20	1828.79	1886.69	1827.69	1852.49	2829037	5949669888.00
2021/04/21	1833.69	1855.49	1822.79	1837.69	2614975	5446146048.00
2021/04/22	1847.59	1856.69	1809.19	1813.19	2685002	5539295744.00
2021/04/23	1813.66	1877.57	1810.19	1866.63	3346277	7002695168.00
2021/04/26	1889.69	1892.69	1831.29	1835.51	3404511	7160837120.00
2021/04/27	1844.77	1852.94	1822.78	1852.13	2210785	4607778816.00
2021/04/28	1767.69	1805.19	1760.69	1799.69	8134295	16463575040.00
2021/04/29	1804.73	1807.63	1771.69	1784.05	4128378	8370430976.00
2021/04/30	1783.69	1793.69	1761.40	1764.47	3840137	7723746816.00
2021/05/06	1757.69	1764.53	1710.69	1716.69	5354614	10584969216.00
2021/05/07	1722.69	1725.67	1658.69	1660.69	5249339	10101703680.00
2021/05/10	1657.69	1666.69	1623.70	1636.72	4600318	8677753856.00
2021/05/11	1633.69	1723.69	1630.99	1716.69	4249412	8209251840.00
2021/05/12	1706.77	1756.69	1706.69	1741.69	3269887	6473203200.00
2021/05/13	1723.44	1742.74	1710.69	1729.19	2507751	4934955008.00
2021/05/14	1739.69	1788.19	1733.69	1767.54	3561129	7150302208.00
2021/05/17	1782.79	1842.89	1782.79	1815.65	4452400	9178510336.00
2021/05/18	1822.69	1834.69	1802.75	1817.00	1750428	3595891712.00
2021/05/19	1816.69	1832.50	1797.69	1806.69	2240972	4606452224.00
2021/05/20	1831.69	1831.79	1803.05	1816.57	2185716	4500663296.00
2021/05/21	1812.77	1837.57	1794.71	1799.79	2424823	4976601600.00
2021/05/24	1808.69	1837.75	1788.69	1828.98	3254808	6705879552.00
2021/05/25	1842.69	1957.79	1842.69	1952.19	6775695	14636719104.00
2021/05/26	1965.67	1999.49	1950.77	1977.69	3860420	8558038016.00
2021/05/27	1968.71	2077.69	1958.79	2002.69	4537338	10240368640.00
2021/05/28	1998.66	2007.69	1963.20	1987.69	2580731	5741331968.00
2021/05/31	1973.19	1976.04	1929.69	1975.69	3173900	6960864256.00
2021/06/01	1979.69	2006.64	1963.69	1998.64	3061634	6832594432.00
2021/06/02	2007.69	2021.69	1965.87	1979.69	2286277	5088908288.00
2021/06/03	1977.69	2018.03	1967.77	1979.91	2345031	5242452992.00
2021/06/04	1972.69	2045.69	1971.73	2009.19	3142219	7058715136.00
2021/06/07	2022.69	2036.69	1997.70	2028.69	2546627	5756592640.00
2021/06/08	2017.69	2037.68	1918.84	1948.69	4731363	10479942656.00
2021/06/09	1949.69	1971.69	1917.80	1957.19	2550235	5591378944.00
2021/06/10	1952.69	2009.06	1947.77	1996.17	2556663	5707338240.00
2021/06/11	1996.69	2001.69	1936.50	1936.50	3397066	7513797120.00
2021/06/15	1952.79	1966.57	1905.69	1950.69	2936130	6412821504.00
2021/06/16	1949.69	1952.69	1905.69	1915.69	2759315	5978924544.00
2021/06/17	1913.34	1945.69	1902.05	1914.60	2106753	4558702592.00
2021/06/18	1904.69	1914.19	1822.69	1848.63	5402821	11329180672.00
2021/06/21	1842.69	1857.38	1807.69	1839.33	3548826	7367986688.00
2021/06/22	1849.69	1855.69	1811.58	1832.66	3322818	6900830720.00
2021/06/23	1837.69	1840.69	1791.84	1795.69	3707901	7596735488.00
2021/06/24	1797.70	1837.69	1778.69	1825.74	3147370	6452557312.00
2021/06/25	1826.95	1885.99	1819.59	1868.99	3587543	7459680256.00
2021/06/28	1876.99	1894.99	1849.99	1880.00	2745242	5750241280.00
2021/06/29	1884.99	1891.99	1827.99	1838.99	3303063	6835635200.00
2021/06/30	1841.99	1850.99	1823.29	1833.69	2191566	4511484416.00
2021/07/01	1836.96	1886.99	1808.59	1881.99	3370124	6970731008.00
2021/07/02	1851.99	1851.99	1788.49	1789.99	4627531	9388640256.00
2021/07/05	1776.99	1796.87	1761.99	1770.99	3442095	6872797696.00
2021/07/06	1771.99	1790.99	1737.00	1789.89	3528251	7015883264.00
2021/07/07	1786.99	1805.87	1776.00	1780.99	2812212	5658210816.00
2021/07/08	1777.09	1780.99	1744.99	1761.99	3551669	7027713536.00
2021/07/09	1741.51	1762.90	1721.99	1749.10	3090790	6072340992.00
2021/07/12	1752.54	1775.77	1717.49	1737.99	3901024	7658786304.00
2021/07/13	1744.99	1782.49	1741.99	1759.89	2992471	5946287104.00
2021/07/14	1750.99	1751.49	1721.99	1738.99	3077069	6011814912.00
2021/07/15	1732.01	1789.99	1727.59	1774.98	4219005	8391506432.00
2021/07/16	1756.99	1773.59	1726.99	1732.89	3540764	6958297088.00
2021/07/19	1732.88	1762.99	1717.99	1751.99	3005234	5900348416.00
2021/07/20	1751.99	1765.92	1738.40	1756.99	2347521	4639301120.00
2021/07/21	1765.99	1782.99	1739.00	1745.99	2978013	5902656000.00
2021/07/22	1736.99	1750.89	1715.95	1717.00	3909047	7619076608.00
2021/07/23	1714.81	1714.81	1672.08	1676.99	4758547	9057762304.00
2021/07/26	1655.99	1655.99	1556.99	1581.10	9861948	17894361088.00
2021/07/27	1579.99	1586.99	1479.99	1489.88	8657699	15230806016.00
2021/07/28	1479.99	1565.19	1459.11	1545.89	8536884	14792470528.00
2021/07/29	1587.00	1599.99	1511.33	1526.78	6386385	11299569664.00
2021/07/30	1501.99	1501.99	1434.75	1455.98	7773589	13109725184.00
2021/08/02	1440.99	1532.97	1397.71	1531.99	9740065	16515259392.00
2021/08/03	1506.99	1545.98	1465.79	1526.29	5437475	9447823360.00
2021/08/04	1511.05	1536.99	1494.99	1500.99	3817549	6614683136.00
2021/08/05	1469.87	1521.99	1453.35	1475.99	4805969	8177369600.00
2021/08/06	1465.99	1471.00	1423.59	1447.99	4568610	7616109568.00
2021/08/09	1427.99	1485.99	1426.99	1470.79	4769775	8028155392.00
2021/08/10	1476.99	1579.87	1451.99	1575.99	8328505	14549496832.00
2021/08/11	1557.00	1562.00	1527.00	1527.49	3866259	6821292544.00
2021/08/12	1508.99	1525.99	1463.18	1466.99	4755097	8130692608.00
2021/08/13	1466.99	1489.99	1455.99	1477.03	3790452	6418412544.00
2021/08/16	1472.99	1490.59	1462.07	1476.19	2805697	4773049856.00
2021/08/17	1476.99	1476.99	1405.87	1411.99	6120077	10140292096.00
2021/08/18	1401.65	1419.98	1376.99	1396.99	5997026	9701556224.00
2021/08/19	1399.21	1420.19	1376.99	1396.96	4129195	6682355712.00
2021/08/20	1332.16	1374.54	1302.49	1324.99	11454454	17825198080.00
2021/08/23	1314.87	1375.99	1313.76	1347.18	7159720	11218832384.00
2021/08/24	1351.99	1419.54	1342.76	1402.17	7259447	11703814144.00
2021/08/25	1424.63	1457.86	1419.99	1442.01	5423890	9037626368.00
2021/08/26	1441.98	1441.98	1371.71	1371.99	5402037	8722233344.00
2021/08/27	1365.99	1401.99	1361.09	1373.02	3609545	5791426048.00
2021/08/30	1381.99	1389.99	1322.94	1362.99	5158770	8098190336.00
2021/08/31	1366.79	1393.34	1332.09	1334.99	4367709	6888080896.00
2021/09/01	1335.99	1411.98	1308.09	1399.00	7731610	12370243584.00
2021/09/02	1409.98	1419.99	1377.88	1395.79	4283679	6939707392.00
2021/09/03	1387.01	1436.78	1358.99	1435.21	5283518	8631165952.00
2021/09/06	1425.99	1485.15	1403.14	1447.66	5533806	9306031104.00
2021/09/07	1438.02	1461.47	1427.99	1445.99	3121122	5204051456.00
2021/09/08	1436.99	1448.17	1405.07	1410.09	3306367	5428265472.00
2021/09/09	1402.99	1421.99	1401.00	1411.07	1995013	3257785856.00
2021/09/10	1411.07	1445.79	1409.99	1439.57	3338811	5528034304.00
2021/09/13	1441.99	1460.99	1417.09	1430.99	2772002	4605031936.00
2021/09/14	1435.99	1459.99	1429.99	1433.99	3376061	5638962688.00
2021/09/15	1426.99	1436.99	1386.99	1392.73	4157005	6781755392.00
2021/09/16	1379.99	1420.99	1361.99	1415.06	4596802	7458455040.00
2021/09/17	1396.99	1482.59	1396.99	1462.99	5513025	9242101760.00
2021/09/22	1435.82	1464.99	1411.99	1414.68	3174300	5227722752.00
2021/09/23	1414.99	1432.87	1402.07	1411.99	3034181	4964210176.00
2021/09/24	1404.99	1496.97	1404.99	1470.99	6953660	11756596224.00
2021/09/27	1526.99	1640.39	1526.99	1631.99	12686892	23270688768.00
2021/09/28	1624.99	1636.99	1571.99	1599.05	4922105	8973409280.00
2021/09/29	1585.99	1622.00	1562.89	1596.99	4329065	7870151680.00
2021/09/30	1595.17	1627.21	1580.39	1606.99	4053929	7411735552.00
2021/10/08	1599.41	1654.99	1584.22	1616.59	4745196	8780381184.00
2021/10/11	1616.50	1666.89	1608.00	1644.11	3767557	7040475136.00
2021/10/12	1642.99	1653.99	1619.41	1647.98	3060642	5688160768.00
2021/10/13	1646.99	1726.94	1638.99	1706.89	5014261	9625768960.00
2021/10/14	1705.92	1718.79	1672.99	1687.99	2662255	5097602048.00
2021/10/15	1667.09	1706.98	1667.09	1693.96	2856078	5452954112.00
2021/10/18	1664.99	1664.99	1563.99	1576.99	6965202	12651498496.00
2021/10/19	1576.99	1615.79	1576.87	1589.17	4031456	7330114048.00
2021/10/20	1609.99	1626.79	1583.00	1617.99	2866339	5246404608.00
2021/10/21	1618.09	1636.99	1605.99	1620.99	2301870	4238584320.00
2021/10/22	1631.99	1698.00	1630.99	1677.99	3596260	6794850304.00
2021/10/25	1656.99	1662.00	1634.99	1650.02	3246133	6076219904.00
2021/10/26	1641.02	1655.98	1620.99	1638.04	2113026	3934223616.00
2021/10/27	1629.29	1635.29	1577.09	1595.99	3464729	6302270976.00
2021/10/28	1602.19	1620.77	1578.99	1602.48	2949093	5383196160.00
2021/10/29	1601.99	1624.99	1589.99	1603.07	2877586	5266898944.00
2021/11/01	1556.99	1603.29	1536.99	1579.99	4168998	7486936576.00
2021/11/02	1573.69	1621.21	1564.99	1581.63	3250024	5875341312.00
2021/11/03	1576.99	1586.97	1538.18	1541.99	2782931	4958314496.00
2021/11/04	1554.93	1592.99	1546.41	1581.19	3113043	5592211968.00
2021/11/05	1581.20	1621.98	1581.20	1596.93	2707723	4956331520.00
2021/11/08	1596.99	1607.79	1579.04	1597.09	1770572	3220439296.00
2021/11/09	1596.97	1604.86	1558.99	1567.00	2735192	4915169792.00
2021/11/10	1567.00	1571.99	1511.99	1530.98	3534877	6204803072.00
2021/11/11	1529.92	1546.59	1518.49	1546.59	2265187	3987243264.00
2021/11/12	1554.99	1562.04	1543.65	1550.77	1760663	3124400896.00
2021/11/15	1550.67	1560.99	1526.99	1538.13	2494735	4410975232.00
2021/11/16	1544.99	1594.99	1541.99	1584.99	3352624	6033536512.00
2021/11/17	1581.99	1597.49	1567.00	1571.99	2450546	4411450880.00
2021/11/18	1558.21	1583.99	1546.99	1568.99	1952089	3485675008.00
2021/11/19	1571.18	1625.99	1565.19	1605.40	3115559	5699884032.00
2021/11/22	1625.99	1685.99	1624.99	1631.26	4257268	7994018304.00
2021/11/23	1628.99	1693.99	1628.99	1673.42	4578220	8676297728.00
2021/11/24	1676.99	1742.99	1673.99	1717.99	5451235	10555737088.00
2021/11/25	1729.99	1763.19	1723.24	1733.02	3975288	7803035136.00
2021/11/26	1741.82	1743.99	1701.99	1718.00	3265557	6337346048.00
2021/11/29	1736.99	1766.99	1728.07	1761.99	4239934	8372475904.00
2021/11/30	1762.39	1766.89	1704.49	1707.76	3692487	7192172544.00
2021/12/01	1726.99	1736.94	1696.01	1709.98	2625440	5071457280.00
2021/12/02	1716.99	1719.14	1696.59	1710.99	2042182	3939731456.00
2021/12/03	1708.99	1765.61	1708.04	1748.87	3581839	7045848064.00
2021/12/06	1759.99	1766.99	1726.99	1744.29	3106388	6122543616.00
2021/12/07	1757.73	1764.86	1723.72	1732.86	3697989	7286659584.00
2021/12/08	1741.87	1821.99	1726.99	1819.99	6104807	12285102080.00
2021/12/09	1831.93	1893.91	1821.99	1863.54	6423918	13404724224.00
2021/12/10	1836.99	1872.77	1832.99	1866.99	4314822	8944582656.00
2021/12/13	1930.99	1956.99	1894.99	1895.19	6580656	14139012096.00
2021/12/14	1895.19	1944.89	1876.99	1926.99	4044941	8673733632.00
2021/12/15	1919.14	1941.94	1902.01	1911.99	3007827	6444715008.00
2021/12/16	1891.99	1921.04	1863.22	1895.98	3721136	7865499136.00
2021/12/17	1877.49	1884.99	1812.99	1827.69	4840318	9988870144.00
2021/12/20	1827.69	1862.65	1817.99	1835.95	3225769	6654596608.00
2021/12/21	1821.99	1846.12	1789.82	1815.19	2628589	5354186752.00
2021/12/22	1816.99	1839.99	1816.99	1824.99	1743079	3570928384.00
2021/12/23	1829.99	1896.99	1801.99	1896.99	3909854	8126298112.00
2021/12/24	1925.87	1993.95	1925.87	1971.08	5612959	12295953408.00
2021/12/27	1944.99	1944.99	1888.99	1908.81	3755590	8020677632.00
2021/12/28	1909.99	1932.49	1893.59	1915.17	2765070	5901940736.00
2021/12/29	1926.99	1931.24	1817.99	1817.99	5404902	11195625472.00
2021/12/30	1817.99	1865.97	1804.99	1851.99	3526136	7272866816.00
2021/12/31	1846.99	1849.97	1804.99	1826.99	2966491	6061415424.00
2022/01/04	1831.99	1845.94	1790.99	1828.22	3384262	6913653248.00
2022/01/05	1821.99	1841.99	1794.99	1800.99	2839551	5774991872.00
2022/01/06	1799.00	1812.99	1715.50	1759.21	5179475	10226933760.00
2022/01/07	1751.99	1765.87	1716.31	1718.99	2981669	5831695360.00
2022/01/10	1705.00	1753.99	1694.54	1742.99	2962670	5792738304.00
2022/01/11	1724.99	1741.99	1708.16	1717.54	2227664	4332180480.00
2022/01/12	1724.99	1755.79	1724.99	1743.99	2747410	5384359424.00
2022/01/13	1741.81	1744.98	1642.55	1654.38	5674735	10781720576.00
2022/01/14	1654.38	1669.99	1639.99	1643.99	2932164	5506186240.00
2022/01/17	1644.99	1655.29	1612.33	1638.60	2735382	5074077696.00
2022/01/18	1638.67	1685.84	1628.99	1669.26	3121577	5906705920.00
2022/01/19	1695.99	1695.99	1665.87	1688.99	2637094	5026993664.00
2022/01/20	1692.99	1756.98	1692.99	1746.51	3401391	6665294848.00
2022/01/21	1736.99	1770.48	1728.00	1761.98	3081258	6091427840.00
2022/01/24	1731.99	1760.99	1708.43	1727.19	2398580	4685441536.00
2022/01/25	1719.99	1742.99	1707.99	1719.99	2551012	4971078656.00
2022/01/26	1719.03	1745.99	1695.99	1731.99	2390513	4655706624.00
2022/01/27	1778.00	1787.81	1728.99	1741.99	4266516	8450329088.00
2022/01/28	1731.99	1744.99	1657.00	1663.99	4102011	7889492992.00
2022/02/07	1677.98	1690.55	1626.99	1644.95	3515042	6601799680.00
2022/02/08	1645.87	1649.86	1566.99	1615.99	4171306	7585130496.00
2022/02/09	1616.08	1684.99	1603.96	1672.97	3388479	6346699776.00
2022/02/10	1676.99	1682.89	1634.38	1649.99	2303183	4315457024.00
2022/02/11	1633.99	1677.78	1617.99	1626.96	3374649	6296909824.00
2022/02/14	1616.99	1653.99	1614.30	1645.66	2019587	3762313472.00
2022/02/15	1645.79	1687.99	1635.99	1667.61	2710586	5131842048.00
2022/02/16	1676.99	1683.99	1664.99	1669.54	1458685	2769034240.00
2022/02/17	1677.60	1688.47	1657.99	1663.98	1821366	3450265088.00
2022/02/18	1654.62	1684.97	1642.65	1683.99	1938549	3670339840.00
2022/02/21	1676.99	1683.89	1645.94	1653.98	2081573	3920377344.00
2022/02/22	1637.00	1637.99	1577.01	1584.86	5229881	9473992704.00
2022/02/23	1588.40	1610.99	1577.07	1604.00	2811161	5118197760.00
2022/02/24	1584.99	1590.98	1525.09	1541.10	6535925	11578557440.00
2022/02/25	1551.99	1585.27	1551.99	1576.05	3897913	6999524352.00
2022/02/28	1564.05	1573.99	1543.99	1567.39	2892303	5158148608.00
2022/03/01	1578.99	1640.56	1578.99	1635.47	4737930	8721228800.00
2022/03/02	1616.99	1627.98	1601.99	1621.87	2007448	3690612224.00
2022/03/03	1622.79	1627.24	1570.99	1576.99	3154693	5703580672.00
2022/03/04	1548.99	1569.88	1532.09	1557.49	3104703	5509157888.00
2022/03/07	1537.19	1544.99	1480.79	1483.99	4915581	8487507456.00
2022/03/08	1536.97	1563.65	1508.99	1530.19	5721546	10087484416.00
2022/03/09	1541.09	1581.99	1498.10	1556.17	5643442	10018589696.00
2022/03/10	1584.99	1597.99	1567.99	1571.42	3646178	6587439104.00
2022/03/11	1542.99	1553.99	1495.07	1546.00	4772677	8335618560.00
2022/03/14	1506.99	1526.99	1476.99	1476.99	4900661	8416841728.00
2022/03/15	1426.99	1461.99	1379.99	1379.99	8905587	14567142400.00
2022/03/16	1410.99	1460.89	1369.99	1451.94	7759281	12753009664.00
2022/03/17	1496.99	1531.99	1488.65	1497.14	6835196	11843531776.00
2022/03/18	1494.99	1521.99	1469.27	1484.78	3834868	6564085248.00
2022/03/21	1500.99	1502.64	1472.00	1481.29	2787716	4763083264.00
2022/03/22	1500.87	1500.87	1463.32	1471.99	2105404	3578291200.00
2022/03/23	1481.99	1546.99	1473.99	1529.18	5806739	10096340992.00
2022/03/24	1514.99	1516.99	1494.34	1497.92	2581532	4457504256.00
2022/03/25	1488.99	1510.99	1461.99	1466.99	2970866	5054831104.00
2022/03/28	1401.99	1441.79	1380.99	1437.79	5754164	9392008192.00
2022/03/29	1438.49	1468.49	1438.49	1443.99	2593498	4343365632.00
2022/03/30	1474.99	1507.09	1471.99	1507.09	4243343	7276379136.00
2022/03/31	1496.99	1515.59	1485.79	1495.99	2517386	4338022912.00
2022/04/01	1506.93	1569.99	1498.68	1557.00	4486191	7936957440.00
2022/04/06	1529.99	1565.72	1529.99	1541.99	2781977	4910792192.00
2022/04/07	1534.99	1561.99	1527.09	1541.99	2019571	3568182272.00
2022/04/08	1544.99	1565.69	1543.53	1560.99	2294132	4081618432.00
2022/04/11	1546.99	1546.99	1483.02	1496.99	4386359	7568782336.00
2022/04/12	1505.99	1564.96	1484.99	1558.99	4162956	7284546048.00
2022/04/13	1543.99	1571.99	1528.07	1545.99	3114766	5534915584.00
2022/04/14	1564.99	1612.89	1557.19	1585.99	3764986	6834657280.00
2022/04/15	1579.19	1594.99	1572.88	1582.98	2104113	3800797696.00
2022/04/18	1558.12	1574.99	1544.99	1567.81	1979315	3525103104.00
2022/04/19	1576.99	1609.98	1552.49	1567.29	2420476	4359852032.00
2022/04/20	1578.68	1596.99	1545.67	1573.99	2415572	4342043136.00
2022/04/21	1567.19	1582.99	1546.99	1556.97	2895261	5160787968.00
2022/04/22	1539.99	1564.87	1537.17	1549.99	2789975	4955360768.00
2022/04/25	1526.99	1553.49	1478.99	1484.99	5365802	9352986624.00
2022/04/26	1480.32	1525.97	1476.99	1509.47	4456396	7692845056.00
2022/04/27	1544.11	1586.99	1544.11	1571.91	5740244	10289893376.00
2022/04/28	1569.99	1621.99	1563.49	1611.99	4401006	8038682112.00
2022/04/29	1612.99	1625.99	1587.97	1605.37	3488527	6384066560.00
2022/05/05	1606.99	1646.99	1605.97	1613.99	3366094	6235017728.00
2022/05/06	1591.98	1595.99	1557.99	1569.99	2859618	5138176512.00
2022/05/09	1556.99	1556.99	1514.99	1528.99	3035182	5324616192.00
2022/05/10	1496.99	1561.95	1482.00	1543.18	4011919	7018450944.00
2022/05/11	1531.99	1565.47	1528.99	1544.99	3031267	5372950016.00
2022/05/12	1529.99	1554.99	1526.99	1539.66	2203823	3888480000.00
2022/05/13	1556.99	1574.93	1542.99	1555.23	2073052	3690141184.00
2022/05/16	1573.99	1573.99	1519.66	1534.99	2776531	4881208832.00
2022/05/17	1546.87	1551.99	1531.99	1544.99	2014474	3557048832.00
2022/05/18	1550.65	1550.91	1520.01	1537.99	2485044	4362486784.00
2022/05/19	1521.99	1533.99	1515.99	1532.99	1977626	3459059200.00
2022/05/20	1536.98	1578.14	1528.99	1577.00	4194960	7493460480.00
2022/05/23	1576.99	1580.88	1548.99	1557.99	2215713	3950856704.00
2022/05/24	1562.99	1563.99	1532.49	1536.99	2734222	4824600064.00
2022/05/25	1542.26	1548.99	1523.99	1532.50	2238869	3929477120.00
2022/05/26	1537.99	1537.99	1506.99	1519.79	2805344	4888109056.00
2022/05/27	1536.98	1556.99	1530.00	1532.15	2511958	4436904960.00
2022/05/30	1542.99	1567.54	1542.99	1555.40	3446569	6135631360.00
2022/05/31	1551.76	1591.89	1543.97	1581.02	4075082	7329201152.00
2022/06/01	1578.99	1591.77	1555.99	1565.24	2176001	3897859072.00
2022/06/02	1564.96	1572.79	1556.99	1562.99	1691473	3019718144.00
2022/06/06	1566.99	1571.99	1534.99	1564.99	3674126	6535329280.00
2022/06/07	1561.13	1601.99	1547.30	1594.89	3504859	6356030976.00
2022/06/08	1601.99	1658.99	1601.99	1642.59	4435381	8236953600.00
2022/06/09	1648.99	1665.34	1625.99	1629.99	2632902	4897066496.00
2022/06/10	1622.00	1683.99	1611.99	1677.59	4734462	8882462720.00
2022/06/13	1666.99	1668.99	1625.07	1632.99	3675518	6847248896.00
2022/06/14	1610.99	1652.41	1608.99	1647.99	2941623	5467949568.00
2022/06/15	1646.99	1681.99	1639.98	1652.09	3366362	6354869248.00
2022/06/16	1671.58	1684.62	1652.32	1653.99	2688670	5087605248.00
2022/06/17	1655.08	1728.99	1655.08	1727.99	5054161	9749530624.00
2022/06/20	1726.99	1746.99	1706.99	1719.01	3497478	6802792448.00
2022/06/21	1725.99	1743.98	1704.99	1722.73	2371702	4617805312.00
2022/06/22	1731.99	1734.99	1708.99	1712.99	1964665	3813775360.00
2022/06/23	1719.69	1742.03	1716.99	1734.09	2684352	5239860224.00
2022/06/24	1746.99	1796.99	1741.99	1786.00	3963465	7921199616.00
2022/06/27	1796.93	1826.93	1777.29	1787.54	4011517	8124448768.00
2022/06/28	1796.73	1817.99	1777.99	1812.99	2524571	5112299008.00
2022/06/29	1804.99	1818.99	1788.00	1806.99	3036012	6142508544.00
2022/06/30	1798.66	1875.66	1798.65	1843.66	3898243	7984019456.00
2022/07/01	1853.66	1866.43	1813.87	1827.71	2159645	4385555456.00
2022/07/04	1818.67	1822.95	1799.67	1816.66	2507589	5042804224.00
2022/07/05	1823.94	1853.11	1808.66	1831.67	2632940	5345189888.00
2022/07/06	1830.66	1837.66	1784.66	1800.66	3275166	6566374912.00
2022/07/07	1803.66	1808.01	1783.67	1788.66	2093177	4179088128.00
2022/07/08	1803.66	1813.55	1794.82	1797.66	1564389	3134903552.00
2022/07/11	1788.86	1793.43	1749.16	1762.26	2394921	4709248512.00
2022/07/12	1763.66	1771.46	1728.72	1747.07	2344686	4562731520.00
2022/07/13	1743.66	1770.66	1739.33	1757.55	1985377	3893405952.00
2022/07/14	1758.66	1775.46	1739.66	1751.66	2052724	4014985472.00
2022/07/15	1743.77	1798.34	1743.17	1748.16	3341623	6588730880.00
2022/07/18	1751.02	1757.66	1720.66	1750.32	2422072	4701936640.00
2022/07/19	1743.66	1750.31	1724.66	1741.76	2195603	4250852864.00
2022/07/20	1757.41	1768.66	1743.66	1748.76	1870461	3659971072.00
2022/07/21	1741.76	1754.56	1733.17	1737.66	1406137	2735503104.00
2022/07/22	1747.88	1760.66	1733.66	1745.66	2511357	4894378496.00
2022/07/25	1748.17	1750.96	1729.66	1743.31	1691244	3285451264.00
2022/07/26	1751.65	1763.63	1745.68	1748.87	2068510	4041100032.00
2022/07/27	1740.66	1746.66	1715.66	1718.26	2148987	4149807104.00
2022/07/28	1719.76	1736.66	1691.32	1696.66	3486986	6669448192.00
2022/07/29	1693.76	1717.65	1676.76	1697.10	3703236	7028416000.00
2022/08/01	1688.67	1706.66	1679.84	1688.96	2103741	3988198656.00
2022/08/02	1678.66	1686.64	1656.67	1678.64	2822088	5284516352.00
2022/08/03	1688.65	1702.66	1675.66	1683.66	2459842	4642442240.00
2022/08/04	1688.66	1721.76	1678.79	1714.67	3035714	5797110784.00
2022/08/05	1726.46	1733.66	1703.56	1722.62	2008584	3857406208.00
2022/08/08	1713.81	1731.54	1706.17	1710.19	1679901	3220702976.00
2022/08/09	1710.19	1717.65	1703.66	1708.66	1387461	2651800064.00
2022/08/10	1708.64	1716.66	1663.24	1674.66	2792662	5259452928.00
2022/08/11	1684.66	1705.66	1676.67	1705.56	2606149	4940834304.00
2022/08/12	1705.56	1728.66	1698.66	1726.66	2025983	3882570496.00
2022/08/15	1719.12	1738.16	1714.21	1718.55	1932314	3717178368.00
2022/08/16	1722.60	1732.45	1714.66	1716.50	1483584	2854189568.00
2022/08/17	1728.66	1728.66	1693.66	1716.66	1836063	3508295424.00
2022/08/18	1706.66	1711.74	1679.73	1694.16	2316777	4384060416.00
2022/08/19	1696.66	1707.01	1686.66	1693.67	1354417	2572000768.00
2022/08/22	1683.67	1705.66	1680.04	1692.64	1542667	2925285376.00
2022/08/23	1697.26	1697.26	1665.66	1668.67	2375636	4452538880.00
2022/08/24	1668.65	1673.89	1649.66	1652.86	1872761	3486382848.00
2022/08/25	1657.66	1686.66	1652.86	1683.66	2192534	4107597824.00
2022/08/26	1698.66	1710.66	1684.66	1696.66	2314195	4397160960.00
2022/08/29	1681.66	1698.63	1672.66	1677.48	1356962	2555981312.00
2022/08/30	1681.01	1683.66	1652.86	1668.66	1823539	3400091392.00
2022/08/31	1658.76	1724.22	1658.67	1722.66	4469151	8518225408.00
2022/09/01	1710.81	1714.66	1679.55	1679.55	2684508	5088658944.00
2022/09/02	1688.60	1691.62	1664.83	1673.66	1939132	3635162880.00
2022/09/05	1661.30	1667.66	1618.66	1633.66	3682187	6764549120.00
2022/09/06	1634.02	1646.86	1623.66	1643.66	2083004	3832086272.00
2022/09/07	1633.69	1636.32	1609.67	1616.67	2830616	5151537152.00
2022/09/08	1618.66	1630.66	1613.66	1613.66	1659057	3026766336.00
2022/09/09	1623.66	1650.66	1614.66	1643.45	2708986	4991679488.00
2022/09/13	1678.66	1687.04	1656.89	1677.66	2869309	5387986944.00
2022/09/14	1662.67	1678.66	1661.66	1667.66	1604157	3002693120.00
2022/09/15	1668.66	1691.78	1668.62	1678.66	2081021	3917954304.00
2022/09/16	1670.46	1684.26	1653.77	1657.66	2412127	4501527552.00
2022/09/19	1653.66	1687.25	1651.54	1670.30	1858351	3479680768.00
2022/09/20	1668.64	1683.26	1657.21	1676.66	1411630	2645281792.00
2022/09/21	1675.33	1681.66	1646.66	1646.66	2099454	3904096512.00
2022/09/22	1638.66	1639.68	1615.51	1619.47	2270429	4147900928.00
2022/09/23	1619.47	1653.66	1619.47	1633.09	2828769	5191904768.00
2022/09/26	1618.66	1686.66	1618.64	1661.66	3513492	6566771200.00
2022/09/27	1667.52	1695.66	1649.77	1686.66	2882019	5422668288.00
2022/09/28	1679.16	1698.06	1672.67	1681.66	2144597	4042506240.00
2022/09/29	1696.64	1700.84	1669.79	1679.01	2158966	4075515136.00
2022/09/30	1697.28	1700.65	1664.66	1671.16	2128908	4000918016.00
2022/10/10	1688.66	1689.66	1578.86	1584.66	4858413	8865386496.00
2022/10/11	1587.66	1604.66	1558.66	1578.65	3204719	5712249344.00
2022/10/12	1572.32	1577.66	1506.66	1558.66	4819500	8372252672.00
2022/10/13	1519.12	1533.66	1495.66	1498.65	6396927	10919727104.00
2022/10/14	1508.66	1553.66	1500.60	1536.27	4651970	8045032448.00
2022/10/17	1524.66	1526.65	1496.46	1517.16	3354951	5740146688.00
2022/10/18	1523.66	1528.66	1499.66	1504.49	2808277	4800689664.00
2022/10/19	1500.64	1500.64	1446.66	1446.66	6012093	9997656064.00
2022/10/20	1419.66	1467.09	1409.66	1442.16	4277807	7020555264.00
2022/10/21	1438.66	1446.46	1408.66	1422.66	3890740	6317945856.00
2022/10/24	1368.66	1387.66	1286.67	1299.94	13209804	20217575424.00
2022/10/25	1278.08	1313.66	1270.66	1278.41	8136156	12136908800.00
2022/10/26	1287.46	1313.65	1258.66	1262.74	8178083	12120993792.00
2022/10/27	1278.66	1286.64	1182.51	1199.66	10710590	15258551296.00
2022/10/28	1189.43	1204.66	1157.37	1158.66	9314275	12823822336.00
2022/10/31	1148.66	1180.67	1131.66	1148.66	7184665	9758303232.00
2022/11/01	1157.66	1268.06	1157.66	1260.67	11876648	16859774976.00
2022/11/02	1258.66	1304.66	1234.66	1270.62	7977715	11717203968.00
2022/11/03	1242.23	1261.16	1226.76	1238.16	4515970	6509550592.00
2022/11/04	1236.62	1326.43	1236.62	1315.23	8000795	11996968960.00
2022/11/07	1292.71	1317.14	1285.25	1305.77	4269835	6414049280.00
2022/11/08	1306.66	1316.65	1267.62	1283.54	3932491	5842320896.00
2022/11/09	1282.61	1287.54	1248.66	1258.56	3609016	5276777472.00
2022/11/10	1242.66	1283.66	1233.81	1273.66	3771967	5518325760.00
2022/11/11	1326.66	1343.11	1293.64	1326.81	7394715	11252112384.00
2022/11/14	1342.16	1362.19	1326.66	1331.66	5737015	8858049536.00
2022/11/15	1330.66	1397.63	1319.66	1386.66	5631760	8858378240.00
2022/11/16	1379.66	1396.66	1366.66	1383.91	2684776	4250886912.00
2022/11/17	1389.16	1394.96	1351.54	1365.66	3057988	4793000960.00
2022/11/18	1374.66	1382.66	1354.66	1365.79	2360871	3703793408.00
2022/11/21	1340.01	1340.01	1297.19	1318.64	3909600	5917086208.00
2022/11/22	1316.10	1358.40	1314.77	1338.61	2990062	4582790144.00
2022/11/23	1326.66	1355.66	1319.70	1347.66	2217746	3428793088.00
2022/11/24	1357.66	1367.54	1312.64	1318.65	2768738	4241974272.00
2022/11/25	1319.17	1330.66	1308.66	1320.67	1862104	2833988352.00
2022/11/28	1283.44	1313.66	1249.66	1308.54	4772321	7040991232.00
2022/11/29	1368.22	1398.66	1349.66	1397.66	7342013	11587859456.00
2022/11/30	1385.78	1402.66	1383.66	1397.66	3149730	5019450880.00
2022/12/01	1458.66	1478.66	1429.45	1429.46	5135768	8480773120.00
2022/12/02	1433.66	1451.65	1419.86	1432.54	2388390	3910860544.00
2022/12/05	1466.66	1477.66	1447.66	1463.56	3612746	6018521088.00
2022/12/06	1453.66	1525.56	1450.66	1486.66	4414748	7477917184.00
2022/12/07	1476.47	1518.66	1468.69	1482.66	3552626	6012253184.00
2022/12/08	1480.66	1493.66	1463.66	1485.68	1972956	3323420928.00
2022/12/09	1490.66	1528.66	1480.66	1528.66	3921526	6716944384.00
2022/12/12	1514.52	1564.66	1513.66	1537.68	3475517	6063957504.00
2022/12/13	1535.66	1559.35	1528.66	1548.66	2138546	3735089152.00
2022/12/14	1541.66	1579.46	1541.66	1569.53	2909840	5141262336.00
2022/12/15	1603.66	1614.66	1578.66	1585.65	3063444	5497063424.00
2022/12/16	1571.91	1589.66	1541.66	1585.53	3330266	5901586944.00
2022/12/19	1597.46	1597.46	1558.83	1571.66	2498710	4447236608.00
2022/12/20	1563.99	1563.99	1481.11	1513.66	4619840	7944120832.00
2022/12/21	1522.66	1537.66	1516.31	1537.66	2281614	3948926208.00
2022/12/22	1555.36	1581.66	1543.66	1566.66	2317534	4093861632.00
2022/12/23	1551.06	1580.66	1543.66	1569.66	1731921	3063608320.00
2022/12/26	1569.66	1569.66	1533.68	1540.72	2138380	3749121024.00
2022/12/27	1558.57	1567.72	1546.07	1553.57	1790505	3109270272.00
2022/12/28	1566.45	1567.57	1528.58	1553.57	2143790	3699949056.00
2022/12/29	1537.57	1547.56	1521.62	1539.57	2241780	3844499712.00
2022/12/30	1556.57	1573.56	1547.57	1547.57	2533312	4409544192.00
2023/01/03	1551.77	1559.00	1526.58	1550.58	2603380	4487760384.00
2023/01/04	1550.57	1559.27	1536.57	1545.58	2041575	3523582208.00
2023/01/05	1557.57	1621.57	1553.57	1621.57	4794285	8541586944.00
2023/01/06	1626.69	1632.47	1607.57	1624.34	2490375	4480838656.00
2023/01/09	1655.57	1670.55	1628.39	1661.77	3097723	5684180992.00
2023/01/10	1659.63	1685.07	1651.07	1675.02	2273173	4204783616.00
2023/01/11	1676.57	1680.57	1657.41	1665.52	2272031	4201487872.00
2023/01/12	1668.57	1676.57	1653.57	1654.57	1719317	3162637056.00
2023/01/13	1664.75	1708.57	1660.57	1707.57	3193965	5969875968.00
2023/01/16	1706.57	1755.57	1701.57	1733.47	3684826	7059982848.00
2023/01/17	1733.73	1743.57	1715.57	1728.57	2129923	4068321536.00
2023/01/18	1734.57	1745.87	1710.57	1713.57	2106293	4008665344.00
2023/01/19	1713.07	1713.09	1686.57	1700.78	2343889	4401994240.00
2023/01/20	1709.76	1718.82	1678.57	1680.58	2560875	4807355904.00
2023/01/30	1729.57	1729.57	1700.57	1708.57	3592255	6799756800.00
2023/01/31	1717.07	1720.52	1653.64	1666.33	3299068	6128311296.00
2023/02/01	1675.55	1679.57	1631.97	1665.54	3397389	6244679168.00
2023/02/02	1668.95	1679.57	1646.57	1656.68	2975886	5465509376.00
2023/02/03	1640.57	1646.57	1616.25	1638.57	3494490	6324635136.00
2023/02/06	1600.57	1615.57	1580.57	1615.57	4266095	7595739136.00
2023/02/07	1628.65	1629.37	1608.30	1617.57	2432171	4373671936.00
2023/02/08	1620.58	1626.54	1595.57	1604.57	1667577	2980574720.00
2023/02/09	1598.57	1650.32	1595.58	1638.57	2975366	5401399296.00
2023/02/10	1630.67	1639.06	1621.62	1630.57	1798451	3253859328.00
2023/02/13	1630.57	1695.07	1630.57	1676.92	3814670	7058382336.00
2023/02/14	1677.03	1677.97	1655.57	1664.36	1956576	3601769472.00
2023/02/15	1664.35	1675.87	1656.38	1661.57	1817691	3351422208.00
2023/02/16	1661.91	1707.57	1648.57	1682.39	3324595	6196915200.00
2023/02/17	1670.73	1693.57	1640.62	1641.35	2644283	4880328704.00
2023/02/20	1641.57	1699.37	1637.77	1695.57	2966869	5488800256.00
2023/02/21	1694.57	1694.57	1671.57	1687.57	1875052	3491633408.00
2023/02/22	1675.58	1684.47	1652.37	1656.57	2186916	4031015936.00
2023/02/23	1660.57	1669.37	1625.82	1638.57	2188097	3983991296.00
2023/02/24	1630.68	1630.76	1602.75	1608.57	2463461	4415621632.00
2023/02/27	1599.07	1635.57	1595.59	1630.98	2206489	3978128640.00
2023/02/28	1639.57	1642.58	1603.87	1634.31	2395181	4314876928.00
2023/03/01	1633.57	1668.57	1623.80	1659.10	2445810	4475592192.00
2023/03/02	1649.57	1659.56	1641.67	1648.57	1314419	2405292288.00
2023/03/03	1660.34	1662.18	1623.05	1638.61	1619806	2946842624.00
2023/03/06	1638.75	1639.07	1617.34	1627.71	2064586	3730079488.00
2023/03/07	1626.55	1637.17	1608.57	1608.87	2278539	4101302528.00
2023/03/08	1600.59	1606.51	1581.69	1590.99	2276370	4035787264.00
2023/03/09	1588.57	1605.57	1560.57	1590.59	2761150	4881442816.00
2023/03/10	1572.14	1601.57	1570.57	1570.57	2116082	3725139200.00
2023/03/13	1571.57	1595.57	1569.57	1582.57	2056043	3626476288.00
2023/03/14	1584.35	1600.45	1559.07	1586.57	2370492	4177288960.00
2023/03/15	1598.94	1605.45	1570.69	1571.49	1921253	3392698368.00
2023/03/16	1560.57	1590.57	1559.58	1572.56	1764624	3096791040.00
2023/03/17	1590.57	1596.46	1556.57	1562.57	2702291	4744249344.00
2023/03/20	1571.57	1575.57	1548.57	1550.17	2049093	3557872128.00
2023/03/21	1555.57	1606.42	1544.54	1595.57	3114182	5491052032.00
2023/03/22	1600.57	1613.57	1586.12	1593.92	1533026	2727648768.00
2023/03/23	1586.57	1611.68	1585.58	1595.43	1735566	3082821632.00
2023/03/24	1589.65	1604.17	1586.57	1599.19	1276996	2269649152.00
2023/03/27	1599.17	1599.17	1576.57	1588.36	1529555	2700755968.00
2023/03/28	1590.57	1610.57	1585.59	1602.37	1726135	3073113088.00
2023/03/29	1619.57	1620.57	1605.64	1610.57	1539299	2761909248.00
2023/03/30	1613.57	1625.57	1599.57	1620.57	1925701	3453573120.00
2023/03/31	1645.57	1668.57	1639.57	1640.57	2744633	5024790528.00
2023/04/03	1645.57	1648.34	1620.65	1622.64	2141743	3875811584.00
2023/04/04	1632.57	1635.74	1607.57	1635.16	2006626	3614275328.00
2023/04/06	1625.57	1636.47	1608.79	1617.53	1487422	2676251904.00
2023/04/07	1615.57	1626.58	1608.91	1611.56	1352468	2428160512.00
2023/04/10	1611.45	1611.45	1564.57	1592.27	2941822	5171150336.00
2023/04/11	1613.57	1613.57	1564.57	1566.07	2920919	5138854400.00
2023/04/12	1567.83	1570.57	1513.39	1514.67	5110492	8732657664.00
2023/04/13	1510.57	1544.16	1504.58	1543.57	2954268	5049310208.00
2023/04/14	1546.57	1553.57	1525.37	1533.99	2123162	3646526720.00
2023/04/17	1560.57	1573.57	1548.57	1573.57	3046723	5303401472.00
2023/04/18	1573.57	1589.57	1566.59	1578.57	1831389	3220107520.00
2023/04/19	1582.57	1586.07	1570.57	1579.57	1460056	2568632832.00
2023/04/20	1580.68	1585.57	1549.57	1562.45	1988537	3468366848.00
2023/04/21	1566.57	1568.65	1541.85	1546.04	1851787	3210937344.00
2023/04/24	1541.57	1542.57	1521.57	1525.57	2023091	3456728832.00
2023/04/25	1526.57	1556.55	1522.57	1550.95	2058251	3534989824.00
2023/04/26	1564.57	1581.57	1540.57	1564.48	2789160	4861477888.00
2023/04/27	1568.57	1590.57	1550.57	1578.49	2560504	4489906688.00
2023/04/28	1583.58	1603.34	1574.54	1581.09	2622464	4636084224.00
2023/05/04	1589.57	1598.24	1556.57	1570.47	2746642	4818999808.00
2023/05/05	1586.57	1586.57	1556.96	1570.57	2071421	3621305856.00
2023/05/08	1588.89	1589.57	1537.74	1541.09	3317126	5742916096.00
2023/05/09	1535.57	1560.55	1527.64	1542.57	2937796	5057346560.00
2023/05/10	1535.76	1556.57	1535.57	1545.57	2077260	3588550912.00
2023/05/11	1551.57	1555.57	1535.57	1537.64	1524612	2623835904.00
2023/05/12	1535.57	1550.45	1525.58	1526.97	1946045	3335038464.00
2023/05/15	1522.57	1537.57	1511.77	1536.87	2574018	4384648192.00
2023/05/16	1534.56	1540.56	1517.57	1523.86	2222377	3785811968.00
2023/05/17	1528.57	1533.57	1519.58	1521.57	1677691	2858697984.00
2023/05/18	1525.56	1525.97	1510.57	1511.57	1921928	3260170752.00
2023/05/19	1491.57	1524.90	1476.12	1520.07	2674116	4504022528.00
2023/05/22	1510.58	1572.57	1510.57	1566.57	4128432	7165754368.00
2023/05/23	1574.56	1574.57	1545.12	1545.12	1689421	2934118400.00
2023/05/24	1552.90	1554.12	1530.68	1531.47	1847927	3182416384.00
2023/05/25	1526.56	1530.57	1510.57	1521.57	2246560	3814504192.00
2023/05/26	1522.57	1525.57	1495.58	1511.13	1829110	3090691584.00
2023/05/29	1517.57	1518.92	1498.57	1509.57	1777141	2998147072.00
2023/05/30	1509.57	1519.46	1479.13	1488.86	2645340	4424706560.00
2023/05/31	1481.58	1486.29	1447.24	1449.47	3695697	6053737472.00
2023/06/01	1438.57	1495.56	1438.57	1456.49	2864525	4708722688.00
2023/06/02	1465.57	1493.72	1456.68	1491.17	2505802	4163116288.00
2023/06/05	1486.73	1503.45	1483.57	1485.57	1620050	2704294400.00
2023/06/06	1490.57	1504.57	1472.12	1487.56	1991392	3326778112.00
2023/06/07	1493.56	1499.37	1470.57	1471.47	1788964	2971782144.00
2023/06/08	1476.40	1495.57	1470.58	1488.57	1470272	2441569792.00
2023/06/09	1492.56	1498.54	1486.57	1486.57	1758041	2938014208.00
2023/06/12	1486.59	1528.57	1482.09	1516.57	2702944	4562308608.00
2023/06/13	1514.45	1525.18	1505.57	1519.57	1466254	2485398784.00
2023/06/14	1539.57	1554.81	1526.78	1547.45	3150580	5438040576.00
2023/06/15	1550.91	1576.22	1543.57	1575.57	2522257	4395900928.00
2023/06/16	1577.57	1620.57	1570.67	1618.26	3791789	6742301184.00
2023/06/19	1610.57	1618.52	1558.57	1564.57	3169992	5584248832.00
2023/06/20	1560.57	1585.57	1555.57	1564.03	2094674	3659824640.00
2023/06/21	1560.57	1577.17	1555.57	1556.40	1772061	3088635904.00
2023/06/26	1540.68	1550.57	1515.57	1529.57	2399268	4098619392.00
2023/06/27	1530.56	1540.27	1520.66	1531.62	1517446	2598138624.00
2023/06/28	1533.75	1554.57	1531.57	1548.95	1857356	3199294208.00
2023/06/29	1551.57	1555.56	1533.58	1534.28	1423116	2446524160.00
2023/06/30	1546.48	1555.47	1532.96	1537.48	2045869	3472586752.00
2023/07/03	1545.48	1571.76	1538.48	1570.58	1913909	3286737920.00
2023/07/04	1570.68	1580.92	1564.56	1577.08	1247238	2155553536.00
2023/07/05	1576.48	1578.45	1546.48	1561.86	1474539	2523960832.00
2023/07/06	1555.64	1579.48	1546.48	1549.46	1514062	2589458944.00
2023/07/07	1547.48	1555.47	1536.48	1536.51	1516742	2571458560.00
2023/07/10	1551.48	1561.44	1546.48	1547.38	1347741	2298241792.00
2023/07/11	1556.48	1561.65	1548.58	1556.48	1258270	2151079168.00
2023/07/12	1559.52	1569.48	1557.81	1560.28	1328467	2280785408.00
2023/07/13	1568.47	1591.89	1565.49	1584.88	2580654	4479772672.00
2023/07/14	1602.48	1604.98	1587.68	1599.48	1855030	3245530368.00
2023/07/17	1597.48	1597.48	1573.08	1576.45	1433648	2482069760.00
2023/07/18	1580.06	1580.99	1567.48	1569.28	1473765	2544005120.00
2023/07/19	1561.49	1574.48	1560.28	1569.48	1248322	2147704320.00
2023/07/20	1574.47	1595.46	1568.48	1570.48	1669265	2897176576.00
2023/07/21	1578.36	1618.98	1572.48	1617.78	3937740	6931535872.00
2023/07/24	1597.00	1617.63	1597.00	1617.63	1971337	3476648192.00
2023/07/25	1646.48	1675.36	1646.47	1675.03	4308646	7837450240.00
2023/07/26	1675.03	1682.47	1661.56	1675.03	1961145	3580171520.00
2023/07/27	1682.48	1701.27	1675.18	1684.51	2034043	3749635328.00
2023/07/28	1678.48	1746.48	1674.49	1743.48	3901792	7330314240.00
2023/07/31	1754.48	1781.48	1720.48	1727.06	4537861	8615279616.00
2023/08/01	1724.49	1753.43	1724.37	1735.48	1923062	3635857408.00
2023/08/02	1729.88	1736.48	1713.28	1726.48	1850872	3478674176.00
2023/08/03	1716.48	1736.48	1696.98	1724.95	2154347	4031087616.00
2023/08/04	1734.30	1753.00	1728.48	1739.95	2457364	4655813632.00
2023/08/07	1727.43	1744.48	1717.51	1734.41	2389245	4491893248.00
2023/08/08	1726.51	1740.19	1710.56	1736.48	1773618	3333559552.00
2023/08/09	1736.48	1751.48	1729.44	1736.76	1852346	3506306304.00
2023/08/10	1728.48	1735.48	1708.78	1721.48	1843619	3454219264.00
2023/08/11	1731.48	1731.88	1680.36	1680.48	2678649	4959166976.00
2023/08/14	1656.48	1671.46	1642.48	1649.48	2373119	4285362176.00
2023/08/15	1655.48	1664.48	1647.49	1659.46	1481799	2682125056.00
2023/08/16	1654.06	1669.83	1652.48	1666.48	1318431	2396261888.00
2023/08/17	1652.56	1680.48	1648.03	1674.53	1729037	3141408000.00
2023/08/18	1678.47	1681.47	1649.07	1649.07	1702334	3084761600.00
2023/08/21	1639.48	1660.47	1636.55	1637.48	1891181	3405415680.00
2023/08/22	1647.47	1649.04	1617.50	1634.48	2665036	4763131392.00
2023/08/23	1643.48	1646.48	1616.56	1620.48	1991222	3556178688.00
2023/08/24	1626.10	1674.48	1621.48	1662.78	2605509	4703417344.00
2023/08/25	1655.27	1684.25	1652.49	1671.46	1883086	3433296640.00
2023/08/28	1745.06	1745.06	1678.36	1681.45	4105213	7633221120.00
2023/08/29	1674.48	1715.56	1674.48	1697.81	2895028	5371260416.00
2023/08/30	1714.38	1714.48	1690.14	1702.48	1981181	3672570368.00
2023/08/31	1706.48	1706.48	1687.49	1693.48	1482022	2738445568.00
2023/09/01	1699.31	1711.95	1692.51	1697.53	1314519	2438622720.00
2023/09/04	1709.08	1726.42	1700.01	1712.48	2387100	4453822976.00
2023/09/05	1714.48	1714.48	1703.28	1705.18	1565874	2915625984.00
2023/09/06	1704.48	1713.14	1695.49	1707.48	1112143	2067606016.00
2023/09/07	1699.08	1703.37	1677.67	1684.48	1698157	3128587008.00
2023/09/08	1681.42	1681.42	1661.43	1664.98	1221178	2224338176.00
2023/09/11	1654.48	1686.48	1654.48	1668.65	1592600	2902617856.00
2023/09/12	1673.08	1673.46	1662.50	1666.44	1216801	2214514176.00
2023/09/13	1676.40	1676.40	1646.53	1666.39	1950143	3540583680.00
2023/09/14	1669.01	1673.46	1652.48	1665.17	1750459	3180447744.00
2023/09/15	1665.48	1666.26	1627.78	1628.47	2843146	5105748992.00
2023/09/18	1622.79	1675.98	1619.48	1675.68	3255892	5905120768.00
2023/09/19	1668.68	1675.48	1654.48	1673.42	1498950	2727858944.00
2023/09/20	1668.48	1676.48	1664.53	1670.48	1250178	2281583872.00
2023/09/21	1664.49	1668.48	1644.87	1644.87	1948919	3521486848.00
2023/09/22	1652.11	1696.44	1638.89	1695.48	3439046	6287832576.00
2023/09/25	1693.98	1694.48	1673.07	1678.86	1397913	2565773568.00
2023/09/26	1674.48	1681.36	1659.58	1662.48	1576196	2870852352.00
2023/09/27	1661.48	1679.98	1649.28	1660.48	2087994	3791876096.00
2023/09/28	1671.46	1671.46	1644.28	1645.03	2053784	3704813056.00
2023/10/09	1643.42	1643.42	1611.38	1623.48	2976268	5279950336.00
2023/10/10	1629.37	1645.46	1614.48	1616.48	2028392	3615557120.00
2023/10/11	1631.13	1631.13	1614.48	1624.98	2194486	3896568576.00
2023/10/12	1644.38	1644.71	1623.68	1632.48	1486507	2657095936.00
2023/10/13	1617.36	1624.49	1584.67	1597.48	2502788	4387687936.00
2023/10/16	1597.46	1602.48	1568.93	1576.38	2078965	3603604736.00
2023/10/17	1585.48	1585.92	1562.48	1572.48	1494523	2577312256.00
2023/10/18	1565.28	1588.48	1563.66	1574.48	2031750	3511987456.00
2023/10/19	1546.48	1546.51	1472.51	1476.48	7349237	12146921472.00
2023/10/20	1476.48	1501.48	1462.73	1491.48	4537601	7421390848.00
2023/10/23	1476.45	1506.48	1468.08	1490.46	2523423	4138279680.00
2023/10/24	1494.48	1499.84	1467.69	1489.43	2986146	4894807552.00
2023/10/25	1516.59	1544.48	1513.50	1523.98	3617898	6075417088.00
2023/10/26	1513.48	1534.48	1508.49	1518.71	2238635	3741418752.00
2023/10/27	1510.48	1538.36	1507.08	1523.19	3426239	5754795520.00
2023/10/30	1515.48	1535.36	1515.48	1527.48	2408642	4050573056.00
2023/10/31	1526.48	1536.48	1514.33	1531.06	1985877	3335804672.00
2023/11/01	1696.48	1696.48	1620.27	1627.47	9314308	16747292672.00
2023/11/02	1641.48	1641.48	1622.54	1625.98	2790764	4982090752.00
2023/11/03	1626.48	1661.37	1620.48	1657.72	3017600	5433116672.00
2023/11/06	1666.48	1670.27	1647.60	1658.48	2552392	4624102400.00
2023/11/07	1651.48	1656.48	1630.56	1637.65	1958159	3511590144.00
2023/11/08	1630.53	1650.28	1629.35	1644.82	1454567	2610041856.00
2023/11/09	1636.59	1645.48	1629.48	1640.59	1280048	2291996928.00
2023/11/10	1627.03	1634.48	1619.58	1622.32	1646557	2928380672.00
2023/11/13	1618.76	1631.36	1603.46	1610.48	1836995	3244573696.00
2023/11/14	1610.48	1621.47	1606.49	1611.75	1281675	2263963904.00
2023/11/15	1625.48	1629.37	1613.48	1619.41	1843486	3271230208.00
2023/11/16	1620.48	1622.48	1606.53	1606.53	1255757	2215937280.00
2023/11/17	1598.48	1605.48	1584.38	1599.90	2171363	3793780992.00
2023/11/20	1601.48	1615.98	1583.14	1608.98	1860804	3265513984.00
2023/11/21	1629.90	1644.48	1616.58	1636.48	3009845	5383107584.00
2023/11/22	1629.78	1640.83	1627.02	1627.99	1266457	2263460096.00
2023/11/23	1624.78	1634.48	1617.48	1632.48	1154964	2055272192.00
2023/11/24	1635.48	1635.48	1621.48	1623.48	1308540	2329345536.00
2023/11/27	1619.78	1619.78	1601.48	1609.48	1626074	2865075200.00
2023/11/28	1607.48	1620.36	1604.48	1615.52	1451976	2562905600.00
2023/11/29	1614.48	1622.48	1604.48	1621.19	1714933	3034175488.00
2023/11/30	1623.20	1641.24	1617.56	1637.98	2135342	3817513472.00
2023/12/01	1635.79	1636.18	1594.48	1606.76	3305131	5830850048.00
2023/12/04	1606.76	1608.31	1591.76	1597.19	1844047	3233102080.00
2023/12/05	1595.26	1595.36	1554.50	1555.48	2990301	5168983552.00
2023/12/06	1549.11	1565.95	1547.61	1549.48	2385129	4078002944.00
2023/12/07	1550.48	1555.56	1533.78	1546.48	2504150	4249170944.00
2023/12/08	1546.48	1555.32	1538.70	1551.40	2628801	4474160128.00
2023/12/11	1536.48	1550.48	1503.48	1544.48	3683098	6172810240.00
2023/12/12	1534.08	1556.47	1530.48	1556.47	2101066	3564305920.00
2023/12/13	1551.70	1552.20	1503.56	1506.48	3878870	6480807424.00
2023/12/14	1512.44	1516.35	1481.50	1482.38	4067215	6703240192.00
2023/12/15	1494.71	1524.25	1490.49	1491.48	3709251	6140791808.00
2023/12/18	1486.48	1509.81	1481.48	1508.48	1989734	3292194816.00
2023/12/19	1511.48	1526.35	1491.57	1521.48	2220676	3706057472.00
2023/12/20	1523.59	1525.59	1508.59	1515.38	2309203	3816133120.00
2023/12/21	1505.60	1537.91	1505.60	1535.59	2901168	4827827712.00
2023/12/22	1535.29	1544.69	1523.60	1536.24	2166684	3613238272.00
2023/12/25	1536.59	1544.19	1533.59	1537.59	1247106	2086014336.00
2023/12/26	1538.09	1540.49	1523.09	1535.59	1477126	2457177344.00
2023/12/27	1533.59	1542.74	1526.59	1532.65	1605550	2679221248.00
2023/12/28	1536.58	1593.58	1532.65	1590.58	3833806	6537401344.00
2023/12/29	1585.59	1615.17	1585.59	1591.59	2753868	4768857600.00
2024/01/02	1580.59	1583.78	1543.69	1550.60	3215644	5440082432.00
2024/01/03	1546.70	1560.81	1541.92	1559.59	2022929	3411400704.00
2024/01/04	1558.59	1558.59	1528.52	1534.59	2155107	3603970048.00
2024/01/05	1526.92	1544.25	1517.70	1528.95	2024286	3373155584.00
2024/01/08	1526.59	1527.59	1505.60	1509.58	2558620	4211918592.00
2024/01/09	1506.60	1517.91	1500.66	1506.59	2441204	4009826560.00
2024/01/10	1506.69	1525.05	1503.59	1507.09	1735067	2856120832.00
2024/01/11	1505.69	1523.53	1503.65	1512.16	1644055	2708764416.00
2024/01/12	1505.56	1516.85	1504.99	1508.65	1160324	1908084608.00
2024/01/15	1500.59	1520.56	1500.04	1505.59	1785403	2931202304.00
2024/01/16	1504.09	1512.59	1490.53	1505.02	2590314	4236043008.00
2024/01/17	1495.59	1501.07	1442.59	1442.59	5163276	8251735552.00
2024/01/18	1439.59	1478.39	1421.14	1476.46	6043981	9566349312.00
2024/01/19	1474.46	1503.60	1466.47	1500.59	4637843	7550144512.00
2024/01/22	1494.59	1508.59	1484.47	1507.59	4694589	7678297600.00
2024/01/23	1497.60	1505.54	1474.59	1484.59	3483490	5659457024.00
2024/01/24	1494.59	1499.43	1469.15	1491.59	3321635	5373603840.00
2024/01/25	1492.41	1506.59	1487.59	1503.59	3120580	5094508032.00
2024/01/26	1495.95	1509.69	1488.59	1502.91	2695475	4402112000.00
2024/01/29	1505.89	1526.17	1505.88	1515.59	3142068	5189015040.00
2024/01/30	1515.57	1515.57	1475.59	1478.59	3086633	5010784256.00
2024/01/31	1478.59	1485.56	1463.72	1470.50	2964912	4770104832.00
2024/02/01	1471.09	1489.48	1466.59	1475.62	2648515	4272298496.00
2024/02/02	1480.59	1493.37	1446.59	1461.59	3938202	6336691200.00
2024/02/05	1461.59	1503.03	1460.84	1495.60	5313036	8590683136.00
2024/02/06	1495.60	1551.07	1491.69	1541.59	5247204	8740646912.00
2024/02/07	1546.62	1580.18	1527.20	1576.58	5260107	8899606528.00
2024/02/08	1585.60	1590.59	1550.59	1571.59	4675654	7953438208.00
2024/02/19	1603.46	1603.52	1553.59	1561.02	3697744	6288278016.00
2024/02/20	1562.95	1562.95	1522.15	1535.59	3447007	5755267072.00
2024/02/21	1531.61	1596.59	1527.59	1583.25	4615407	7868784128.00
2024/02/22	1573.09	1588.60	1566.12	1583.97	2279361	3905984768.00
2024/02/23	1576.70	1589.97	1565.61	1579.68	2730589	4670707200.00
2024/02/26	1573.59	1574.33	1550.61	1560.57	2731832	4625594368.00
2024/02/27	1548.59	1558.51	1543.59	1555.09	2207985	3718478336.00
2024/02/28	1554.51	1562.16	1539.60	1547.14	3186731	5371312640.00
2024/02/29	1547.14	1562.09	1544.79	1560.59	2475833	4184918016.00
2024/03/01	1555.59	1560.56	1542.27	1550.65	2686796	4526845440.00
2024/03/04	1544.59	1546.58	1535.64	1541.89	2648477	4434400768.00
2024/03/05	1536.40	1562.59	1532.27	1560.69	3623837	6102136832.00
2024/03/06	1556.59	1560.59	1543.61	1546.14	2214248	3725582848.00
2024/03/07	1545.59	1555.39	1543.59	1549.22	2159912	3633934848.00
2024/03/08	1546.15	1552.27	1535.64	1537.02	2215623	3710678528.00
2024/03/11	1540.59	1564.47	1538.77	1560.08	2989509	5048394240.00
2024/03/12	1559.53	1614.69	1556.09	1610.59	5422654	9393308672.00
2024/03/13	1605.56	1613.59	1585.69	1593.04	2649954	4588879360.00
2024/03/14	1584.59	1600.43	1577.09	1582.22	1940479	3338768384.00
2024/03/15	1578.09	1597.99	1577.59	1583.08	1783358	3066692352.00
2024/03/18	1580.59	1585.44	1564.59	1573.85	2605501	4446059008.00
2024/03/19	1568.59	1585.53	1558.70	1573.61	2394753	4093701376.00
2024/03/20	1568.95	1579.27	1565.82	1575.19	1524925	2604543744.00
2024/03/21	1573.69	1584.59	1570.09	1574.59	1659597	2839332608.00
2024/03/22	1570.62	1574.58	1553.59	1566.94	2545614	4318593024.00
2024/03/25	1564.13	1564.36	1546.17	1554.60	2447285	4131446272.00
2024/03/26	1553.05	1578.39	1553.05	1574.88	2806907	4782899200.00
2024/03/27	1570.59	1577.59	1564.59	1566.59	1811258	3087792896.00
2024/03/28	1560.59	1583.59	1558.79	1567.23	2464218	4201857024.00
2024/03/29	1567.23	1576.58	1563.69	1568.49	1345655	2290584320.00
2024/04/01	1575.58	1599.59	1574.29	1586.92	2713137	4679371264.00
2024/04/02	1587.59	1590.58	1570.64	1579.58	2544925	4360973824.00
2024/04/03	1599.59	1605.03	1575.61	1580.70	2904580	5002390016.00
2024/04/08	1560.59	1561.59	1528.19	1532.25	5916659	9907355648.00
2024/04/09	1526.26	1538.59	1524.04	1527.81	2558982	4256226304.00
2024/04/10	1527.86	1530.58	1510.59	1513.57	2763050	4562853888.00
2024/04/11	1505.70	1515.59	1500.28	1513.59	2276624	3736417536.00
2024/04/12	1516.59	1529.59	1499.62	1499.62	2674433	4403968000.00
2024/04/15	1500.60	1541.20	1500.57	1538.57	3581771	5960815616.00
2024/04/16	1531.08	1545.15	1524.59	1535.59	2626623	4382796800.00
2024/04/17	1533.59	1540.79	1523.59	1532.59	2481911	4130321920.00
2024/04/18	1524.60	1548.57	1523.77	1536.37	2656841	4445487616.00
2024/04/19	1526.37	1534.09	1506.87	1512.23	2349992	3879233280.00
2024/04/22	1519.59	1544.47	1510.59	1540.65	2995139	5001684480.00
2024/04/23	1540.59	1560.59	1540.59	1557.87	2497995	4217855232.00
2024/04/24	1562.57	1565.50	1548.92	1559.19	1708643	2893555712.00
2024/04/25	1555.92	1561.19	1547.84	1558.63	1447648	2447183872.00
2024/04/26	1559.59	1579.59	1559.57	1575.02	3099592	5290248704.00
2024/04/29	1562.54	1593.59	1559.41	1569.59	4133223	7072096768.00
2024/04/30	1570.60	1595.47	1570.59	1570.59	3075989	5273902592.00
2024/05/06	1599.56	1630.59	1592.59	1625.79	5990949	10504351744.00
2024/05/07	1631.38	1643.39	1622.27	1635.59	2492452	4413196288.00
2024/05/08	1635.28	1635.56	1621.26	1629.56	1476909	2603293952.00
2024/05/09	1623.59	1630.57	1615.59	1621.59	2238734	3929804800.00
2024/05/10	1626.69	1633.47	1599.58	1604.57	2620661	4571398144.00
2024/05/13	1597.61	1598.25	1566.81	1571.59	3766212	6435415552.00
2024/05/14	1571.58	1578.86	1565.60	1567.57	2127417	3623282688.00
2024/05/15	1568.17	1573.59	1564.18	1565.59	1573876	2677202944.00
2024/05/16	1570.59	1575.47	1555.59	1570.09	2967954	5048754688.00
2024/05/17	1565.60	1582.17	1565.59	1580.59	2892388	4936920576.00
2024/05/20	1583.58	1598.58	1573.70	1574.59	3142572	5401389568.00
2024/05/21	1573.59	1575.32	1563.75	1570.59	1629339	2776847616.00
2024/05/22	1568.59	1575.55	1556.59	1563.30	2028568	3443977728.00
2024/05/23	1565.59	1571.97	1555.67	1557.60	1888497	3199923200.00
2024/05/24	1558.59	1560.59	1542.59	1542.67	2021663	3401324032.00
2024/05/27	1543.59	1553.04	1533.60	1535.71	2509791	4199001856.00
2024/05/28	1535.99	1540.76	1528.59	1530.23	2352087	3923020288.00
2024/05/29	1531.59	1545.59	1530.59	1539.59	1965128	3289173248.00
2024/05/30	1540.59	1540.97	1514.59	1514.59	3220792	5333306880.00
2024/05/31	1516.09	1529.09	1514.04	1514.04	2185665	3617654784.00
2024/06/03	1515.59	1516.51	1500.70	1504.98	3026105	4966041600.00
2024/06/04	1506.09	1521.59	1502.14	1518.79	2084108	3432497408.00
2024/06/05	1517.59	1524.27	1508.62	1509.59	1905557	3140824320.00
2024/06/06	1509.25	1517.58	1501.50	1505.40	2561005	4205700864.00
2024/06/07	1511.72	1511.77	1484.60	1484.77	3352455	5453120512.00
2024/06/11	1468.58	1470.59	1432.59	1434.59	7024676	11090577408.00
2024/06/12	1435.59	1455.59	1435.59	1437.27	3317050	5230086656.00
2024/06/13	1442.36	1442.48	1418.74	1420.60	3618597	5654939136.00
2024/06/14	1420.59	1429.55	1386.05	1420.59	5951416	9177636864.00
2024/06/17	1397.88	1414.36	1376.60	1407.09	4831816	7400883200.00
2024/06/18	1396.48	1420.13	1382.27	1387.09	4125825	6317591040.00
2024/06/19	1394.45	1400.46	1378.56	1397.46	4126153	6167728640.00
2024/06/20	1396.46	1412.47	1394.46	1396.56	2471068	3715924992.00
2024/06/21	1396.96	1401.44	1366.68	1367.46	4331997	6418543616.00
2024/06/24	1319.46	1385.45	1310.47	1373.01	6383993	9319362560.00
2024/06/25	1373.46	1399.45	1373.46	1383.11	4209795	6273919488.00
2024/06/26	1376.46	1397.53	1374.26	1385.68	2956977	4414601728.00
2024/06/27	1388.46	1390.43	1364.46	1386.95	3282178	4857959424.00
2024/06/28	1376.46	1390.95	1360.46	1363.85	3858202	5699649024.00
2024/07/01	1365.34	1369.45	1324.46	1336.84	3216138	4636688896.00
2024/07/02	1329.46	1394.46	1329.46	1387.16	5185298	7659166720.00
2024/07/03	1395.46	1409.47	1384.48	1396.46	3157326	4740808192.00
2024/07/04	1401.46	1408.46	1377.59	1382.20	2437973	3637968896.00
2024/07/05	1375.46	1389.64	1346.46	1349.46	3882938	5664477184.00
2024/07/08	1339.46	1354.23	1315.60	1316.46	3952705	5657951232.00
2024/07/09	1316.46	1351.35	1306.56	1334.49	3362071	4807958016.00
2024/07/10	1335.71	1362.34	1331.46	1334.05	2376322	3436693248.00
2024/07/11	1346.43	1365.46	1336.67	1358.55	2902014	4236960512.00
2024/07/12	1369.47	1382.86	1361.91	1375.28	2338634	3451132672.00
2024/07/15	1366.46	1384.46	1366.46	1371.36	1917626	2835374848.00
2024/07/16	1372.46	1378.46	1361.51	1372.46	2031644	2998367232.00
2024/07/17	1372.56	1399.46	1366.48	1397.86	3431101	5115680768.00
2024/07/18	1395.96	1411.46	1388.99	1393.97	2887039	4337214464.00
2024/07/19	1387.27	1425.64	1380.47	1422.08	3894291	5888614912.00
2024/07/22	1421.49	1426.44	1388.11	1395.46	2854321	4300813312.00
2024/07/23	1395.46	1397.46	1351.46	1351.46	3094396	4555460096.00
2024/07/24	1346.66	1360.16	1331.46	1336.48	2412255	3490201088.00
2024/07/25	1336.48	1344.46	1316.47	1326.95	2834656	4054086656.00
2024/07/26	1326.95	1334.18	1307.36	1318.65	3235379	4594928640.00
2024/07/29	1311.46	1318.45	1294.46	1294.48	3086907	4342609920.00
2024/07/30	1282.44	1286.73	1257.76	1276.45	5177904	7103491584.00
2024/07/31	1269.56	1323.73	1269.56	1317.74	4327232	6098149888.00
2024/08/01	1314.46	1316.46	1281.16	1282.62	3203810	4470988288.00
2024/08/02	1270.06	1293.43	1270.06	1281.91	2192769	3041726464.00
2024/08/05	1285.34	1322.46	1281.98	1306.47	3773607	5327127040.00
2024/08/06	1318.46	1320.46	1290.47	1301.16	2744433	3860734976.00
2024/08/07	1301.96	1318.45	1294.76	1311.96	2062221	2910580736.00
2024/08/08	1307.46	1344.64	1305.46	1327.15	2513082	3592705536.00
2024/08/09	1356.49	1365.46	1333.26	1333.26	3013849	4368705536.00
2024/08/12	1326.46	1339.46	1323.04	1332.56	1363203	1956573440.00
2024/08/13	1329.46	1331.46	1308.47	1319.47	1630843	2317037824.00
2024/08/14	1319.47	1321.36	1308.48	1309.76	1341431	1898377472.00
2024/08/15	1301.49	1332.45	1300.41	1323.35	2303897	3275699456.00
2024/08/16	1323.25	1332.38	1313.47	1327.66	1645470	2349825792.00
2024/08/19	1328.46	1355.34	1321.46	1321.90	2043279	2942106368.00
2024/08/20	1326.36	1326.39	1310.46	1319.18	1859138	2644814336.00
2024/08/21	1316.46	1324.44	1312.15	1314.04	1509165	2144746496.00
2024/08/22	1312.46	1316.46	1296.47	1306.51	1952729	2750867968.00
2024/08/23	1304.46	1319.96	1302.58	1311.45	1532046	2166499328.00
2024/08/26	1313.46	1320.32	1299.61	1308.46	1562841	2207595520.00
2024/08/27	1308.46	1309.46	1297.57	1300.53	1365740	1920770560.00
2024/08/28	1300.53	1302.46	1271.46	1285.46	3166351	4388025856.00
2024/08/29	1276.46	1314.46	1276.46	1309.76	2747161	3864270592.00
2024/08/30	1309.46	1354.53	1301.46	1339.65	3873923	5576118784.00
2024/09/02	1326.46	1334.46	1291.46	1291.46	3413459	4801050112.00
2024/09/03	1294.46	1311.44	1289.48	1306.46	1788760	2516125952.00
2024/09/04	1298.46	1315.65	1296.20	1296.46	1421109	1995221376.00
2024/09/05	1296.96	1303.46	1293.46	1301.34	1450295	2033680896.00
2024/09/06	1301.46	1302.46	1294.46	1294.46	1032104	1445537280.00
2024/09/09	1276.47	1290.17	1266.54	1271.46	2863755	3950086912.00
2024/09/10	1266.48	1289.46	1266.48	1274.46	1980284	2737295616.00
2024/09/11	1272.06	1282.34	1261.46	1276.46	2099577	2892932864.00
2024/09/12	1276.46	1281.46	1231.37	1231.52	4794831	6482444800.00
2024/09/13	1227.46	1228.46	1193.76	1200.59	5600511	7329376768.00
2024/09/18	1196.46	1196.47	1163.12	1163.36	4618531	5895947776.00
2024/09/19	1158.46	1189.34	1142.29	1157.46	5998821	7623739904.00
2024/09/20	1157.96	1170.36	1146.49	1160.38	3998184	5038508032.00
2024/09/23	1164.46	1189.96	1157.12	1158.00	4554969	5809791488.00
2024/09/24	1181.55	1269.46	1161.55	1269.06	10041281	13297277952.00
2024/09/25	1296.51	1323.46	1293.17	1295.46	7395380	10420109312.00
2024/09/26	1296.42	1426.33	1292.46	1425.46	9727806	14269262848.00
2024/09/27	1496.46	1525.66	1461.82	1525.66	8792167	14050260992.00
2024/09/30	1588.46	1656.34	1548.46	1644.46	15729341	26982746112.00
2024/10/08	1806.46	1806.46	1576.64	1619.46	19470947	35114074112.00
2024/10/09	1596.46	1596.46	1486.46	1491.61	12019684	19708432384.00
2024/10/10	1518.72	1564.54	1487.46	1536.46	7460342	12198964224.00
2024/10/11	1511.86	1536.42	1486.46	1501.45	4191471	6764982784.00
2024/10/14	1509.46	1517.09	1477.63	1498.45	4481202	7181350912.00
2024/10/15	1495.46	1497.45	1449.47	1450.71	4357143	6884142080.00
2024/10/16	1437.34	1446.26	1406.46	1418.96	4666440	7140169728.00
2024/10/17	1433.46	1434.12	1389.87	1391.06	3945955	5964779008.00
2024/10/18	1389.46	1464.30	1375.42	1437.46	6861930	10418043904.00
2024/10/21	1437.67	1446.43	1417.67	1425.26	4200790	6433918464.00
2024/10/22	1423.02	1456.64	1420.66	1439.46	3626913	5607826432.00
2024/10/23	1440.57	1473.41	1428.46	1463.96	4008846	6259599872.00
2024/10/24	1457.46	1471.46	1441.47	1448.66	2392280	3723973120.00
2024/10/25	1443.46	1471.25	1442.47	1455.31	2774508	4328271360.00
2024/10/28	1456.46	1461.46	1418.69	1461.46	3912140	6064453632.00
2024/10/29	1456.46	1476.46	1426.46	1428.08	4116578	6368105472.00
2024/10/30	1421.46	1447.65	1419.87	1428.46	3200574	4913176064.00
2024/10/31	1428.61	1436.46	1416.46	1424.25	2995735	4575545344.00
2024/11/01	1417.46	1441.59	1417.26	1430.21	3228392	4954302464.00
2024/11/04	1441.39	1446.46	1424.52	1444.66	2909292	4481761792.00
2024/11/05	1436.46	1474.16	1432.47	1473.45	4564047	7134443520.00
2024/11/06	1471.46	1485.45	1457.68	1467.46	3763143	5916917760.00
2024/11/07	1458.92	1549.96	1458.76	1545.60	7473872	12074951680.00
2024/11/08	1557.35	1563.57	1497.47	1506.43	6077120	9885645824.00
2024/11/11	1486.46	1506.41	1463.65	1494.47	4385365	6957095424.00
2024/11/12	1485.46	1519.46	1470.41	1473.66	4922266	7844798464.00
2024/11/13	1464.46	1483.12	1457.74	1474.96	2912526	4594444800.00
2024/11/14	1466.46	1490.91	1462.11	1470.26	2924814	4617144320.00
2024/11/15	1465.46	1480.26	1449.46	1455.46	3376112	5295326720.00
2024/11/18	1458.46	1472.45	1451.46	1455.46	2709219	4237197568.00
2024/11/19	1461.46	1465.83	1421.46	1438.38	3326643	5138831360.00
2024/11/20	1439.46	1450.43	1427.76	1441.27	2134455	3292675328.00
2024/11/21	1440.33	1445.45	1428.46	1441.59	1826179	2810933504.00
2024/11/22	1437.61	1444.23	1404.28	1404.28	3343611	5107289088.00
2024/11/25	1407.46	1428.46	1393.13	1395.03	3318556	5011136000.00
2024/11/26	1395.03	1415.34	1385.34	1405.46	2574479	3876886016.00
2024/11/27	1405.46	1418.61	1401.46	1415.51	2593417	3927607808.00
2024/11/28	1418.46	1421.45	1398.46	1414.46	2395203	3627662336.00
2024/11/29	1413.46	1451.46	1409.67	1422.20	3608810	5534035456.00
2024/12/02	1422.46	1426.45	1411.56	1421.46	2681954	4086609920.00
2024/12/03	1420.46	1425.36	1412.54	1423.20	2480662	3777197312.00
2024/12/04	1416.53	1420.12	1406.46	1416.46	2392389	3626565632.00
2024/12/05	1407.32	1414.32	1406.46	1407.46	1614147	2441318400.00
2024/12/06	1409.46	1435.36	1404.53	1417.47	3203969	4883148800.00
2024/12/09	1418.48	1426.18	1409.66	1415.26	1979986	3008173568.00
2024/12/10	1466.46	1476.19	1441.64	1443.05	6031210	9421340672.00
2024/12/11	1436.46	1451.46	1427.44	1432.06	2967112	4569662464.00
2024/12/12	1428.48	1462.46	1425.46	1462.26	4193652	6510547968.00
2024/12/13	1446.47	1451.45	1415.34	1415.46	4951197	7580908544.00
2024/12/16	1417.46	1425.46	1407.17	1423.66	3253710	4945298944.00
2024/12/17	1422.45	1465.46	1417.47	1454.46	5417163	8398945280.00
2024/12/18	1454.43	1473.46	1443.56	1467.96	4116226	6440801792.00
2024/12/19	1461.60	1464.39	1446.79	1447.47	2480932	3862602752.00
2024/12/20	1451.48	1462.15	1440.37	1442.35	2815774	4307425280.00
2024/12/23	1443.35	1458.35	1437.35	1446.80	2160269	3300971520.00
2024/12/24	1445.35	1464.35	1441.94	1459.17	2210492	3394160384.00
2024/12/25	1459.15	1459.15	1446.45	1450.35	1712339	2621061888.00
2024/12/26	1454.35	1459.13	1443.35	1448.14	1828651	2798840064.00
2024/12/27	1449.25	1456.35	1439.85	1449.32	2075932	3170191360.00
2024/12/30	1454.32	1464.31	1445.35	1445.35	2512982	3849542656.00
2024/12/31	1445.75	1465.35	1442.36	1444.35	3935445	6033540608.00
2025/01/02	1444.35	1444.84	1400.35	1408.35	5002870	7490883584.00
2025/01/03	1414.85	1415.34	1387.36	1395.35	3262836	4836610048.00
2025/01/06	1373.35	1383.01	1353.15	1360.35	4425512	6392479744.00
2025/01/07	1365.01	1372.24	1359.35	1360.55	2422118	3494634240.00
2025/01/08	1360.35	1372.17	1347.01	1362.85	3525821	5071821312.00
2025/01/09	1369.34	1384.93	1353.33	1364.35	2970565	4295852544.00
2025/01/10	1367.45	1372.30	1356.35	1356.35	2187195	3154677504.00
2025/01/13	1345.35	1364.79	1342.36	1364.33	2108251	3030806784.00
2025/01/14	1365.30	1399.03	1362.35	1392.85	3095657	4535651328.00
2025/01/15	1387.35	1394.95	1380.36	1391.62	1839934	2701518592.00
2025/01/16	1394.35	1403.01	1362.35	1366.73	2634213	3840411392.00
2025/01/17	1366.74	1381.35	1366.73	1375.10	1830894	2663227392.00
2025/01/20	1381.35	1410.14	1380.35	1395.15	3140975	4647626240.00
2025/01/21	1401.35	1402.35	1385.35	1388.50	1685604	2481821184.00
2025/01/22	1383.62	1388.30	1358.35	1361.35	2829384	4088101632.00
2025/01/23	1370.32	1388.35	1358.35	1363.35	2712504	3932700928.00
2025/01/24	1362.35	1368.14	1350.66	1356.35	3136034	4515322880.00
2025/01/27	1357.35	1364.32	1347.37	1355.34	2935646	4213534464.00
2025/02/05	1360.35	1363.35	1322.56	1324.15	4075652	5753730048.00
2025/02/06	1320.36	1342.34	1320.36	1333.19	2735582	3859568128.00
2025/02/07	1334.03	1363.03	1323.76	1356.35	3724207	5310850560.00
2025/02/10	1358.35	1360.35	1347.44	1351.86	2083979	2988101632.00
2025/02/11	1355.30	1356.31	1336.25	1338.35	2357283	3348668928.00
2025/02/12	1338.35	1365.35	1337.23	1363.35	2547579	3644170496.00
2025/02/13	1363.37	1395.60	1354.86	1385.41	4338536	6335985664.00
2025/02/14	1385.41	1397.35	1378.57	1395.35	2709992	3978694144.00
2025/02/17	1401.35	1415.33	1387.45	1391.97	3247059	4804663808.00
2025/02/18	1390.35	1413.34	1382.43	1395.35	2779992	4113845504.00
2025/02/19	1395.40	1414.79	1385.25	1411.35	3239331	4803378688.00
2025/02/20	1403.35	1412.32	1393.74	1394.35	2374973	3513552896.00
2025/02/21	1400.35	1417.08	1393.36	1408.56	3641783	5418169344.00
2025/02/24	1408.35	1419.87	1394.35	1399.42	3474373	5157907456.00
2025/02/25	1390.36	1393.74	1372.35	1374.35	2838743	4142814464.00
2025/02/26	1375.80	1385.31	1365.35	1380.36	2636609	3835949056.00
2025/02/27	1380.37	1410.25	1374.35	1405.91	4976217	7368002560.00
2025/02/28	1405.85	1448.73	1402.35	1421.14	5612895	8475738112.00
2025/03/03	1422.95	1441.34	1401.85	1407.37	3159566	4736679936.00
2025/03/04	1405.35	1406.35	1385.56	1390.46	2521121	3710675968.00
2025/03/05	1392.35	1394.35	1380.45	1386.72	2460522	3606932224.00
2025/03/06	1394.35	1430.55	1392.43	1426.33	4216764	6297117184.00
2025/03/07	1423.35	1448.71	1423.35	1441.35	3799135	5760608768.00
2025/03/10	1440.16	1447.23	1426.49	1443.25	3136907	4758789120.00
2025/03/11	1437.35	1469.03	1432.35	1469.03	3977560	6094007808.00
2025/03/12	1467.31	1470.03	1446.70	1462.93	2960396	4552923648.00
2025/03/13	1464.35	1475.85	1451.23	1458.12	2572439	3966369280.00
2025/03/14	1468.01	1548.36	1461.35	1548.36	9291315	14882842624.00
2025/03/17	1577.35	1578.34	1547.23	1558.21	5468913	8985139200.00
2025/03/18	1565.39	1572.35	1542.05	1544.35	3161345	5153210368.00
2025/03/19	1544.64	1568.35	1543.35	1556.06	2738955	4477128704.00
2025/03/20	1556.06	1557.95	1515.42	1524.35	3673677	5903879168.00
2025/03/21	1519.35	1532.55	1489.18	1494.10	3361430	5324973056.00
2025/03/24	1490.35	1510.01	1482.73	1503.35	2556585	4032223488.00
2025/03/25	1508.35	1513.15	1487.01	1495.85	1767438	2783286784.00
2025/03/26	1493.12	1502.93	1491.35	1496.35	1432356	2257639680.00
2025/03/27	1496.35	1518.60	1493.73	1509.35	1795563	2848889088.00
2025/03/28	1511.28	1513.35	1496.35	1505.56	1622789	2569469952.00
2025/03/31	1501.33	1507.31	1480.41	1481.35	2108494	3311857664.00
2025/04/01	1484.35	1490.24	1472.56	1476.37	1855644	2893740032.00
2025/04/02	1478.35	1488.15	1465.85	1469.37	2167401	3371883008.00
2025/04/03	1450.35	1506.35	1449.36	1489.23	3548050	5557442048.00
2025/04/07	1440.36	1457.20	1382.35	1420.35	10195267	15314738176.00
2025/04/08	1433.35	1465.35	1415.35	1465.35	7387649	11226977280.00
2025/04/09	1445.37	1477.15	1440.90	1461.39	5563004	8562928128.00
2025/04/10	1471.34	1475.35	1448.35	1469.35	3862021	5963650560.00
2025/04/11	1500.32	1500.32	1465.35	1489.33	3263423	5087360000.00
2025/04/14	1481.32	1486.35	1471.88	1472.34	2171144	3379425536.00
2025/04/15	1472.35	1485.35	1465.35	1478.35	2148928	3339942656.00
2025/04/16	1472.35	1496.35	1457.35	1479.52	3115605	4834880512.00
2025/04/17	1474.35	1496.85	1470.34	1490.35	2384605	3733924864.00
2025/04/18	1486.35	1495.35	1476.35	1486.29	2029848	3179974400.00
2025/04/21	1485.85	1485.85	1471.35	1471.35	1805703	2808158208.00
2025/04/22	1470.35	1476.65	1463.56	1469.15	1843214	2857526016.00
2025/04/23	1479.35	1479.57	1465.35	1472.35	1866876	2895468800.00
2025/04/24	1472.35	1481.03	1469.33	1472.60	1487181	2313372160.00
2025/04/25	1477.45	1481.55	1470.35	1470.35	1476490	2295029760.00
2025/04/28	1472.35	1475.35	1466.95	1470.35	1465972	2274252544.00
2025/04/29	1470.35	1472.89	1452.37	1464.35	1892180	2917422848.00
2025/04/30	1470.34	1487.01	1466.65	1467.35	2575425	4005439488.00
2025/05/06	1479.35	1479.35	1464.68	1470.55	1830026	2838614272.00
2025/05/07	1490.35	1490.35	1470.55	1475.35	2746221	4275142656.00
2025/05/08	1473.35	1513.13	1470.18	1498.54	3348106	5265446400.00
2025/05/09	1499.34	1517.80	1495.40	1511.53	2367190	3757574656.00
2025/05/12	1518.35	1539.28	1516.96	1524.85	2473533	3967785728.00
2025/05/13	1529.27	1529.27	1505.46	1510.65	2125829	3386617856.00
2025/05/14	1510.35	1565.35	1508.53	1555.34	3946012	6394735104.00
2025/05/15	1555.15	1563.94	1544.48	1552.36	2473285	4043402752.00
2025/05/16	1554.34	1557.34	1534.48	1534.48	2293522	3714508544.00
2025/05/19	1516.35	1520.35	1494.23	1499.33	3806283	6021949952.00
2025/05/20	1500.35	1515.15	1495.45	1506.35	1952153	3095742720.00
2025/05/21	1505.35	1516.29	1501.32	1501.32	1979464	3143941376.00
2025/05/22	1501.34	1505.34	1490.45	1500.35	1509024	2381236480.00
2025/05/23	1495.55	1508.25	1492.01	1492.95	2153700	3399425024.00
2025/05/26	1490.35	1494.98	1465.35	1470.85	2708653	4212944384.00
2025/05/27	1471.35	1478.95	1463.86	1464.25	1775213	2748945664.00
2025/05/28	1464.34	1466.81	1453.35	1457.35	1626568	2504624640.00
2025/05/29	1460.35	1475.35	1452.35	1460.35	2185958	3375465728.00
2025/05/30	1460.50	1465.35	1435.59	1442.35	3123918	4764875776.00
2025/06/03	1428.36	1439.35	1425.37	1429.35	2897918	4377892864.00
2025/06/04	1430.85	1443.35	1429.57	1430.31	2300809	3480363776.00
2025/06/05	1434.35	1436.35	1422.55	1434.35	2321366	3504925440.00
2025/06/06	1434.15	1439.32	1423.35	1426.74	2502307	3777727488.00
2025/06/09	1425.37	1429.05	1406.03	1406.46	4495867	6723838976.00
2025/06/10	1406.35	1412.35	1395.15	1395.36	3049220	4511934464.00
2025/06/11	1397.15	1414.35	1396.45	1400.35	3089282	4585522688.00
2025/06/12	1400.35	1404.22	1374.45	1379.35	4990361	7306800640.00
2025/06/13	1364.76	1370.32	1345.41	1347.30	5911325	8466515456.00
2025/06/16	1321.55	1345.39	1321.53	1342.64	4288787	6060448256.00
2025/06/17	1340.35	1347.35	1332.53	1347.35	2723151	3868364544.00
2025/06/18	1360.35	1363.79	1341.36	1345.35	3076099	4404131328.00
2025/06/19	1346.35	1354.02	1337.53	1346.35	2450072	3490268672.00
2025/06/20	1343.93	1361.49	1340.55	1349.01	3481581	4990683136.00
2025/06/23	1340.35	1353.35	1325.53	1340.35	2672331	3794012416.00
2025/06/24	1343.70	1372.03	1343.70	1357.55	3631151	5229183488.00
2025/06/25	1359.46	1369.55	1340.86	1356.21	4105007	5869292032.00
2025/06/26	1363.02	1376.02	1358.10	1368.02	3486025	4955829760.00
2025/06/27	1368.03	1371.02	1351.11	1351.11	3824973	5404312576.00
2025/06/30	1351.52	1361.25	1350.02	1357.54	3045730	4287373568.00
2025/07/01	1357.02	1359.96	1351.33	1353.12	1987819	2794423296.00
2025/07/02	1357.52	1362.82	1348.02	1357.62	2621825	3689246208.00
2025/07/03	1360.02	1370.71	1356.02	1363.62	2441267	3456732928.00
2025/07/04	1363.72	1379.91	1358.03	1370.24	2876691	4086547200.00
2025/07/07	1370.30	1371.52	1358.03	1358.72	2385467	3370562560.00
2025/07/08	1358.73	1368.02	1358.72	1364.13	1867370	2643302656.00
2025/07/09	1363.02	1377.99	1362.19	1366.90	2774532	3950810624.00
2025/07/10	1366.99	1384.20	1358.42	1374.52	3872503	5503329792.00
2025/07/11	1371.18	1406.02	1371.18	1375.02	5724335	8239010304.00
2025/07/14	1378.02	1383.00	1369.62	1371.62	2778094	3961735936.00
2025/07/15	1369.00	1370.95	1356.34	1359.02	3540578	5005150208.00
2025/07/16	1358.03	1365.51	1357.97	1359.05	2128605	3006882560.00
2025/07/17	1362.00	1371.03	1360.90	1364.37	2310554	3273100288.00
2025/07/18	1368.02	1385.83	1364.40	1385.02	4182341	5984949760.00
2025/07/21	1385.01	1394.82	1383.02	1391.02	2620331	3779891712.00
2025/07/22	1392.02	1414.62	1388.70	1413.00	4211898	6127636992.00
2025/07/23	1417.02	1443.02	1416.97	1423.52	4504484	6676301312.00
2025/07/24	1424.02	1447.02	1423.02	1439.52	3880364	5786337280.00
2025/07/25	1439.42	1439.42	1401.02	1403.02	4191126	6140078592.00
2025/07/28	1401.02	1403.01	1384.32	1386.68	3858632	5560966144.00
2025/07/29	1387.62	1396.81	1383.03	1387.02	2630408	3785848064.00
2025/07/30	1392.02	1405.18	1385.02	1397.46	3186771	4612882944.00
2025/07/31	1391.02	1392.89	1366.02	1369.69	5179751	7386302976.00
2025/08/01	1369.89	1373.98	1362.02	1365.02	2963559	4200850688.00
2025/08/04	1363.02	1367.82	1362.02	1367.02	1868795	2647105792.00
2025/08/05	1369.02	1377.96	1365.13	1375.76	2534227	3607931392.00
2025/08/06	1377.02	1377.02	1367.32	1371.90	2369928	3372334848.00
2025/08/07	1371.90	1375.72	1368.08	1370.37	2800134	3988765696.00
2025/08/08	1371.07	1374.52	1366.02	1368.99	1865528	2651478016.00
2025/08/11	1371.52	1400.01	1371.02	1393.02	4715907	6794034176.00
2025/08/12	1397.02	1413.09	1384.02	1385.06	4201923	6095342080.00
2025/08/13	1373.02	1381.70	1368.02	1368.07	6552754	9325460480.00
2025/08/14	1368.96	1395.53	1368.96	1375.01	4812930	6897535488.00
2025/08/15	1374.03	1376.68	1368.24	1370.10	4758165	6772436992.00
2025/08/18	1375.01	1384.66	1371.12	1376.52	4737798	6773477888.00
2025/08/19	1381.52	1394.68	1380.02	1386.02	4637186	6678540800.00
2025/08/20	1386.02	1400.82	1378.04	1398.02	4580466	6623095808.00
2025/08/21	1401.47	1403.01	1391.67	1396.27	3089057	4470441472.00
2025/08/22	1396.90	1412.02	1392.79	1411.97	4497058	6544867328.00
2025/08/25	1418.03	1444.02	1414.02	1438.35	6532455	9676719104.00
2025/08/26	1438.34	1442.25	1428.03	1429.63	3960213	5883916800.00
2025/08/27	1429.90	1432.95	1396.02	1396.02	5600609	8184168960.00
2025/08/28	1395.99	1404.12	1386.79	1394.12	3928177	5683673088.00
2025/08/29	1401.02	1430.60	1400.02	1428.02	6225648	9159701504.00
2025/09/01	1430.22	1436.02	1413.72	1424.12	4512338	6658918400.00
2025/09/02	1426.68	1457.02	1426.02	1439.32	5668837	8470012928.00
2025/09/03	1439.02	1451.52	1414.02	1428.57	4504503	6656011264.00
2025/09/04	1420.02	1427.32	1408.49	1420.68	4774676	7017084928.00
2025/09/05	1419.02	1434.99	1412.02	1431.02	3738848	5519312384.00
2025/09/08	1431.02	1454.46	1425.52	1449.25	5138298	7682065920.00
2025/09/09	1453.02	1457.97	1441.44	1453.02	3574277	5366649856.00
2025/09/10	1454.68	1477.97	1444.02	1470.03	4966331	7541459968.00
2025/09/11	1470.03	1474.04	1456.52	1471.52	3723896	5642778624.00
2025/09/12	1474.02	1486.04	1458.55	1464.02	3372209	5132185088.00
2025/09/15	1463.89	1465.50	1449.52	1463.12	2582703	3901929728.00
2025/09/16	1463.12	1469.01	1444.23	1448.00	3271789	4928374272.00
2025/09/17	1448.01	1458.30	1438.03	1441.02	3033054	4534770688.00
2025/09/18	1440.02	1445.82	1411.52	1415.98	4972125	7347477504.00
2025/09/19	1416.01	1423.52	1405.03	1415.99	3263662	4784528896.00
2025/09/22	1413.11	1415.99	1398.03	1401.37	3494708	5085057536.00
2025/09/23	1398.52	1405.52	1388.02	1395.44	3866300	5588384256.00
2025/09/24	1382.09	1404.80	1382.09	1390.02	3074350	4443053056.00
2025/09/25	1390.85	1393.23	1384.02	1387.02	3386973	4873274880.00
2025/09/26	1389.20	1395.13	1376.03	1383.02	4512071	6480889344.00
2025/09/29	1387.40	1418.01	1383.02	1408.88	5368403	7798434816.00
2025/09/30	1408.02	1408.78	1388.02	1392.01	3936362	5687474688.00
2025/10/09	1384.02	1387.40	1368.02	1384.80	5491812	7845448704.00
2025/10/10	1385.62	1387.96	1375.52	1378.02	3600144	5157459456.00
2025/10/13	1363.72	1370.87	1363.14	1367.22	4606880	6533147648.00
2025/10/14	1378.01	1412.02	1378.01	1399.04	6667233	9639484416.00
2025/10/15	1399.00	1411.02	1393.10	1410.02	4278540	6233407488.00
2025/10/16	1409.94	1432.97	1406.90	1432.93	4573015	6749163008.00
2025/10/17	1431.12	1436.02	1402.05	1403.02	3808589	5594724864.00
2025/10/20	1403.02	1417.52	1402.90	1405.95	2594988	3793283840.00
2025/10/21	1407.02	1417.96	1403.52	1410.28	2544267	3727984128.00
2025/10/22	1410.10	1413.75	1404.02	1406.72	1819492	2657486592.00
2025/10/23	1403.02	1416.82	1395.22	1416.00	2932235	4274652160.00
2025/10/24	1415.97	1426.90	1397.36	1398.02	3822583	5578603008.00
2025/10/27	1388.02	1400.51	1384.01	1388.43	3710239	5352667136.00
2025/10/28	1390.02	1399.22	1389.12	1393.02	2712433	3923817216.00
2025/10/29	1388.04	1394.57	1378.06	1379.92	3393711	4868780544.00
2025/10/30	1369.83	1384.65	1369.83	1374.76	4745610	6768821248.00
2025/10/31	1370.02	1384.00	1368.13	1378.03	3569377	5109623808.00
2025/11/03	1379.02	1396.02	1368.12	1383.02	3454766	4945310720.00
2025/11/04	1383.12	1383.80	1371.80	1377.02	2656572	3793892864.00
2025/11/05	1373.91	1379.01	1368.03	1368.10	3447527	4908475392.00
2025/11/06	1378.02	1389.47	1378.01	1383.15	3834782	5505960448.00
2025/11/07	1383.13	1387.80	1379.13	1381.35	1886139	2704995840.00
2025/11/10	1383.02	1411.71	1383.00	1410.32	4945154	7181246464.00
2025/11/11	1410.02	1410.20	1395.02	1407.01	2669156	3882776832.00
2025/11/12	1408.00	1426.38	1407.23	1413.17	3299210	4849073152.00
2025/11/13	1410.14	1421.60	1406.02	1418.40	3117923	4569178112.00
2025/11/14	1418.02	1426.97	1404.32	1404.62	2747306	4031007232.00
2025/11/17	1402.02	1421.02	1393.81	1419.02	3446221	5035780096.00
2025/11/18	1418.72	1434.09	1417.02	1424.02	3420478	5055675392.00
2025/11/19	1422.02	1427.55	1417.98	1419.03	2204537	3249449216.00
2025/11/20	1420.02	1427.92	1413.05	1415.13	2400232	3531653888.00
2025/11/21	1418.52	1428.02	1404.02	1414.62	4260720	6259873280.00
2025/11/24	1415.02	1419.02	1399.15	1400.02	3360744	4901903872.00
2025/11/25	1406.02	1406.02	1392.52	1392.67	2844069	4119930112.00
2025/11/26	1396.90	1401.51	1391.60	1397.17	2030616	2938818048.00
2025/11/27	1397.52	1398.02	1387.06	1395.32	2228689	3216797184.00
2025/11/28	1394.52	1403.52	1391.02	1398.52	2321121	3366696704.00
2025/12/01	1399.02	1410.29	1390.02	1396.02	2733342	3961995008.00
2025/12/02	1396.02	1399.94	1383.04	1384.05	2504726	3607543808.00
2025/12/03	1383.83	1383.99	1376.02	1377.12	2357279	3370080000.00
2025/12/04	1377.12	1380.52	1366.40	1372.00	2907539	4134921984.00
2025/12/05	1372.00	1381.11	1367.52	1378.03	2540166	3622681600.00
2025/12/08	1377.22	1384.69	1366.02	1366.24	3360280	4789155840.00
2025/12/09	1366.25	1369.02	1348.07	1349.03	4263443	5995722240.00
2025/12/10	1348.02	1350.82	1331.20	1350.82	3313347	4625906176.00
2025/12/11	1354.68	1360.01	1349.57	1360.01	2238501	3149974016.00
2025/12/12	1366.02	1373.02	1361.59	1368.67	3715919	5273563136.00
2025/12/15	1387.61	1388.01	1373.59	1374.02	3335879	4774362112.00
2025/12/16	1374.22	1376.80	1363.02	1370.02	2396367	3403139072.00
2025/12/17	1373.02	1387.96	1365.70	1381.12	3138249	4489482240.00
2025/12/18	1381.52	1386.90	1374.13	1379.02	1782995	2551177728.00
2025/12/19	1381.98	1384.43	1372.99	1381.98	2650868	3733028352.00
2025/12/22	1381.98	1386.12	1378.56	1380.24	2042565	2881636864.00
2025/12/23	1380.24	1384.91	1369.17	1379.84	2450681	3445377024.00
2025/12/24	1376.97	1378.34	1371.98	1372.88	2518669	3533253632.00
2025/12/25	1376.98	1391.46	1373.36	1386.15	2338621	3299572224.00
2025/12/26	1386.15	1391.12	1381.98	1386.11	1780299	2520605696.00
2025/12/29	1386.11	1386.11	1372.98	1373.98	2630810	3694660096.00
2025/12/30	1372.98	1373.88	1357.98	1361.70	3379194	4702489600.00
2025/12/31	1361.98	1365.98	1349.15	1349.16	3476563	4799456256.00
2026/01/05	1356.98	1403.86	1356.98	1397.98	7094942	10018085888.00
2026/01/06	1404.53	1408.95	1388.51	1399.99	3958618	5649710080.00
2026/01/07	1404.86	1406.98	1392.18	1395.34	2968380	4234255360.00
2026/01/08	1395.31	1395.34	1380.12	1384.28	2913454	4117925120.00
2026/01/09	1388.98	1400.58	1387.99	1391.08	2984774	4243865344.00
2026/01/12	1391.08	1402.98	1389.08	1395.21	3608266	5135635968.00
2026/01/13	1398.77	1401.50	1380.97	1382.98	3916866	5555633664.00
2026/01/14	1382.98	1394.23	1368.16	1369.99	5175797	7285041152.00
2026/01/15	1368.00	1374.81	1360.56	1360.87	4090714	5698739712.00
2026/01/16	1366.98	1369.48	1351.98	1353.98	5512068	7643061760.00
2026/01/19	1353.88	1359.47	1346.98	1347.98	4228640	5833745408.00
2026/01/20	1351.48	1353.56	1344.03	1345.53	3648443	5021900800.00
2026/01/21	1345.54	1346.38	1321.98	1323.04	6451625	8775880704.00
2026/01/22	1323.99	1333.74	1309.46	1312.04	5901089	7962441216.00
2026/01/23	1312.08	1319.98	1304.45	1308.98	6194890	8301311488.00
2026/01/26	1312.49	1326.98	1297.10	1313.98	8016606	10751225856.00
2026/01/27	1316.96	1325.68	1309.98	1314.99	4841596	6514513408.00
2026/01/28	1315.02	1318.69	1293.99	1295.67	7621801	10135019520.00
2026/01/29	1306.98	1416.98	1301.04	1409.70	18953440	26305591296.00
2026/01/30	1406.98	1406.98	1372.98	1372.98	9447974	13366329344.00
2026/02/02	1396.98	1430.56	1383.60	1398.98	8572427	12312646656.00
2026/02/03	1416.98	1448.79	1415.01	1446.90	8632066	12628440064.00
2026/02/04	1456.98	1505.25	1445.98	1496.98	10912293	16444346368.00
2026/02/05	1491.98	1536.98	1486.98	1526.98	9162274	14183456768.00
2026/02/06	1526.98	1539.98	1477.86	1486.99	7896538	12019878912.00
2026/02/09	1489.98	1514.86	1485.47	1496.94	5116846	7809067520.00
2026/02/10	1496.95	1496.95	1468.48	1476.78	3957596	5953269248.00
2026/02/11	1476.78	1485.98	1467.98	1476.31	3092846	4648359936.00
2026/02/12	1472.18	1474.80	1445.34	1458.58	4624582	6874370048.00
2026/02/13	1458.58	1479.78	1442.56	1457.28	4167901	6216379392.00
2026/02/24	1492.98	1496.38	1435.58	1438.78	4191253	6198840320.00
2026/02/25	1441.98	1481.64	1439.86	1463.64	3688067	5490316288.00
2026/02/26	1458.58	1461.47	1436.65	1438.19	3295801	4855471616.00
2026/02/27	1438.97	1448.19	1427.00	1427.00	3216016	4697692672.00
2026/03/02	1421.98	1428.98	1408.64	1412.09	3545386	5115063296.00
2026/03/03	1412.08	1424.85	1394.11	1398.17	4589086	6565381632.00
2026/03/04	1386.98	1394.98	1364.07	1373.16	4801443	6743267328.00
2026/03/05	1377.98	1384.94	1366.98	1371.02	3050524	4276226048.00
2026/03/06	1366.98	1379.48	1359.98	1373.98	2915415	4072328960.00
2026/03/09	1361.98	1376.88	1355.18	1368.98	3744162	5220095488.00
2026/03/10	1376.88	1381.47	1369.98	1373.86	2462592	3457808896.00
2026/03/11	1374.97	1377.97	1370.00	1371.98	2445673	3425363968.00
2026/03/12	1366.98	1375.93	1362.99	1363.98	2758646	3850521600.00
2026/03/13	1364.46	1389.60	1363.98	1385.62	3360783	4738808320.00
2026/03/16	1391.98	1437.98	1391.98	1432.16	6008635	8711525376.00
2026/03/17	1439.98	1470.05	1433.17	1456.98	4945361	7347310592.00
2026/03/18	1460.98	1468.48	1435.13	1440.78	3555100	5239992320.00
2026/03/19	1444.94	1444.98	1417.98	1424.85	3031859	4404953600.00
2026/03/20	1424.94	1434.48	1410.98	1416.98	2613234	3782818304.00
2026/03/23	1405.31	1406.98	1372.01	1380.05	4725589	6669708800.00
2026/03/24	1387.98	1389.57	1372.16	1379.31	2856179	4017694464.00
2026/03/25	1382.09	1389.85	1372.99	1382.25	2609346	3677905664.00
2026/03/26	1380.98	1385.88	1372.28	1373.16	2309289	3243387392.00
2026/03/27	1371.98	1397.98	1368.64	1388.00	3008711	4257499904.00
2026/03/30	1378.98	1402.98	1374.50	1391.98	2868459	4060685056.00
2026/03/31	1439.98	1451.91	1420.39	1421.98	6169066	9015486464.00
2026/04/01	1436.47	1441.97	1424.86	1431.42	2912514	4256185344.00
2026/04/02	1431.42	1436.86	1424.08	1431.86	2106437	3071809792.00
2026/04/03	1431.52	1441.94	1426.98	1431.98	2019373	2953992960.00
2026/04/07	1432.03	1441.98	1407.03	1412.00	2415218	3507471616.00
2026/04/08	1431.98	1441.06	1424.11	1437.00	3383610	4947936768.00
2026/04/09	1437.00	1437.00	1419.48	1432.47	2070476	3012278528.00
2026/04/10	1431.12	1431.69	1413.08	1425.94	2886556	4187181568.00
2026/04/13	1415.98	1418.48	1404.98	1415.29	2521364	3629675520.00
2026/04/14	1414.58	1420.58	1406.98	1418.88	2423261	3492544256.00
2026/04/15	1416.96	1442.77	1413.98	1439.48	3455348	5049317376.00
2026/04/16	1439.43	1449.39	1431.98	1434.82	2451284	3597294848.00
2026/04/17	1371.98	1392.98	1371.85	1379.22	9682499	13631929344.00
2026/04/20	1374.98	1385.92	1371.98	1382.87	3645139	5127145984.00
2026/04/21	1382.98	1391.88	1381.98	1383.99	2175427	3074595072.00
2026/04/22	1386.98	1390.98	1376.96	1381.48	2691593	3793827584.00
2026/04/23	1379.98	1391.68	1377.08	1390.98	3770109	5332831232.00
2026/04/24	1385.08	1430.86	1385.08	1430.47	5545531	8003410944.00
2026/04/27	1391.98	1391.98	1374.18	1375.18	7279774	10239763456.00
2026/04/28	1373.98	1381.37	1372.09	1376.98	3400442	4772513792.00
2026/04/29	1376.98	1381.73	1372.26	1373.15	3481313	4881691136.00
2026/04/30	1371.98	1373.15	1351.98	1356.77	5275267	7316111872.00
2026/05/06	1337.08	1350.98	1332.03	1346.98	4780604	6550750720.00
2026/05/07	1346.98	1359.98	1341.99	1343.03	4046147	5573286400.00
2026/05/08	1343.64	1354.75	1341.98	1344.97	3336853	4582856192.00
2026/05/11	1344.87	1344.87	1332.98	1333.31	5713510	7790721536.00
2026/05/12	1333.98	1335.56	1322.48	1326.53	5083743	6886304768.00
2026/05/13	1326.48	1330.58	1309.98	1316.07	5696787	7653257216.00
2026/05/14	1309.98	1341.04	1307.16	1314.15	5524434	7428592640.00
2026/05/15	1307.13	1311.26	1299.09	1304.93	5818365	7749366784.00
2026/05/18	1307.98	1314.66	1291.59	1294.98	4966097	6594983936.00
2026/05/19	1293.88	1301.97	1289.98	1296.28	4325464	5719170560.00
2026/05/20	1292.98	1304.97	1285.98	1286.98	4748733	6271273984.00
2026/05/21	1284.96	1295.50	1282.98	1282.98	3886838	5112740352.00
2026/05/22	1282.93	1283.89	1262.10	1262.18	4915714	6372389376.00
2026/05/25	1258.98	1276.77	1248.98	1257.86	4635276	5978725376.00
2026/05/26	1257.33	1261.87	1241.99	1245.36	4593162	5867830784.00
2026/05/27	1240.00	1290.98	1222.08	1274.98	8272791	10586574848.00
2026/05/28	1261.98	1275.98	1242.98	1247.96	4588998	5895475200.00
2026/05/29	1242.58	1300.98	1241.98	1297.98	7647805	10037388288.00
2026/06/01	1298.98	1298.98	1273.29	1281.58	4384460	5741133312.00
2026/06/02	1277.98	1298.34	1272.98	1279.20	3636185	4769963008.00
2026/06/03	1275.98	1275.98	1247.98	1253.89	5247652	6743202816.00
2026/06/04	1250.97	1260.97	1238.67	1239.98	3350617	4273269248.00
2026/06/05	1249.98	1254.98	1239.72	1244.84	3130397	3984001792.00
2026/06/08	1243.98	1249.98	1231.98	1234.96	3082836	3898027008.00
2026/06/09	1234.97	1234.98	1224.53	1227.98	2786012	3500590592.00
2026/06/10	1224.06	1253.98	1222.19	1247.86	3924414	4991686656.00
2026/06/11	1244.10	1254.86	1238.89	1250.98	2535198	3230008320.00
2026/06/12	1243.16	1266.98	1236.99	1263.89	5049478	6477910016.00
2026/06/15	1264.68	1264.68	1242.08	1243.08	4158556	5303655936.00
2026/06/16	1238.99	1239.86	1226.98	1227.65	3496974	4399957504.00
2026/06/17	1229.98	1231.75	1210.54	1211.98	4480330	5581256192.00
2026/06/18	1206.98	1210.85	1183.20	1186.98	5747173	7016713728.00
2026/06/22	1186.29	1224.78	1176.98	1213.39	5825131	7163236352.00
2026/06/23	1210.98	1235.98	1188.98	1194.43	5800405	7179745792.00
2026/06/24	1194.63	1213.85	1179.49	1179.66	4533528	5516574208.00
2026/06/25	1178.98	1198.98	1171.98	1184.08	4844649	5860481536.00
2026/06/26	1199.00	1199.00	1168.10	1168.63	5006647	5922014208.00
2026/06/29	1169.00	1215.00	1151.01	1194.96	6687812	7949237760.00
2026/06/30	1187.00	1195.67	1176.00	1185.49	3960779	4684236288.00
2026/07/01	1180.10	1196.80	1166.33	1193.01	4247381	5033838080.00
2026/07/02	1193.01	1215.52	1190.51	1203.00	5087015	6122360832.00
2026/07/03	1205.24	1210.14	1185.00	1194.45	3426755	4099266304.00
2026/07/06	1186.00	1215.00	1180.00	1206.91	4097001	4913750528.00
2026/07/07	1200.00	1202.00	1188.11	1188.80	2736500	3264967680.00
2026/07/08	1188.77	1200.98	1177.00	1199.30	2577602	3071933440.00
2026/07/09	1191.00	1191.99	1178.00	1182.19	3409634	4035216896.00
2026/07/10	1182.20	1204.98	1170.28	1204.98	5221255	6223343616.00
2026/07/13	1197.12	1215.00	1190.19	1210.99	4198257	5056689664.00
2026/07/14	1208.99	1226.87	1205.00	1214.88	4352726	5294785024.00
2026/07/15	1203.66	1256.60	1198.66	1251.06	7194371	8922861568.00
2026/07/16	1252.00	1267.97	1245.05	1258.99	4761114	5987570688.00
2026/07/17	1269.01	1269.33	1238.98	1253.00	5841730	7322732544.00
2026/07/20	1270.00	1329.00	1266.00	1327.50	10615115	13898350592.00
2026/07/21	1338.98	1344.70	1296.87	1308.00	7714770	10174304256.00
2026/07/22	1300.00	1308.00	1283.24	1305.00	6518140	8431141888.00
2026/07/23	1299.80	1303.00	1285.43	1292.01	3391769	4392505344.00
2026/07/24	1305.00	1309.21	1286.20	1297.41	3569892	4622242816.00
2026/07/27	1308.00	1308.00	1279.58	1289.50	3199044	4129228544.00
2026/07/28	1299.00	1320.00	1289.52	1320.00	5313457	6960058368.00
2026/07/29	1333.83	1343.48	1312.06	1321.00	6232985	8282396672.00
2026/07/30	1323.00	1362.00	1322.00	1361.76	7187261	9712135168.00
2026/07/31	1330.03	1355.72	1325.77	1350.60	5512752	7373462528.00
2026/08/03	1350.60	1363.35	1346.00	1358.98	3614686	4898665472.00
2026/08/04	1350.06	1350.94	1328.36	1328.36	3745031	5004070400.00
2026/08/05	1328.36	1333.80	1303.50	1306.45	4268859	5600615424.00
2026/08/06	1310.00	1314.40	1300.01	1308.55	2546328	3326230784.00
2026/08/07	1308.66	1315.28	1301.00	1309.22	2497581	3266919424.00
2026/08/10	1325.00	1359.97	1318.08	1348.86	6268572	8428304384.00
2026/08/11	1348.00	1352.65	1338.00	1346.50	2707300	3640046336.00
2026/08/12	1346.50	1356.88	1332.51	1343.00	3505960	4717613056.00
2026/08/13	1338.00	1359.60	1337.00	1355.29	3235348	4376205312.00
2026/08/14	1355.00	1359.00	1338.14	1341.99	2985315	4024065536.00
2026/08/17	1295.00	1301.00	1280.34	1293.09	7842956	10114851840.00
2026/08/18	1291.00	1302.90	1285.17	1297.99	3872283	5007014912.00
2026/08/19	1300.00	1308.88	1290.50	1307.88	3754751	4876774912.00
2026/08/20	1299.80	1306.88	1291.00	1291.50	2533166	3280474112.00
2026/08/21	1291.50	1291.50	1272.01	1272.83	3347231	4278310912.00
2026/08/24	1271.01	1313.80	1270.33	1304.66	4843957	6299794432.00
2026/08/25	1311.89	1317.00	1301.11	1304.00	2111118	2757527040.00
2026/08/26	1300.00	1314.45	1295.00	1302.80	2173083	2838764032.00
2026/08/27	1304.00	1305.00	1288.00	1292.30	2476747	3203715584.00
2026/08/28	1289.00	1297.89	1288.00	1297.40	1612611	2086008448.00
2026/08/31	1297.99	1305.00	1286.00	1299.52	2324759	3003033600.00
2026/09/01	1295.00	1307.99	1286.10	1299.56	3266402	4242440960.00
2026/09/02	1302.80	1303.00	1291.20	1297.50	2030845	2634084352.00
#数据来源:通达信
